[000:000][259] (RTCLogging.mm:34): (RTCAudioSession.mm:888 -[RTCAudioSession observeValueForKeyPath:ofObject:change:context:]): OutputVolumeDidChange to 1.000000
[000:000][259] (RTCLogging.mm:34): (RTCAudioSession.mm:557 -[RTCAudioSession handleRouteChangeNotification:]): Audio route changed:
[000:000][259] (RTCLogging.mm:34): (RTCAudioSession.mm:582 -[RTCAudioSession handleRouteChangeNotification:]): Audio route changed: RouteConfigurationChange
[000:001][259] (RTCLogging.mm:34): (RTCAudioSession.mm:590 -[RTCAudioSession handleRouteChangeNotification:]): Previous route: <AVAudioSessionRouteDescription: 0x110f28d20, 
inputs = (
    "<AVAudioSessionPortDescription: 0x110f29df0, type = MicrophoneBuiltIn; name = Micr\U00f4 c\U1ee7a iPhone; UID = Built-In Microphone; selectedDataSource = D\U01b0\U1edbi c\U00f9ng>"
); 
outputs = (
    "<AVAudioSessionPortDescription: 0x110f2b7e0, type = Receiver; name = Thi\U1ebft b\U1ecb nh\U1eadn; UID = Built-In Receiver; selectedDataSource = (null)>"
)>
Current route:<AVAudioSessionRouteDescription: 0x1525100c0, 
inputs = (
    "<AVAudioSessionPortDescription: 0x1525102e0, type = MicrophoneBuiltIn; name = Micr\U00f4 c\U1ee7a iPhone; UID = Built-In Microphone; selectedDataSource = D\U01b0\U1edbi c\U00f9ng>"
); 
outputs = (
    "<AVAudioSessionPortDescription: 0x152510d70, type = Receiver; name = Thi\U1ebft b\U1ecb nh\U1eadn; UID = Built-In Receiver; selectedDataSource = (null)>"
)>
[000:127][259] (RTCLogging.mm:34): (RTCAudioSession.mm:856 -[RTCAudioSession audioSessionDidActivate:]): Audio session was externally activated.
[000:127][259] (RTCLogging.mm:34): (RTCAudioSession.mm:680 -[RTCAudioSession incrementActivationCount]): Incrementing activation count.
[000:280][259] (RTCLogging.mm:34): (RTCAudioSession.mm:631 -[RTCAudioSession handleApplicationDidBecomeActive:]): Application became active after an interruption. Treating as interruption end. isInterrupted changed from 0 to 0.
[000:298][23299] (RTCConfiguration.mm:304): Don't have configured cert.
[000:328][145683] (peer_connection_factory.cc:398): Using default network controller factory
[000:328][145683] (bitrate_prober.cc:54): Bandwidth probing enabled, set to inactive
[000:328][145683] (cpu_info.cc:77): Available number of cores: 6
[000:329][145683] (transport_sequence_number_feedback_generator.cc:52): Maximum interval between transport feedback RTCP messages: 250 ms
[000:329][145683] (aimd_rate_control.cc:114): Using aimd rate control with back off factor 0.9
[000:329][145683] (remote_bitrate_estimator_single_stream.cc:59): RemoteBitrateEstimatorSingleStream: Instantiating.
[000:331][158479] (peer_connection.cc:659): PeerConnection create with session: 4471686820713135695
[000:331][157711] (peer_connection.cc:2377): TCP candidates are disabled.
[000:331][157711] (peer_connection.cc:2407): InitializePortAllocator port_allocator: old=10, new=16714, maxIpv6: 5, candidateFilter: 6
[000:331][157711] (basic_port_allocator.cc:271): BasicPortAllocatorSession[50049a00] () component:0 u/p=JZZR/5PvpYBMbNwPhEImghC6dVweb
[000:331][157711] (basic_port_allocator.cc:375): Start getting ports with turn_port_prune_policy 0
[000:332][145683] (webrtc_voice_engine.cc:522): WebRtcVoiceEngine::Init
[000:332][145683] (audio_device_buffer.cc:75): AudioDeviceBuffer::ctor
[000:332][145683] (audio_device_ios.mm:126): AudioDeviceIOS::ctor<NSThread: 0x1527c0e00>{number = 34, name = (null)},bypass_voice_processing=0
[000:332][145683] (audio_device_ios.mm:144): AudioDeviceIOS::AttachAudioBuffer
[000:332][145683] (audio_device_ios.mm:151): AudioDeviceIOS::Init
[000:332][145683] (audio_device_ios.mm:741): AudioDeviceIOS::UpdateAudioDevicebuffer
[000:332][145683] (audio_device_buffer.cc:213): SetPlayoutSampleRate(48000)
[000:332][145683] (audio_device_buffer.cc:233): SetPlayoutChannels(1)
[000:332][145683] (audio_device_buffer.cc:207): SetRecordingSampleRate(48000)
[000:332][145683] (audio_device_buffer.cc:227): SetRecordingChannels(1)
[000:332][145683] (audio_device_ios.mm:1134): SetPlayoutDevice: Not implemented
[000:332][145683] (audio_device_ios.mm:1195): SetStereoPlayout: Not implemented
[000:332][145683] (audio_device_module_ios.mm:390): stereo playout is not supported
[000:332][145683] (adm_helpers.cc:57): Failed to set stereo playout mode.
[000:332][145683] (audio_device_ios.mm:1244): SetRecordingDevice: Not implemented
[000:332][145683] (adm_helpers.cc:77): Failed to set stereo recording mode.
[000:333][157711] (basic_port_allocator.cc:1011): 50049a00 OnNetworksChanged start
[000:333][157711] (basic_port_allocator.cc:711): Count of networks: 5
[000:333][157711] (basic_port_allocator.cc:713): Net[en0:192.168.25.x/24:Wifi:id=1]
[000:333][157711] (basic_port_allocator.cc:713): Net[pdp_ip0:2402:800:75d9:x:x:x:x:x/64:Cellular:id=5]
[000:333][157711] (basic_port_allocator.cc:713): Net[pdp_ip0:22.202.73.x/32:Cellular:id=4]
[000:333][157711] (basic_port_allocator.cc:713): Net[lo0:0:0:0:x:x:x:x:x/128:Loopback:id=3]
[000:333][157711] (basic_port_allocator.cc:713): Net[lo0:127.0.0.x/8:Loopback:id=2]
[000:333][157711] (basic_port_allocator.cc:125): Filtered out ignored networks:
[000:333][157711] (basic_port_allocator.cc:127): Net[lo0:0:0:0:x:x:x:x:x/128:Loopback:id=3]
[000:333][157711] (basic_port_allocator.cc:127): Net[lo0:127.0.0.x/8:Loopback:id=2]
[000:333][145683] (webrtc_voice_engine.cc:606): WebRtcVoiceEngine::ApplyOptions: AudioOptions {aec: 1, agc: 1, ns: 0, hf: 1, swap: 0, audio_jitter_buffer_max_packets: 200, audio_jitter_buffer_fast_accelerate: 0, audio_jitter_buffer_min_delay_ms: 0, }
[000:333][145683] (webrtc_voice_engine.cc:621): Always disable AEC on iOS. Use built-in instead.
[000:333][145683] (webrtc_voice_engine.cc:629): Always disable AGC on iOS. Use built-in instead.
[000:333][157711] (basic_port_allocator.cc:1030): 50049a00 OnNetworksChanged end with network_start: 0 ,allocation_started = 0, failed_networks = 0
[000:333][157711] (basic_port_allocator.cc:1045): 50049a00 Network manager has started
[000:333][157711] (basic_port_allocator.cc:669): 50049a00 OnAllocate allocation_epoch = 0 network_start: 1 ,allocation_started = 0
[000:333][157711] (basic_port_allocator.cc:711): Count of networks: 5
[000:333][157711] (basic_port_allocator.cc:713): Net[en0:192.168.25.x/24:Wifi:id=1]
[000:333][157711] (basic_port_allocator.cc:713): Net[pdp_ip0:2402:800:75d9:x:x:x:x:x/64:Cellular:id=5]
[000:333][157711] (basic_port_allocator.cc:713): Net[pdp_ip0:22.202.73.x/32:Cellular:id=4]
[000:333][157711] (basic_port_allocator.cc:713): Net[lo0:0:0:0:x:x:x:x:x/128:Loopback:id=3]
[000:333][157711] (basic_port_allocator.cc:713): Net[lo0:127.0.0.x/8:Loopback:id=2]
[000:333][157711] (basic_port_allocator.cc:125): Filtered out ignored networks:
[000:333][157711] (basic_port_allocator.cc:127): Net[lo0:0:0:0:x:x:x:x:x/128:Loopback:id=3]
[000:333][157711] (basic_port_allocator.cc:127): Net[lo0:127.0.0.x/8:Loopback:id=2]
[000:333][157711] (basic_port_allocator.cc:934): BasicPortAllocatorSession[50049a00] Allocate ports on en0 pdp_ip0 pdp_ip0  with allocation: 0, ports: 0, relay_count_success: 0, has_wifi: 1, max_total_probe_packet: 20, max_probe: 5
[000:333][157711] (basic_port_allocator.cc:1434): AllocationSequence[49377e20] khoi tao with network: Net[en0:192.168.25.x/24:Wifi:id=1] with max_probe: 5
[000:333][145683] (audio_processing_impl.cc:680): AudioProcessing::ApplyConfig: AudioProcessing::Config{ pipeline: { maximum_internal_processing_rate: 32000, multi_channel_render: 1, multi_channel_capture: 1 }, pre_amplifier: { enabled: 0, fixed_gain_factor: 1 },capture_level_adjustment: { enabled: 0, pre_gain_factor: 1, post_gain_factor: 1, analog_mic_gain_emulation: { enabled: 0, initial_level: 255 }}, high_pass_filter: { enabled: 1 }, echo_canceller: { enabled: 0, enforce_high_pass_filtering: 1 }, noise_suppression: { enabled: 0, level: High }, transient_suppression: { enabled: 0 }, gain_controller1: { enabled: 0, mode: FixedDigital, target_level_dbfs: 3, compression_gain_db: 9, enable_limiter: 1, analog_gain_controller { enabled: 1, startup_min_volume: 0, clipped_level_min: 70, enable_digital_adaptive: 1, clipped_level_step: 15, clipped_ratio_threshold: 0.1, clipped_wait_frames: 300, clipping_predictor:  { enabled: 0, mode: 0, window_length: 5, reference_window_length: 5, reference_window_delay: 5, clipping_threshold: -1, crest_factor_margin: 3, use_predicted_step: 1 }}}, gain_controller2: { enabled: 0, fixed_digital: { gain_db: 0 }, adaptive_digital: { enabled: 0, headroom_db: 5, max_gain_db: 50, initial_gain_db: 15, max_gain_change_db_per_second: 6, max_output_noise_level_dbfs: -50 }, input_volume_control : { enabled 0}}
[000:333][157711] (basic_port_allocator.cc:1434): AllocationSequence[49375260] khoi tao with network: Net[pdp_ip0:22.202.73.x/32:Cellular:id=4] with max_probe: 0
[000:333][157711] (basic_port_allocator.cc:1434): AllocationSequence[49377f00] khoi tao with network: Net[pdp_ip0:2402:800:75d9:x:x:x:x:x/64:Cellular:id=5] with max_probe: 0
[000:333][157711] (basic_port_allocator.cc:1576): AllocationSequence[49377e20]Net[en0:192.168.25.x/24:Wifi:id=1]: Allocation Phase=Udp
[000:333][157711] (port.cc:130): Port[3f87d500::1:0:host:Net[en0:192.168.25.x/24:Wifi:id=1]]: Port created with network cost 10
[000:333][157711] (basic_port_allocator.cc:1068): Adding Candidate allocated port for UDPPort(Port[3f87d500::1:0:host:Net[en0:192.168.25.x/24:Wifi:id=1]]) with name
[000:333][157711] (basic_port_allocator.cc:1093): UDPPort(Port[3f87d500::0:0:host:Net[en0:192.168.25.x/24:Wifi:id=1]]): Added port to allocator
[000:333][157711] (basic_port_allocator.cc:1110): UDPPort(Port[3f87d500::0:0:host:Net[en0:192.168.25.x/24:Wifi:id=1]]): Gathered candidate: Cand[:2466121316:0:udp:2122260224:192.168.25.x:54920:host::0:JZZR:5PvpYBMbNwPhEImghC6dVweb:1:10:0]
[000:333][157711] (basic_port_allocator.cc:1143): UDPPort(Port[3f87d500::0:0:host:Net[en0:192.168.25.x/24:Wifi:id=1]]): Port ready.
[000:333][157711] (basic_port_allocator.cc:1152): OnCandidateReady: UDPPort(Port[3f87d500::0:0:host:Net[en0:192.168.25.x/24:Wifi:id=1]]): s:1 with candidates:1
[000:333][157711] (basic_port_allocator.cc:1259): UDPPort(Port[3f87d500::0:0:host:Net[en0:192.168.25.x/24:Wifi:id=1]]): Port completed gathering candidates.
[000:334][157711] (basic_port_allocator.cc:1576): AllocationSequence[49375260]Net[pdp_ip0:22.202.73.x/32:Cellular:id=4]: Allocation Phase=Udp
[000:334][157711] (port.cc:130): Port[50301180::1:0:host:Net[pdp_ip0:22.202.73.x/32:Cellular:id=4]]: Port created with network cost 900
[000:334][157711] (basic_port_allocator.cc:1068): Adding Candidate allocated port for UDPPort(Port[50301180::1:0:host:Net[pdp_ip0:22.202.73.x/32:Cellular:id=4]]) with name
[000:334][157711] (basic_port_allocator.cc:1093): UDPPort(Port[50301180::0:0:host:Net[pdp_ip0:22.202.73.x/32:Cellular:id=4]]): Added port to allocator
[000:334][157711] (basic_port_allocator.cc:1110): UDPPort(Port[50301180::0:0:host:Net[pdp_ip0:22.202.73.x/32:Cellular:id=4]]): Gathered candidate: Cand[:3387316103:0:udp:2122129152:22.202.73.x:56133:host::0:JZZR:5PvpYBMbNwPhEImghC6dVweb:4:900:0]
[000:334][157711] (basic_port_allocator.cc:1143): UDPPort(Port[50301180::0:0:host:Net[pdp_ip0:22.202.73.x/32:Cellular:id=4]]): Port ready.
[000:334][157711] (basic_port_allocator.cc:1152): OnCandidateReady: UDPPort(Port[50301180::0:0:host:Net[pdp_ip0:22.202.73.x/32:Cellular:id=4]]): s:1 with candidates:1
[000:334][157711] (basic_port_allocator.cc:1259): UDPPort(Port[50301180::0:0:host:Net[pdp_ip0:22.202.73.x/32:Cellular:id=4]]): Port completed gathering candidates.
[000:334][157711] (basic_port_allocator.cc:1576): AllocationSequence[49377f00]Net[pdp_ip0:2402:800:75d9:x:x:x:x:x/64:Cellular:id=5]: Allocation Phase=Udp
[000:334][157711] (port.cc:130): Port[50301500::1:0:host:Net[pdp_ip0:2402:800:75d9:x:x:x:x:x/64:Cellular:id=5]]: Port created with network cost 900
[000:334][157711] (basic_port_allocator.cc:1068): Adding Candidate allocated port for UDPPort(Port[50301500::1:0:host:Net[pdp_ip0:2402:800:75d9:x:x:x:x:x/64:Cellular:id=5]]) with name
[000:334][157711] (basic_port_allocator.cc:1093): UDPPort(Port[50301500::0:0:host:Net[pdp_ip0:2402:800:75d9:x:x:x:x:x/64:Cellular:id=5]]): Added port to allocator
[000:334][157711] (basic_port_allocator.cc:1110): UDPPort(Port[50301500::0:0:host:Net[pdp_ip0:2402:800:75d9:x:x:x:x:x/64:Cellular:id=5]]): Gathered candidate: Cand[:40563719:0:udp:2122197248:[2402:800:75d9:x:x:x:x:x]:61098:host::0:JZZR:5PvpYBMbNwPhEImghC6dVweb:5:900:0]
[000:334][157711] (basic_port_allocator.cc:1143): UDPPort(Port[50301500::0:0:host:Net[pdp_ip0:2402:800:75d9:x:x:x:x:x/64:Cellular:id=5]]): Port ready.
[000:334][157711] (basic_port_allocator.cc:1152): OnCandidateReady: UDPPort(Port[50301500::0:0:host:Net[pdp_ip0:2402:800:75d9:x:x:x:x:x/64:Cellular:id=5]]): s:1 with candidates:1
[000:334][157711] (basic_port_allocator.cc:1259): UDPPort(Port[50301500::0:0:host:Net[pdp_ip0:2402:800:75d9:x:x:x:x:x/64:Cellular:id=5]]): Port completed gathering candidates.
[000:335][158479] (sdp_offer_answer.cc:1546): SdpOfferAnswerHandler::Initialize.
[000:335][157711] (openssl_key_pair.cc:36): Making key pair
[000:336][157711] (openssl_key_pair.cc:89): Returning key pair
[000:336][157711] (boringssl_certificate.cc:186): Making certificate for WebRTC
[000:336][157711] (boringssl_certificate.cc:242): Returning certificate
[000:337][23299] (sctp_data_channel.cc:387): DataChannelObserver - adapter needed
[000:338][158479] (rtp_transmission_manager.cc:242): Adding audio transceiver in response to a call to AddTrack.
[000:338][145683] (webrtc_voice_engine.cc:1304): Setting voice channel options: AudioOptions {audio_jitter_buffer_max_packets: 200, audio_jitter_buffer_fast_accelerate: 0, audio_jitter_buffer_min_delay_ms: 0, }
[000:338][145683] (webrtc_voice_engine.cc:606): WebRtcVoiceEngine::ApplyOptions: AudioOptions {audio_jitter_buffer_max_packets: 200, audio_jitter_buffer_fast_accelerate: 0, audio_jitter_buffer_min_delay_ms: 0, }
[000:338][145683] (webrtc_voice_engine.cc:621): Always disable AEC on iOS. Use built-in instead.
[000:338][145683] (webrtc_voice_engine.cc:629): Always disable AGC on iOS. Use built-in instead.
[000:338][145683] (audio_processing_impl.cc:680): AudioProcessing::ApplyConfig: AudioProcessing::Config{ pipeline: { maximum_internal_processing_rate: 32000, multi_channel_render: 1, multi_channel_capture: 1 }, pre_amplifier: { enabled: 0, fixed_gain_factor: 1 },capture_level_adjustment: { enabled: 0, pre_gain_factor: 1, post_gain_factor: 1, analog_mic_gain_emulation: { enabled: 0, initial_level: 255 }}, high_pass_filter: { enabled: 1 }, echo_canceller: { enabled: 0, enforce_high_pass_filtering: 1 }, noise_suppression: { enabled: 0, level: High }, transient_suppression: { enabled: 0 }, gain_controller1: { enabled: 0, mode: FixedDigital, target_level_dbfs: 3, compression_gain_db: 9, enable_limiter: 1, analog_gain_controller { enabled: 1, startup_min_volume: 0, clipped_level_min: 70, enable_digital_adaptive: 1, clipped_level_step: 15, clipped_ratio_threshold: 0.1, clipped_wait_frames: 300, clipping_predictor:  { enabled: 0, mode: 0, window_length: 5, reference_window_length: 5, reference_window_delay: 5, clipping_threshold: -1, crest_factor_margin: 3, use_predicted_step: 1 }}}, gain_controller2: { enabled: 0, fixed_digital: { gain_db: 0 }, adaptive_digital: { enabled: 0, headroom_db: 5, max_gain_db: 50, initial_gain_db: 15, max_gain_change_db_per_second: 6, max_output_noise_level_dbfs: -50 }, input_volume_control : { enabled 0}}
[000:338][145683] (webrtc_voice_engine.cc:1318): Set voice send channel options. Current options: AudioOptions {audio_jitter_buffer_max_packets: 200, audio_jitter_buffer_fast_accelerate: 0, audio_jitter_buffer_min_delay_ms: 0, }
[000:338][145683] (webrtc_voice_engine.cc:2264): Setting voice channel options: AudioOptions {audio_jitter_buffer_max_packets: 200, audio_jitter_buffer_fast_accelerate: 0, audio_jitter_buffer_min_delay_ms: 0, }
[000:338][145683] (webrtc_voice_engine.cc:606): WebRtcVoiceEngine::ApplyOptions: AudioOptions {audio_jitter_buffer_max_packets: 200, audio_jitter_buffer_fast_accelerate: 0, audio_jitter_buffer_min_delay_ms: 0, }
[000:339][145683] (webrtc_voice_engine.cc:621): Always disable AEC on iOS. Use built-in instead.
[000:339][145683] (webrtc_voice_engine.cc:629): Always disable AGC on iOS. Use built-in instead.
[000:339][145683] (audio_processing_impl.cc:680): AudioProcessing::ApplyConfig: AudioProcessing::Config{ pipeline: { maximum_internal_processing_rate: 32000, multi_channel_render: 1, multi_channel_capture: 1 }, pre_amplifier: { enabled: 0, fixed_gain_factor: 1 },capture_level_adjustment: { enabled: 0, pre_gain_factor: 1, post_gain_factor: 1, analog_mic_gain_emulation: { enabled: 0, initial_level: 255 }}, high_pass_filter: { enabled: 1 }, echo_canceller: { enabled: 0, enforce_high_pass_filtering: 1 }, noise_suppression: { enabled: 0, level: High }, transient_suppression: { enabled: 0 }, gain_controller1: { enabled: 0, mode: FixedDigital, target_level_dbfs: 3, compression_gain_db: 9, enable_limiter: 1, analog_gain_controller { enabled: 1, startup_min_volume: 0, clipped_level_min: 70, enable_digital_adaptive: 1, clipped_level_step: 15, clipped_ratio_threshold: 0.1, clipped_wait_frames: 300, clipping_predictor:  { enabled: 0, mode: 0, window_length: 5, reference_window_length: 5, reference_window_delay: 5, clipping_threshold: -1, crest_factor_margin: 3, use_predicted_step: 1 }}}, gain_controller2: { enabled: 0, fixed_digital: { gain_db: 0 }, adaptive_digital: { enabled: 0, headroom_db: 5, max_gain_db: 50, initial_gain_db: 15, max_gain_change_db_per_second: 6, max_output_noise_level_dbfs: -50 }, input_volume_control : { enabled 0}}
[000:339][145683] (webrtc_voice_engine.cc:2294): Set voice receive channel options. Current options: AudioOptions {audio_jitter_buffer_max_packets: 200, audio_jitter_buffer_fast_accelerate: 0, audio_jitter_buffer_min_delay_ms: 0, }
[000:340][23299] (RTCLogging.mm:34): (RTCDtmfSender.mm:78 -[RTCDtmfSender initWithNativeDtmfSender:]): RTC_OBJC_TYPE(RTCDtmfSender)(0x1525122d0): created DTMF sender: RTC_OBJC_TYPE(RTCDtmfSender) {
  remainingTones: 
  duration: 0.100000 sec
  interToneGap: 0.050000 sec
}
[000:340][23299] (RTCLogging.mm:34): (RTCRtpSender.mm:141 -[RTCRtpSender initWithFactory:nativeRtpSender:]): RTC_OBJC_TYPE(RTCRtpSender)(0x1490b3520): created sender: RTC_OBJC_TYPE(RTCRtpSender) {
  senderId: audio_U3VMPERDDSC
}
[000:340][23299] (RTCLogging.mm:34): (RTCDtmfSender.mm:78 -[RTCDtmfSender initWithNativeDtmfSender:]): RTC_OBJC_TYPE(RTCDtmfSender)(0x1525122d0): created DTMF sender: RTC_OBJC_TYPE(RTCDtmfSender) {
  remainingTones: 
  duration: 0.100000 sec
  interToneGap: 0.050000 sec
}
[000:340][23299] (RTCLogging.mm:34): (RTCRtpSender.mm:141 -[RTCRtpSender initWithFactory:nativeRtpSender:]): RTC_OBJC_TYPE(RTCRtpSender)(0x1490b2620): created sender: RTC_OBJC_TYPE(RTCRtpSender) {
  senderId: audio_U3VMPERDDSC
}
[000:340][23299] (RTCLogging.mm:34): (RTCRtpReceiver.mm:150 -[RTCRtpReceiver initWithFactory:nativeRtpReceiver:]): RTC_OBJC_TYPE(RTCRtpReceiver)(0x14efeb3c0): created receiver: RTC_OBJC_TYPE(RTCRtpReceiver) {
  receiverId: 43e45ae7-aa0b-4267-aa00-9fd72310a061
}
[000:340][23299] (RTCLogging.mm:34): (RTCRtpTransceiver.mm:257 -[RTCRtpTransceiver initWithFactory:nativeRtpTransceiver:]): RTC_OBJC_TYPE(RTCRtpTransceiver)(0x14efe92c0): created transceiver: RTC_OBJC_TYPE(RTCRtpTransceiver) {
  sender: RTC_OBJC_TYPE(RTCRtpSender) {
  senderId: audio_U3VMPERDDSC
}
  receiver: RTC_OBJC_TYPE(RTCRtpReceiver) {
  receiverId: 43e45ae7-aa0b-4267-aa00-9fd72310a061
}
}
[000:341][23299] (RTCLogging.mm:34): (RTCDtmfSender.mm:78 -[RTCDtmfSender initWithNativeDtmfSender:]): RTC_OBJC_TYPE(RTCDtmfSender)(0x152512330): created DTMF sender: RTC_OBJC_TYPE(RTCDtmfSender) {
  remainingTones: 
  duration: 0.100000 sec
  interToneGap: 0.050000 sec
}
[000:341][23299] (RTCLogging.mm:34): (RTCRtpSender.mm:141 -[RTCRtpSender initWithFactory:nativeRtpSender:]): RTC_OBJC_TYPE(RTCRtpSender)(0x148fb90c0): created sender: RTC_OBJC_TYPE(RTCRtpSender) {
  senderId: audio_U3VMPERDDSC
}
[000:341][23299] (RTCLogging.mm:34): (RTCRtpReceiver.mm:150 -[RTCRtpReceiver initWithFactory:nativeRtpReceiver:]): RTC_OBJC_TYPE(RTCRtpReceiver)(0x14efeb8d0): created receiver: RTC_OBJC_TYPE(RTCRtpReceiver) {
  receiverId: 43e45ae7-aa0b-4267-aa00-9fd72310a061
}
[000:341][23299] (RTCLogging.mm:34): (RTCRtpTransceiver.mm:257 -[RTCRtpTransceiver initWithFactory:nativeRtpTransceiver:]): RTC_OBJC_TYPE(RTCRtpTransceiver)(0x14efe94a0): created transceiver: RTC_OBJC_TYPE(RTCRtpTransceiver) {
  sender: RTC_OBJC_TYPE(RTCRtpSender) {
  senderId: audio_U3VMPERDDSC
}
  receiver: RTC_OBJC_TYPE(RTCRtpReceiver) {
  receiverId: 43e45ae7-aa0b-4267-aa00-9fd72310a061
}
}
[000:341][158479] (sdp_offer_answer.cc:1687): SdpOfferAnswerHandler::CreateOffer.
[000:342][158479] (sdp_payload_type_suggester.cc:63): SuggestPayloadType: FAILED to find remote mapping for [111:audio/opus/48000/2;minptime=10;useinbandfec=1]
[000:342][158479] (sdp_payload_type_suggester.cc:63): SuggestPayloadType: FAILED to find remote mapping for [9:audio/G722/8000/1]
[000:342][158479] (sdp_payload_type_suggester.cc:63): SuggestPayloadType: FAILED to find remote mapping for [0:audio/PCMU/8000/1]
[000:342][158479] (sdp_payload_type_suggester.cc:63): SuggestPayloadType: FAILED to find remote mapping for [8:audio/PCMA/8000/1]
[000:342][158479] (sdp_payload_type_suggester.cc:63): SuggestPayloadType: FAILED to find remote mapping for [13:audio/CN/8000/1]
[000:342][158479] (sdp_payload_type_suggester.cc:63): SuggestPayloadType: FAILED to find remote mapping for [110:audio/telephone-event/48000/1]
[000:342][158479] (sdp_payload_type_suggester.cc:63): SuggestPayloadType: FAILED to find remote mapping for [126:audio/telephone-event/8000/1]
[000:342][158479] (sdp_payload_type_suggester.cc:63): SuggestPayloadType: FAILED to find remote mapping for [63:audio/red/48000/2;=111/111]
[000:343][158479] (sdp_offer_answer.cc:2594): SdpOfferAnswerHandler::DoSetLocalDescription.
[000:343][158479] (sdp_offer_answer.cc:2630): SdpOfferAnswerHandler::check last.
[000:343][158479] (sdp_offer_answer.cc:2675): SdpOfferAnswerHandler::check codecs_mangled_to_raw.
[000:343][158479] (sdp_offer_answer.cc:2711): DoSetLocalDescription: offer
[000:343][157711] (jsep_transport_controller.cc:1096): MaybeCreateJsepTransport mid=0 begin create transport
[000:343][157711] (p2p_transport_channel.cc:787): Set WebRTC-IceFieldTrials:stop_gather_on_strongly_connected 0
[000:343][157711] (p2p_transport_channel.cc:799): Set skip_relay_to_non_relay_connections
[000:343][157711] (p2p_transport_channel.cc:555): Set continual_gathering_policy to 1
[000:343][157711] (p2p_transport_channel.cc:564): Set backup connection ping interval to 25 s milliseconds.
[000:343][157711] (p2p_transport_channel.cc:573): Set ICE receiving timeout to 2500 ms milliseconds
[000:343][157711] (p2p_transport_channel.cc:580): Set ping most likely connection to 0
[000:343][157711] (p2p_transport_channel.cc:587): Set stable_writable_connection_ping_interval to 2500 ms
[000:343][157711] (p2p_transport_channel.cc:600): Set presume writable when fully relayed to 0
[000:343][157711] (p2p_transport_channel.cc:618): Set regather_on_failed_networks_interval to 300 s
[000:343][157711] (p2p_transport_channel.cc:628): Set receiving_switching_delay to 1 s
[000:343][157711] (p2p_transport_channel.cc:642): Set strong ping interval to 480 ms
[000:343][157711] (p2p_transport_channel.cc:676): Set prune timeout to 10 s
[000:343][157711] (jsep_transport_controller.cc:587): Creating DtlsSrtpTransport.
[000:343][157711] (dtls_srtp_transport.cc:53): Setting RTP Transport on 0 transport 50303800
[000:343][157711] (srtp_transport.cc:255): The params in SRTP transport are reset.
[000:343][157711] (jsep_transport_controller.cc:1155): MaybeCreateJsepTransport mid=0 end transport
[000:343][157711] (p2p_transport_channel.cc:498): Set ICE ufrag: JZZR pwd: 5PvpYBMbNwPhEImghC6dVweb on transport 0
[000:344][145683] (webrtc_voice_engine.cc:1304): Setting voice channel options: AudioOptions {audio_jitter_buffer_max_packets: 200, audio_jitter_buffer_fast_accelerate: 0, audio_jitter_buffer_min_delay_ms: 0, }
[000:344][145683] (webrtc_voice_engine.cc:606): WebRtcVoiceEngine::ApplyOptions: AudioOptions {audio_jitter_buffer_max_packets: 200, audio_jitter_buffer_fast_accelerate: 0, audio_jitter_buffer_min_delay_ms: 0, }
[000:344][145683] (webrtc_voice_engine.cc:621): Always disable AEC on iOS. Use built-in instead.
[000:344][145683] (webrtc_voice_engine.cc:629): Always disable AGC on iOS. Use built-in instead.
[000:344][145683] (audio_processing_impl.cc:680): AudioProcessing::ApplyConfig: AudioProcessing::Config{ pipeline: { maximum_internal_processing_rate: 32000, multi_channel_render: 1, multi_channel_capture: 1 }, pre_amplifier: { enabled: 0, fixed_gain_factor: 1 },capture_level_adjustment: { enabled: 0, pre_gain_factor: 1, post_gain_factor: 1, analog_mic_gain_emulation: { enabled: 0, initial_level: 255 }}, high_pass_filter: { enabled: 1 }, echo_canceller: { enabled: 0, enforce_high_pass_filtering: 1 }, noise_suppression: { enabled: 0, level: High }, transient_suppression: { enabled: 0 }, gain_controller1: { enabled: 0, mode: FixedDigital, target_level_dbfs: 3, compression_gain_db: 9, enable_limiter: 1, analog_gain_controller { enabled: 1, startup_min_volume: 0, clipped_level_min: 70, enable_digital_adaptive: 1, clipped_level_step: 15, clipped_ratio_threshold: 0.1, clipped_wait_frames: 300, clipping_predictor:  { enabled: 0, mode: 0, window_length: 5, reference_window_length: 5, reference_window_delay: 5, clipping_threshold: -1, crest_factor_margin: 3, use_predicted_step: 1 }}}, gain_controller2: { enabled: 0, fixed_digital: { gain_db: 0 }, adaptive_digital: { enabled: 0, headroom_db: 5, max_gain_db: 50, initial_gain_db: 15, max_gain_change_db_per_second: 6, max_output_noise_level_dbfs: -50 }, input_volume_control : { enabled 0}}
[000:344][145683] (webrtc_voice_engine.cc:1318): Set voice send channel options. Current options: AudioOptions {audio_jitter_buffer_max_packets: 200, audio_jitter_buffer_fast_accelerate: 0, audio_jitter_buffer_min_delay_ms: 0, }
[000:344][145683] (webrtc_voice_engine.cc:2264): Setting voice channel options: AudioOptions {audio_jitter_buffer_max_packets: 200, audio_jitter_buffer_fast_accelerate: 0, audio_jitter_buffer_min_delay_ms: 0, }
[000:344][145683] (webrtc_voice_engine.cc:606): WebRtcVoiceEngine::ApplyOptions: AudioOptions {audio_jitter_buffer_max_packets: 200, audio_jitter_buffer_fast_accelerate: 0, audio_jitter_buffer_min_delay_ms: 0, }
[000:344][145683] (webrtc_voice_engine.cc:621): Always disable AEC on iOS. Use built-in instead.
[000:344][145683] (webrtc_voice_engine.cc:629): Always disable AGC on iOS. Use built-in instead.
[000:344][145683] (audio_processing_impl.cc:680): AudioProcessing::ApplyConfig: AudioProcessing::Config{ pipeline: { maximum_internal_processing_rate: 32000, multi_channel_render: 1, multi_channel_capture: 1 }, pre_amplifier: { enabled: 0, fixed_gain_factor: 1 },capture_level_adjustment: { enabled: 0, pre_gain_factor: 1, post_gain_factor: 1, analog_mic_gain_emulation: { enabled: 0, initial_level: 255 }}, high_pass_filter: { enabled: 1 }, echo_canceller: { enabled: 0, enforce_high_pass_filtering: 1 }, noise_suppression: { enabled: 0, level: High }, transient_suppression: { enabled: 0 }, gain_controller1: { enabled: 0, mode: FixedDigital, target_level_dbfs: 3, compression_gain_db: 9, enable_limiter: 1, analog_gain_controller { enabled: 1, startup_min_volume: 0, clipped_level_min: 70, enable_digital_adaptive: 1, clipped_level_step: 15, clipped_ratio_threshold: 0.1, clipped_wait_frames: 300, clipping_predictor:  { enabled: 0, mode: 0, window_length: 5, reference_window_length: 5, reference_window_delay: 5, clipping_threshold: -1, crest_factor_margin: 3, use_predicted_step: 1 }}}, gain_controller2: { enabled: 0, fixed_digital: { gain_db: 0 }, adaptive_digital: { enabled: 0, headroom_db: 5, max_gain_db: 50, initial_gain_db: 15, max_gain_change_db_per_second: 6, max_output_noise_level_dbfs: -50 }, input_volume_control : { enabled 0}}
[000:344][145683] (webrtc_voice_engine.cc:2294): Set voice receive channel options. Current options: AudioOptions {audio_jitter_buffer_max_packets: 200, audio_jitter_buffer_fast_accelerate: 0, audio_jitter_buffer_min_delay_ms: 0, }
[000:344][158479] (peer_connection.cc:2313): Creating data channel, mid=1
[000:344][145683] (pacing_controller.cc:114): PacedSender paused.
[000:344][158479] (sdp_offer_answer.cc:3285): SdpOfferAnswerHandler::UpdateSessionState with type: offer
[000:344][158479] (sdp_offer_answer.cc:3264): Session: 4471686820713135695 Old state: stable New state: have-local-offer
[000:344][158479] (sdp_offer_answer.cc:3310): SdpOfferAnswerHandler::UpdateSessionState ChangeSignalingState with source: 0
[000:344][158479] (sdp_offer_answer.cc:5242): SdpOfferAnswerHandler::PushdownMediaDescription
[000:344][158479] (sdp_offer_answer.cc:5257): SdpOfferAnswerHandler::UpdatePayloadTypeDemuxingState with rtp_transceivers:1
[000:344][158479] (sdp_offer_answer.cc:5295): SdpOfferAnswerHandler::UpdatePayloadTypeDemuxingState transceiver with source: 0
[000:344][145683] (webrtc_voice_engine.cc:2504): ResetUnsignaledRecvStream.
[000:344][158479] (sdp_offer_answer.cc:5308): SdpOfferAnswerHandler::UpdatePayloadTypeDemuxingState batcher.
[000:344][145683] (webrtc_voice_engine.cc:2200): WebRtcVoiceMediaChannel::SetReceiverParameters: {codecs: [AudioCodec[111:opus:48000:0:2], AudioCodec[63:red:48000:0:2], AudioCodec[9:G722:8000:0:1], AudioCodec[0:PCMU:8000:0:1], AudioCodec[8:PCMA:8000:0:1], AudioCodec[13:CN:8000:0:1], AudioCodec[110:telephone-event:48000:0:1], AudioCodec[126:telephone-event:8000:0:1]], extensions: [{uri: http://www.ietf.org/id/draft-holmer-rmcat-transport-wide-cc-extensions-01, id: 3}, {uri: http://www.webrtc.org/experiments/rtp-hdrext/abs-send-time, id: 2}, {uri: urn:ietf:params:rtp-hdrext:sdes:mid, id: 4}, {uri: urn:ietf:params:rtp-hdrext:ssrc-audio-level, id: 1}], rtcp: {reduced_size:1, remote_estimate:0}}
[000:344][145683] (webrtc_voice_engine.cc:1618): AddSendStream: {id:audio_U3VMPERDDSC;ssrcs:[3998793686];ssrc_groups:;cname:0geJYbdlJs7ENzjP;stream_ids:stream_U3VMPERDDSC;}
[000:344][145683] (audio_coding_module.cc:221): Created
[000:345][145683] (audio_send_stream.cc:171): AudioSendStream: 3998793686
[000:345][145683] (audio_send_stream.cc:233): AudioSendStream::ConfigureStream: {rtp: {ssrc: 3998793686, csrcs: [], extmap-allow-mixed: true, extensions: [], c_name: 0geJYbdlJs7ENzjP}, rtcp_report_interval_ms: 5000, send_transport: (Transport), min_bitrate_bps: -1, max_bitrate_bps: -1, has audio_network_adaptor_config: false, has_dscp: false, send_codec_spec: <unset>}
[000:345][145683] (channel.cc:751): Add send stream ssrc: 3998793686 into {mid: 0, media_type: audio}
[000:345][145683] (channel.cc:916): Changing voice state, recv=0 send=0 for {mid: 0, media_type: audio}
[000:345][158479] (sdp_offer_answer.cc:5378): SdpOfferAnswerHandler::UpdatePayloadTypeDemuxingState sctp
[000:345][158479] (sdp_offer_answer.cc:5408): SdpOfferAnswerHandler::UpdatePayloadTypeDemuxingState done
[000:345][145683] (webrtc_voice_engine.cc:1304): Setting voice channel options: AudioOptions {aec: 1, ns: 1, }
[000:345][145683] (webrtc_voice_engine.cc:606): WebRtcVoiceEngine::ApplyOptions: AudioOptions {aec: 1, ns: 1, audio_jitter_buffer_max_packets: 200, audio_jitter_buffer_fast_accelerate: 0, audio_jitter_buffer_min_delay_ms: 0, }
[000:345][145683] (webrtc_voice_engine.cc:621): Always disable AEC on iOS. Use built-in instead.
[000:345][145683] (webrtc_voice_engine.cc:629): Always disable AGC on iOS. Use built-in instead.
[000:345][145683] (audio_processing_impl.cc:680): AudioProcessing::ApplyConfig: AudioProcessing::Config{ pipeline: { maximum_internal_processing_rate: 32000, multi_channel_render: 1, multi_channel_capture: 1 }, pre_amplifier: { enabled: 0, fixed_gain_factor: 1 },capture_level_adjustment: { enabled: 0, pre_gain_factor: 1, post_gain_factor: 1, analog_mic_gain_emulation: { enabled: 0, initial_level: 255 }}, high_pass_filter: { enabled: 1 }, echo_canceller: { enabled: 0, enforce_high_pass_filtering: 1 }, noise_suppression: { enabled: 1, level: High }, transient_suppression: { enabled: 0 }, gain_controller1: { enabled: 0, mode: FixedDigital, target_level_dbfs: 3, compression_gain_db: 9, enable_limiter: 1, analog_gain_controller { enabled: 1, startup_min_volume: 0, clipped_level_min: 70, enable_digital_adaptive: 1, clipped_level_step: 15, clipped_ratio_threshold: 0.1, clipped_wait_frames: 300, clipping_predictor:  { enabled: 0, mode: 0, window_length: 5, reference_window_length: 5, reference_window_delay: 5, clipping_threshold: -1, crest_factor_margin: 3, use_predicted_step: 1 }}}, gain_controller2: { enabled: 0, fixed_digital: { gain_db: 0 }, adaptive_digital: { enabled: 0, headroom_db: 5, max_gain_db: 50, initial_gain_db: 15, max_gain_change_db_per_second: 6, max_output_noise_level_dbfs: -50 }, input_volume_control : { enabled 0}}
[000:345][145683] (webrtc_voice_engine.cc:1318): Set voice send channel options. Current options: AudioOptions {aec: 1, ns: 1, audio_jitter_buffer_max_packets: 200, audio_jitter_buffer_fast_accelerate: 0, audio_jitter_buffer_min_delay_ms: 0, }
[000:345][158479] (sdp_offer_answer.cc:2734): SdpOfferAnswerHandler::check ModifyVideoCodecs.
[000:345][158479] (sdp_offer_answer.cc:2739): SdpOfferAnswerHandler::check candidate_pool_size.
[000:345][158479] (sdp_offer_answer.cc:2766): OnSetLocalDescriptionComplete
[000:345][157711] (p2p_transport_channel.cc:883): P2PTransportChannel::MaybeStartGathering: JZZR with: allocator_sessions:0
[000:345][157711] (p2p_transport_channel.cc:947): P2PTransportChannel::OnPortReady: UDPPort(Port[50301180:0:1:0:host:Net[pdp_ip0:22.202.73.x/32:Cellular:id=4]]) remotes: 0
[000:345][157711] (wrapping_active_ice_controller.cc:223): Not switching selected connection due to: new candidate pairs created from a new local candidate
[000:345][157711] (p2p_transport_channel.cc:947): P2PTransportChannel::OnPortReady: UDPPort(Port[50301500:0:1:0:host:Net[pdp_ip0:2402:800:75d9:x:x:x:x:x/64:Cellular:id=5]]) remotes: 0
[000:345][157711] (wrapping_active_ice_controller.cc:223): Not switching selected connection due to: new candidate pairs created from a new local candidate
[000:345][158479] (sdp_offer_answer.cc:2791): SdpOfferAnswerHandler::done MaybeStartGathering.
[000:386][157711] (basic_port_allocator.cc:1576): AllocationSequence[49377e20]Net[en0:192.168.25.x/24:Wifi:id=1]: Allocation Phase=Relay
[000:386][157711] (port.cc:130): Port[2c98d900:0:1:0:relay:Net[en0:192.168.25.x/24:Wifi:id=1]]: Port created with network cost 10
[000:386][157711] (basic_port_allocator.cc:1068): Adding Candidate allocated port for TurnPort(Port[2c98d900:0:1:0:relay:Net[en0:192.168.25.x/24:Wifi:id=1]]-Remote[116.103.111.243:3478/udp] with name0
[000:386][157711] (basic_port_allocator.cc:1093): TurnPort(Port[2c98d900:0:1:0:relay:Net[en0:192.168.25.x/24:Wifi:id=1]]-Remote[116.103.111.243:3478/udp]: Added port to allocator
[000:386][157711] (turn_port.cc:552): TurnPort(Port[2c98d900:0:1:0:relay:Net[en0:192.168.25.x/24:Wifi:id=1]]-Remote[116.103.111.243:3478/udp]: Trying to connect to TURN server via udp @ 116.103.111.x:3478
[000:386][157711] (turn_port.cc:1666): TurnPort(Port[2c98d900:0:1:0:relay:Net[en0:192.168.25.x/24:Wifi:id=1]]-Remote[116.103.111.243:3478/udp]: TURN probe request sent, id=4d5754703769647944354c2f
[000:386][157711] (turn_port.cc:1666): TurnPort(Port[2c98d900:0:1:0:relay:Net[en0:192.168.25.x/24:Wifi:id=1]]-Remote[116.103.111.243:3478/udp]: TURN probe request sent, id=4a78304b6157343763486778
[000:386][157711] (turn_port.cc:1666): TurnPort(Port[2c98d900:0:1:0:relay:Net[en0:192.168.25.x/24:Wifi:id=1]]-Remote[116.103.111.243:3478/udp]: TURN probe request sent, id=594b417a68412b656c625268
[000:386][157711] (turn_port.cc:1666): TurnPort(Port[2c98d900:0:1:0:relay:Net[en0:192.168.25.x/24:Wifi:id=1]]-Remote[116.103.111.243:3478/udp]: TURN probe request sent, id=423346765077366579472b78
[000:386][157711] (turn_port.cc:1666): TurnPort(Port[2c98d900:0:1:0:relay:Net[en0:192.168.25.x/24:Wifi:id=1]]-Remote[116.103.111.243:3478/udp]: TURN probe request sent, id=476a754b4c397635474b5868
[000:386][157711] (port.cc:130): Port[2c98f700:0:1:0:relay:Net[en0:192.168.25.x/24:Wifi:id=1]]: Port created with network cost 10
[000:386][157711] (basic_port_allocator.cc:1068): Adding Candidate allocated port for TurnPort(Port[2c98f700:0:1:0:relay:Net[en0:192.168.25.x/24:Wifi:id=1]]-Remote[103.63.112.54:3478/udp] with name0
[000:386][157711] (basic_port_allocator.cc:1093): TurnPort(Port[2c98f700:0:1:0:relay:Net[en0:192.168.25.x/24:Wifi:id=1]]-Remote[103.63.112.54:3478/udp]: Added port to allocator
[000:386][157711] (turn_port.cc:552): TurnPort(Port[2c98f700:0:1:0:relay:Net[en0:192.168.25.x/24:Wifi:id=1]]-Remote[103.63.112.54:3478/udp]: Trying to connect to TURN server via udp @ 103.63.112.x:3478
[000:386][157711] (turn_port.cc:1666): TurnPort(Port[2c98f700:0:1:0:relay:Net[en0:192.168.25.x/24:Wifi:id=1]]-Remote[103.63.112.54:3478/udp]: TURN probe request sent, id=36492b46474a396f41714176
[000:386][157711] (turn_port.cc:1666): TurnPort(Port[2c98f700:0:1:0:relay:Net[en0:192.168.25.x/24:Wifi:id=1]]-Remote[103.63.112.54:3478/udp]: TURN probe request sent, id=78636b6f5457677852775046
[000:386][157711] (turn_port.cc:1666): TurnPort(Port[2c98f700:0:1:0:relay:Net[en0:192.168.25.x/24:Wifi:id=1]]-Remote[103.63.112.54:3478/udp]: TURN probe request sent, id=4272306c4a64576d5362732f
[000:386][157711] (turn_port.cc:1666): TurnPort(Port[2c98f700:0:1:0:relay:Net[en0:192.168.25.x/24:Wifi:id=1]]-Remote[103.63.112.54:3478/udp]: TURN probe request sent, id=4e50632b354e50323736716d
[000:386][157711] (turn_port.cc:1666): TurnPort(Port[2c98f700:0:1:0:relay:Net[en0:192.168.25.x/24:Wifi:id=1]]-Remote[103.63.112.54:3478/udp]: TURN probe request sent, id=4d3368687145396a56497a46
[000:386][157711] (port.cc:130): Port[4ecccf00:0:1:0:relay:Net[en0:192.168.25.x/24:Wifi:id=1]]: Port created with network cost 10
[000:386][157711] (basic_port_allocator.cc:1068): Adding Candidate allocated port for TurnPort(Port[4ecccf00:0:1:0:relay:Net[en0:192.168.25.x/24:Wifi:id=1]]-Remote[171.226.10.227:3478/udp] with name0
[000:386][157711] (basic_port_allocator.cc:1093): TurnPort(Port[4ecccf00:0:1:0:relay:Net[en0:192.168.25.x/24:Wifi:id=1]]-Remote[171.226.10.227:3478/udp]: Added port to allocator
[000:386][157711] (turn_port.cc:552): TurnPort(Port[4ecccf00:0:1:0:relay:Net[en0:192.168.25.x/24:Wifi:id=1]]-Remote[171.226.10.227:3478/udp]: Trying to connect to TURN server via udp @ 171.226.10.x:3478
[000:386][157711] (turn_port.cc:1666): TurnPort(Port[4ecccf00:0:1:0:relay:Net[en0:192.168.25.x/24:Wifi:id=1]]-Remote[171.226.10.227:3478/udp]: TURN probe request sent, id=76324e37725354626e495733
[000:386][157711] (turn_port.cc:1666): TurnPort(Port[4ecccf00:0:1:0:relay:Net[en0:192.168.25.x/24:Wifi:id=1]]-Remote[171.226.10.227:3478/udp]: TURN probe request sent, id=5934724f58632b576c576d4f
[000:386][157711] (turn_port.cc:1666): TurnPort(Port[4ecccf00:0:1:0:relay:Net[en0:192.168.25.x/24:Wifi:id=1]]-Remote[171.226.10.227:3478/udp]: TURN probe request sent, id=787731664b366d4270396b68
[000:386][157711] (turn_port.cc:1666): TurnPort(Port[4ecccf00:0:1:0:relay:Net[en0:192.168.25.x/24:Wifi:id=1]]-Remote[171.226.10.227:3478/udp]: TURN probe request sent, id=534e304359444b41582f3563
[000:386][157711] (turn_port.cc:1666): TurnPort(Port[4ecccf00:0:1:0:relay:Net[en0:192.168.25.x/24:Wifi:id=1]]-Remote[171.226.10.227:3478/udp]: TURN probe request sent, id=2f443079376b463146746a34
[000:386][157711] (port.cc:130): Port[4939f700:0:1:0:relay:Net[en0:192.168.25.x/24:Wifi:id=1]]: Port created with network cost 10
[000:386][157711] (basic_port_allocator.cc:1068): Adding Candidate allocated port for TurnPort(Port[4939f700:0:1:0:relay:Net[en0:192.168.25.x/24:Wifi:id=1]]-Remote[58.186.3.44:3478/udp] with name0
[000:386][157711] (basic_port_allocator.cc:1093): TurnPort(Port[4939f700:0:1:0:relay:Net[en0:192.168.25.x/24:Wifi:id=1]]-Remote[58.186.3.44:3478/udp]: Added port to allocator
[000:386][157711] (turn_port.cc:552): TurnPort(Port[4939f700:0:1:0:relay:Net[en0:192.168.25.x/24:Wifi:id=1]]-Remote[58.186.3.44:3478/udp]: Trying to connect to TURN server via udp @ 58.186.3.x:3478
[000:386][157711] (turn_port.cc:1666): TurnPort(Port[4939f700:0:1:0:relay:Net[en0:192.168.25.x/24:Wifi:id=1]]-Remote[58.186.3.44:3478/udp]: TURN probe request sent, id=466353517255563855444344
[000:386][157711] (turn_port.cc:1666): TurnPort(Port[4939f700:0:1:0:relay:Net[en0:192.168.25.x/24:Wifi:id=1]]-Remote[58.186.3.44:3478/udp]: TURN probe request sent, id=61467a775230524d472f2f70
[000:386][157711] (turn_port.cc:1666): TurnPort(Port[4939f700:0:1:0:relay:Net[en0:192.168.25.x/24:Wifi:id=1]]-Remote[58.186.3.44:3478/udp]: TURN probe request sent, id=6f4e54474a49632b316d3967
[000:386][157711] (turn_port.cc:1666): TurnPort(Port[4939f700:0:1:0:relay:Net[en0:192.168.25.x/24:Wifi:id=1]]-Remote[58.186.3.44:3478/udp]: TURN probe request sent, id=4c3639787930575a564a4538
[000:386][157711] (turn_port.cc:1666): TurnPort(Port[4939f700:0:1:0:relay:Net[en0:192.168.25.x/24:Wifi:id=1]]-Remote[58.186.3.44:3478/udp]: TURN probe request sent, id=496f544c576649524c72386b
[000:386][157711] (basic_port_allocator.cc:1576): AllocationSequence[49375260]Net[pdp_ip0:22.202.73.x/32:Cellular:id=4]: Allocation Phase=Relay
[000:386][157711] (port.cc:130): Port[4939c000:0:1:0:relay:Net[pdp_ip0:22.202.73.x/32:Cellular:id=4]]: Port created with network cost 900
[000:386][157711] (basic_port_allocator.cc:1068): Adding Candidate allocated port for TurnPort(Port[4939c000:0:1:0:relay:Net[pdp_ip0:22.202.73.x/32:Cellular:id=4]]-Remote[116.103.111.243:3478/udp] with name0
[000:386][157711] (basic_port_allocator.cc:1093): TurnPort(Port[4939c000:0:1:0:relay:Net[pdp_ip0:22.202.73.x/32:Cellular:id=4]]-Remote[116.103.111.243:3478/udp]: Added port to allocator
[000:386][157711] (turn_port.cc:552): TurnPort(Port[4939c000:0:1:0:relay:Net[pdp_ip0:22.202.73.x/32:Cellular:id=4]]-Remote[116.103.111.243:3478/udp]: Trying to connect to TURN server via udp @ 116.103.111.x:3478
[000:386][157711] (turn_port.cc:1728): TurnPort(Port[4939c000:0:1:0:relay:Net[pdp_ip0:22.202.73.x/32:Cellular:id=4]]-Remote[116.103.111.243:3478/udp]: TURN allocate request sent, id=556b37737636664576625767
[000:386][157711] (port.cc:130): Port[3f887200:0:1:0:relay:Net[pdp_ip0:22.202.73.x/32:Cellular:id=4]]: Port created with network cost 900
[000:386][157711] (basic_port_allocator.cc:1068): Adding Candidate allocated port for TurnPort(Port[3f887200:0:1:0:relay:Net[pdp_ip0:22.202.73.x/32:Cellular:id=4]]-Remote[103.63.112.54:3478/udp] with name0
[000:386][157711] (basic_port_allocator.cc:1093): TurnPort(Port[3f887200:0:1:0:relay:Net[pdp_ip0:22.202.73.x/32:Cellular:id=4]]-Remote[103.63.112.54:3478/udp]: Added port to allocator
[000:386][157711] (turn_port.cc:552): TurnPort(Port[3f887200:0:1:0:relay:Net[pdp_ip0:22.202.73.x/32:Cellular:id=4]]-Remote[103.63.112.54:3478/udp]: Trying to connect to TURN server via udp @ 103.63.112.x:3478
[000:386][157711] (turn_port.cc:1728): TurnPort(Port[3f887200:0:1:0:relay:Net[pdp_ip0:22.202.73.x/32:Cellular:id=4]]-Remote[103.63.112.54:3478/udp]: TURN allocate request sent, id=546477446d76732f2b6a4163
[000:386][157711] (port.cc:130): Port[3f887700:0:1:0:relay:Net[pdp_ip0:22.202.73.x/32:Cellular:id=4]]: Port created with network cost 900
[000:386][157711] (basic_port_allocator.cc:1068): Adding Candidate allocated port for TurnPort(Port[3f887700:0:1:0:relay:Net[pdp_ip0:22.202.73.x/32:Cellular:id=4]]-Remote[171.226.10.227:3478/udp] with name0
[000:386][157711] (basic_port_allocator.cc:1093): TurnPort(Port[3f887700:0:1:0:relay:Net[pdp_ip0:22.202.73.x/32:Cellular:id=4]]-Remote[171.226.10.227:3478/udp]: Added port to allocator
[000:386][157711] (turn_port.cc:552): TurnPort(Port[3f887700:0:1:0:relay:Net[pdp_ip0:22.202.73.x/32:Cellular:id=4]]-Remote[171.226.10.227:3478/udp]: Trying to connect to TURN server via udp @ 171.226.10.x:3478
[000:386][157711] (turn_port.cc:1728): TurnPort(Port[3f887700:0:1:0:relay:Net[pdp_ip0:22.202.73.x/32:Cellular:id=4]]-Remote[171.226.10.227:3478/udp]: TURN allocate request sent, id=716b39383049323744426457
[000:386][157711] (port.cc:130): Port[3f886800:0:1:0:relay:Net[pdp_ip0:22.202.73.x/32:Cellular:id=4]]: Port created with network cost 900
[000:386][157711] (basic_port_allocator.cc:1068): Adding Candidate allocated port for TurnPort(Port[3f886800:0:1:0:relay:Net[pdp_ip0:22.202.73.x/32:Cellular:id=4]]-Remote[58.186.3.44:3478/udp] with name0
[000:386][157711] (basic_port_allocator.cc:1093): TurnPort(Port[3f886800:0:1:0:relay:Net[pdp_ip0:22.202.73.x/32:Cellular:id=4]]-Remote[58.186.3.44:3478/udp]: Added port to allocator
[000:386][157711] (turn_port.cc:552): TurnPort(Port[3f886800:0:1:0:relay:Net[pdp_ip0:22.202.73.x/32:Cellular:id=4]]-Remote[58.186.3.44:3478/udp]: Trying to connect to TURN server via udp @ 58.186.3.x:3478
[000:386][157711] (turn_port.cc:1728): TurnPort(Port[3f886800:0:1:0:relay:Net[pdp_ip0:22.202.73.x/32:Cellular:id=4]]-Remote[58.186.3.44:3478/udp]: TURN allocate request sent, id=4575685667632f7361795271
[000:386][157711] (basic_port_allocator.cc:1576): AllocationSequence[49377f00]Net[pdp_ip0:2402:800:75d9:x:x:x:x:x/64:Cellular:id=5]: Allocation Phase=Relay
[000:408][157711] (turn_port.cc:1728): TurnPort(Port[2c98d900:0:1:0:relay:Net[en0:192.168.25.x/24:Wifi:id=1]]-Remote[116.103.111.243:3478/udp]: TURN allocate request sent, id=38444d476774747958736d54
[000:408][157711] (turn_port.cc:1728): TurnPort(Port[2c98f700:0:1:0:relay:Net[en0:192.168.25.x/24:Wifi:id=1]]-Remote[103.63.112.54:3478/udp]: TURN allocate request sent, id=4839654e706b6f4430687a37
[000:408][157711] (turn_port.cc:1728): TurnPort(Port[4ecccf00:0:1:0:relay:Net[en0:192.168.25.x/24:Wifi:id=1]]-Remote[171.226.10.227:3478/udp]: TURN allocate request sent, id=44457049642b632f7a557a49
[000:408][157711] (turn_port.cc:1728): TurnPort(Port[4939f700:0:1:0:relay:Net[en0:192.168.25.x/24:Wifi:id=1]]-Remote[58.186.3.44:3478/udp]: TURN allocate request sent, id=6145476b7652502b36414841
[000:413][157711] (turn_port.cc:1796): TurnPort(Port[4939c000:0:1:0:relay:Net[pdp_ip0:22.202.73.x/32:Cellular:id=4]]-Remote[116.103.111.243:3478/udp]: Received TURN allocate error response, id=556b37737636664576625767, code=401, rtt=26343 us
[000:413][157711] (turn_port.cc:1728): TurnPort(Port[4939c000:0:1:0:relay:Net[pdp_ip0:22.202.73.x/32:Cellular:id=4]]-Remote[116.103.111.243:3478/udp]: TURN allocate request sent, id=6a453747696b4b654a32356d
[000:422][157711] (turn_port.cc:1796): TurnPort(Port[3f887700:0:1:0:relay:Net[pdp_ip0:22.202.73.x/32:Cellular:id=4]]-Remote[171.226.10.227:3478/udp]: Received TURN allocate error response, id=716b39383049323744426457, code=401, rtt=36125 us
[000:423][157711] (turn_port.cc:1728): TurnPort(Port[3f887700:0:1:0:relay:Net[pdp_ip0:22.202.73.x/32:Cellular:id=4]]-Remote[171.226.10.227:3478/udp]: TURN allocate request sent, id=466c534165744648462f2f2b
[000:423][157711] (turn_port.cc:1796): TurnPort(Port[3f886800:0:1:0:relay:Net[pdp_ip0:22.202.73.x/32:Cellular:id=4]]-Remote[58.186.3.44:3478/udp]: Received TURN allocate error response, id=4575685667632f7361795271, code=401, rtt=36253 us
[000:423][157711] (turn_port.cc:1728): TurnPort(Port[3f886800:0:1:0:relay:Net[pdp_ip0:22.202.73.x/32:Cellular:id=4]]-Remote[58.186.3.44:3478/udp]: TURN allocate request sent, id=61496b6f582b436d4c54576f
[000:431][157711] (turn_port.cc:1796): TurnPort(Port[3f887200:0:1:0:relay:Net[pdp_ip0:22.202.73.x/32:Cellular:id=4]]-Remote[103.63.112.54:3478/udp]: Received TURN allocate error response, id=546477446d76732f2b6a4163, code=401, rtt=44567 us
[000:431][157711] (turn_port.cc:1728): TurnPort(Port[3f887200:0:1:0:relay:Net[pdp_ip0:22.202.73.x/32:Cellular:id=4]]-Remote[103.63.112.54:3478/udp]: TURN allocate request sent, id=7a7566493949486f51664a7a
[000:436][157711] (basic_port_allocator.cc:1576): AllocationSequence[49377e20]Net[en0:192.168.25.x/24:Wifi:id=1]: Allocation Phase=Tcp
[000:436][157711] (basic_port_allocator.cc:1576): AllocationSequence[49375260]Net[pdp_ip0:22.202.73.x/32:Cellular:id=4]: Allocation Phase=Tcp
[000:436][157711] (basic_port_allocator.cc:1576): AllocationSequence[49377f00]Net[pdp_ip0:2402:800:75d9:x:x:x:x:x/64:Cellular:id=5]: Allocation Phase=Tcp
[000:442][157711] (turn_port.cc:1737): TurnPort(Port[4939c000:0:1:0:relay:Net[pdp_ip0:22.202.73.x/32:Cellular:id=4]]-Remote[116.103.111.243:3478/udp]: TURN allocate requested successfully, id=6a453747696b4b654a32356d, code=0, rtt=29814 us, time_initial=56212 us, time_handshake=56203 us
[000:443][157711] (turn_port.cc:1182): TurnPort(Port[4939c000:0:1:0:relay:Net[pdp_ip0:22.202.73.x/32:Cellular:id=4]]-Remote[116.103.111.243:3478/udp]: AddAddress 116.103.111.243:30206 proble=0, max/send/recv=(05/0), time_initial_ms=56, rttArgv=0, rtt=30, score=85, server_priority=4, priority=85
[000:443][157711] (basic_port_allocator.cc:1110): TurnPort(Port[4939c000:0:1:0:relay:Net[pdp_ip0:22.202.73.x/32:Cellular:id=4]]-Remote[116.103.111.243:3478/udp]: Gathered candidate: Cand[:205113494:1:udp:58545663:116.103.111.x:30206:relay:116.110.226.x:39871:JZZR:5PvpYBMbNwPhEImghC6dVweb:4:900:0]
[000:443][157711] (basic_port_allocator.cc:1143): TurnPort(Port[4939c000:0:1:0:relay:Net[pdp_ip0:22.202.73.x/32:Cellular:id=4]]-Remote[116.103.111.243:3478/udp]: Port ready.
[000:443][157711] (p2p_transport_channel.cc:947): P2PTransportChannel::OnPortReady: TurnPort(Port[4939c000:0:1:0:relay:Net[pdp_ip0:22.202.73.x/32:Cellular:id=4]]-Remote[116.103.111.243:3478/udp] remotes: 0
[000:443][157711] (wrapping_active_ice_controller.cc:223): Not switching selected connection due to: new candidate pairs created from a new local candidate
[000:443][157711] (basic_port_allocator.cc:1152): OnCandidateReady: TurnPort(Port[4939c000:0:1:0:relay:Net[pdp_ip0:22.202.73.x/32:Cellular:id=4]]-Remote[116.103.111.243:3478/udp]: s:1 with candidates:1
[000:443][157711] (basic_port_allocator.cc:1259): TurnPort(Port[4939c000:0:1:0:relay:Net[pdp_ip0:22.202.73.x/32:Cellular:id=4]]-Remote[116.103.111.243:3478/udp]: Port completed gathering candidates.
[000:443][157711] (turn_port.cc:1443): TurnPort(Port[4939c000:0:1:0:relay:Net[pdp_ip0:22.202.73.x/32:Cellular:id=4]]-Remote[116.103.111.243:3478/udp]: Scheduled refresh in 540000ms.
[000:453][157711] (turn_port.cc:1737): TurnPort(Port[3f887700:0:1:0:relay:Net[pdp_ip0:22.202.73.x/32:Cellular:id=4]]-Remote[171.226.10.227:3478/udp]: TURN allocate requested successfully, id=466c534165744648462f2f2b, code=0, rtt=30334 us, time_initial=66488 us, time_handshake=66479 us
[000:453][157711] (turn_port.cc:1182): TurnPort(Port[3f887700:0:1:0:relay:Net[pdp_ip0:22.202.73.x/32:Cellular:id=4]]-Remote[171.226.10.227:3478/udp]: AddAddress 171.226.10.227:45987 proble=0, max/send/recv=(05/0), time_initial_ms=66, rttArgv=0, rtt=30, score=85, server_priority=2, priority=85
[000:453][157711] (basic_port_allocator.cc:1110): TurnPort(Port[3f887700:0:1:0:relay:Net[pdp_ip0:22.202.73.x/32:Cellular:id=4]]-Remote[171.226.10.227:3478/udp]: Gathered candidate: Cand[:2848385491:1:udp:58545663:171.226.10.x:45987:relay:116.110.226.x:25450:JZZR:5PvpYBMbNwPhEImghC6dVweb:4:900:0]
[000:453][157711] (basic_port_allocator.cc:1143): TurnPort(Port[3f887700:0:1:0:relay:Net[pdp_ip0:22.202.73.x/32:Cellular:id=4]]-Remote[171.226.10.227:3478/udp]: Port ready.
[000:453][157711] (p2p_transport_channel.cc:947): P2PTransportChannel::OnPortReady: TurnPort(Port[3f887700:0:1:0:relay:Net[pdp_ip0:22.202.73.x/32:Cellular:id=4]]-Remote[171.226.10.227:3478/udp] remotes: 0
[000:453][157711] (wrapping_active_ice_controller.cc:223): Not switching selected connection due to: new candidate pairs created from a new local candidate
[000:453][157711] (basic_port_allocator.cc:1152): OnCandidateReady: TurnPort(Port[3f887700:0:1:0:relay:Net[pdp_ip0:22.202.73.x/32:Cellular:id=4]]-Remote[171.226.10.227:3478/udp]: s:1 with candidates:1
[000:453][157711] (basic_port_allocator.cc:1259): TurnPort(Port[3f887700:0:1:0:relay:Net[pdp_ip0:22.202.73.x/32:Cellular:id=4]]-Remote[171.226.10.227:3478/udp]: Port completed gathering candidates.
[000:453][157711] (turn_port.cc:1443): TurnPort(Port[3f887700:0:1:0:relay:Net[pdp_ip0:22.202.73.x/32:Cellular:id=4]]-Remote[171.226.10.227:3478/udp]: Scheduled refresh in 540000ms.
[000:463][157711] (turn_port.cc:1737): TurnPort(Port[3f886800:0:1:0:relay:Net[pdp_ip0:22.202.73.x/32:Cellular:id=4]]-Remote[58.186.3.44:3478/udp]: TURN allocate requested successfully, id=61496b6f582b436d4c54576f, code=0, rtt=40117 us, time_initial=76419 us, time_handshake=76397 us
[000:463][157711] (turn_port.cc:1778): TurnPort(Port[3f886800:0:1:0:relay:Net[pdp_ip0:22.202.73.x/32:Cellular:id=4]]-Remote[58.186.3.44:3478/udp]: Missing STUN_ATTR_TOKEN_ID attribute in allocate unauthorized response.
[000:463][157711] (turn_port.cc:1182): TurnPort(Port[3f886800:0:1:0:relay:Net[pdp_ip0:22.202.73.x/32:Cellular:id=4]]-Remote[58.186.3.44:3478/udp]: AddAddress 58.186.3.44:37612 proble=0, max/send/recv=(05/0), time_initial_ms=76, rttArgv=0, rtt=40, score=80, server_priority=1, priority=80
[000:463][157711] (basic_port_allocator.cc:1110): TurnPort(Port[3f886800:0:1:0:relay:Net[pdp_ip0:22.202.73.x/32:Cellular:id=4]]-Remote[58.186.3.44:3478/udp]: Gathered candidate: Cand[:2867032841:1:udp:58544383:58.186.3.x:37612:relay:116.110.226.x:26273:JZZR:5PvpYBMbNwPhEImghC6dVweb:4:900:0]
[000:464][157711] (basic_port_allocator.cc:1143): TurnPort(Port[3f886800:0:1:0:relay:Net[pdp_ip0:22.202.73.x/32:Cellular:id=4]]-Remote[58.186.3.44:3478/udp]: Port ready.
[000:464][157711] (p2p_transport_channel.cc:947): P2PTransportChannel::OnPortReady: TurnPort(Port[3f886800:0:1:0:relay:Net[pdp_ip0:22.202.73.x/32:Cellular:id=4]]-Remote[58.186.3.44:3478/udp] remotes: 0
[000:464][157711] (wrapping_active_ice_controller.cc:223): Not switching selected connection due to: new candidate pairs created from a new local candidate
[000:464][157711] (basic_port_allocator.cc:1152): OnCandidateReady: TurnPort(Port[3f886800:0:1:0:relay:Net[pdp_ip0:22.202.73.x/32:Cellular:id=4]]-Remote[58.186.3.44:3478/udp]: s:1 with candidates:1
[000:464][157711] (basic_port_allocator.cc:1259): TurnPort(Port[3f886800:0:1:0:relay:Net[pdp_ip0:22.202.73.x/32:Cellular:id=4]]-Remote[58.186.3.44:3478/udp]: Port completed gathering candidates.
[000:464][157711] (turn_port.cc:1443): TurnPort(Port[3f886800:0:1:0:relay:Net[pdp_ip0:22.202.73.x/32:Cellular:id=4]]-Remote[58.186.3.44:3478/udp]: Scheduled refresh in 540000ms.
[000:471][157711] (turn_port.cc:1737): TurnPort(Port[3f887200:0:1:0:relay:Net[pdp_ip0:22.202.73.x/32:Cellular:id=4]]-Remote[103.63.112.54:3478/udp]: TURN allocate requested successfully, id=7a7566493949486f51664a7a, code=0, rtt=40460 us, time_initial=85053 us, time_handshake=85043 us
[000:471][157711] (turn_port.cc:1182): TurnPort(Port[3f887200:0:1:0:relay:Net[pdp_ip0:22.202.73.x/32:Cellular:id=4]]-Remote[103.63.112.54:3478/udp]: AddAddress 103.63.112.54:61094 proble=0, max/send/recv=(05/0), time_initial_ms=85, rttArgv=0, rtt=40, score=80, server_priority=3, priority=80
[000:471][157711] (basic_port_allocator.cc:1110): TurnPort(Port[3f887200:0:1:0:relay:Net[pdp_ip0:22.202.73.x/32:Cellular:id=4]]-Remote[103.63.112.54:3478/udp]: Gathered candidate: Cand[:644225280:1:udp:58544383:103.63.112.x:61094:relay:116.110.226.x:15367:JZZR:5PvpYBMbNwPhEImghC6dVweb:4:900:0]
[000:471][157711] (basic_port_allocator.cc:1143): TurnPort(Port[3f887200:0:1:0:relay:Net[pdp_ip0:22.202.73.x/32:Cellular:id=4]]-Remote[103.63.112.54:3478/udp]: Port ready.
[000:471][157711] (p2p_transport_channel.cc:947): P2PTransportChannel::OnPortReady: TurnPort(Port[3f887200:0:1:0:relay:Net[pdp_ip0:22.202.73.x/32:Cellular:id=4]]-Remote[103.63.112.54:3478/udp] remotes: 0
[000:471][157711] (wrapping_active_ice_controller.cc:223): Not switching selected connection due to: new candidate pairs created from a new local candidate
[000:471][157711] (basic_port_allocator.cc:1152): OnCandidateReady: TurnPort(Port[3f887200:0:1:0:relay:Net[pdp_ip0:22.202.73.x/32:Cellular:id=4]]-Remote[103.63.112.54:3478/udp]: s:1 with candidates:1
[000:471][157711] (basic_port_allocator.cc:1259): TurnPort(Port[3f887200:0:1:0:relay:Net[pdp_ip0:22.202.73.x/32:Cellular:id=4]]-Remote[103.63.112.54:3478/udp]: Port completed gathering candidates.
[000:471][157711] (turn_port.cc:1443): TurnPort(Port[3f887200:0:1:0:relay:Net[pdp_ip0:22.202.73.x/32:Cellular:id=4]]-Remote[103.63.112.54:3478/udp]: Scheduled refresh in 540000ms.
[000:637][157711] (turn_port.cc:1695): TurnPort(Port[2c98d900:0:1:0:relay:Net[en0:192.168.25.x/24:Wifi:id=1]]-Remote[116.103.111.243:3478/udp]: TURN probe request 4d5754703769647944354c2f timeout
[000:637][157711] (turn_port.cc:1695): TurnPort(Port[2c98d900:0:1:0:relay:Net[en0:192.168.25.x/24:Wifi:id=1]]-Remote[116.103.111.243:3478/udp]: TURN probe request 4a78304b6157343763486778 timeout
[000:637][157711] (turn_port.cc:1695): TurnPort(Port[2c98d900:0:1:0:relay:Net[en0:192.168.25.x/24:Wifi:id=1]]-Remote[116.103.111.243:3478/udp]: TURN probe request 594b417a68412b656c625268 timeout
[000:637][157711] (turn_port.cc:1695): TurnPort(Port[2c98d900:0:1:0:relay:Net[en0:192.168.25.x/24:Wifi:id=1]]-Remote[116.103.111.243:3478/udp]: TURN probe request 423346765077366579472b78 timeout
[000:637][157711] (turn_port.cc:1695): TurnPort(Port[2c98d900:0:1:0:relay:Net[en0:192.168.25.x/24:Wifi:id=1]]-Remote[116.103.111.243:3478/udp]: TURN probe request 476a754b4c397635474b5868 timeout
[000:637][157711] (turn_port.cc:1695): TurnPort(Port[2c98f700:0:1:0:relay:Net[en0:192.168.25.x/24:Wifi:id=1]]-Remote[103.63.112.54:3478/udp]: TURN probe request 36492b46474a396f41714176 timeout
[000:637][157711] (turn_port.cc:1695): TurnPort(Port[2c98f700:0:1:0:relay:Net[en0:192.168.25.x/24:Wifi:id=1]]-Remote[103.63.112.54:3478/udp]: TURN probe request 78636b6f5457677852775046 timeout
[000:637][157711] (turn_port.cc:1695): TurnPort(Port[2c98f700:0:1:0:relay:Net[en0:192.168.25.x/24:Wifi:id=1]]-Remote[103.63.112.54:3478/udp]: TURN probe request 4272306c4a64576d5362732f timeout
[000:637][157711] (turn_port.cc:1695): TurnPort(Port[2c98f700:0:1:0:relay:Net[en0:192.168.25.x/24:Wifi:id=1]]-Remote[103.63.112.54:3478/udp]: TURN probe request 4e50632b354e50323736716d timeout
[000:637][157711] (turn_port.cc:1695): TurnPort(Port[2c98f700:0:1:0:relay:Net[en0:192.168.25.x/24:Wifi:id=1]]-Remote[103.63.112.54:3478/udp]: TURN probe request 4d3368687145396a56497a46 timeout
[000:637][157711] (turn_port.cc:1695): TurnPort(Port[4ecccf00:0:1:0:relay:Net[en0:192.168.25.x/24:Wifi:id=1]]-Remote[171.226.10.227:3478/udp]: TURN probe request 76324e37725354626e495733 timeout
[000:637][157711] (turn_port.cc:1695): TurnPort(Port[4ecccf00:0:1:0:relay:Net[en0:192.168.25.x/24:Wifi:id=1]]-Remote[171.226.10.227:3478/udp]: TURN probe request 5934724f58632b576c576d4f timeout
[000:637][157711] (turn_port.cc:1695): TurnPort(Port[4ecccf00:0:1:0:relay:Net[en0:192.168.25.x/24:Wifi:id=1]]-Remote[171.226.10.227:3478/udp]: TURN probe request 787731664b366d4270396b68 timeout
[000:637][157711] (turn_port.cc:1695): TurnPort(Port[4ecccf00:0:1:0:relay:Net[en0:192.168.25.x/24:Wifi:id=1]]-Remote[171.226.10.227:3478/udp]: TURN probe request 534e304359444b41582f3563 timeout
[000:637][157711] (turn_port.cc:1695): TurnPort(Port[4ecccf00:0:1:0:relay:Net[en0:192.168.25.x/24:Wifi:id=1]]-Remote[171.226.10.227:3478/udp]: TURN probe request 2f443079376b463146746a34 timeout
[000:637][157711] (turn_port.cc:1695): TurnPort(Port[4939f700:0:1:0:relay:Net[en0:192.168.25.x/24:Wifi:id=1]]-Remote[58.186.3.44:3478/udp]: TURN probe request 466353517255563855444344 timeout
[000:637][157711] (turn_port.cc:1695): TurnPort(Port[4939f700:0:1:0:relay:Net[en0:192.168.25.x/24:Wifi:id=1]]-Remote[58.186.3.44:3478/udp]: TURN probe request 61467a775230524d472f2f70 timeout
[000:637][157711] (turn_port.cc:1695): TurnPort(Port[4939f700:0:1:0:relay:Net[en0:192.168.25.x/24:Wifi:id=1]]-Remote[58.186.3.44:3478/udp]: TURN probe request 6f4e54474a49632b316d3967 timeout
[000:637][157711] (turn_port.cc:1695): TurnPort(Port[4939f700:0:1:0:relay:Net[en0:192.168.25.x/24:Wifi:id=1]]-Remote[58.186.3.44:3478/udp]: TURN probe request 4c3639787930575a564a4538 timeout
[000:637][157711] (turn_port.cc:1695): TurnPort(Port[4939f700:0:1:0:relay:Net[en0:192.168.25.x/24:Wifi:id=1]]-Remote[58.186.3.44:3478/udp]: TURN probe request 496f544c576649524c72386b timeout
[000:659][157711] (turn_port.cc:1728): TurnPort(Port[2c98d900:0:1:0:relay:Net[en0:192.168.25.x/24:Wifi:id=1]]-Remote[116.103.111.243:3478/udp]: TURN allocate request sent, id=38444d476774747958736d54
[000:659][157711] (turn_port.cc:1728): TurnPort(Port[2c98f700:0:1:0:relay:Net[en0:192.168.25.x/24:Wifi:id=1]]-Remote[103.63.112.54:3478/udp]: TURN allocate request sent, id=4839654e706b6f4430687a37
[000:659][157711] (turn_port.cc:1728): TurnPort(Port[4ecccf00:0:1:0:relay:Net[en0:192.168.25.x/24:Wifi:id=1]]-Remote[171.226.10.227:3478/udp]: TURN allocate request sent, id=44457049642b632f7a557a49
[000:659][157711] (turn_port.cc:1728): TurnPort(Port[4939f700:0:1:0:relay:Net[en0:192.168.25.x/24:Wifi:id=1]]-Remote[58.186.3.44:3478/udp]: TURN allocate request sent, id=6145476b7652502b36414841
[001:161][157711] (turn_port.cc:1728): TurnPort(Port[2c98d900:0:1:0:relay:Net[en0:192.168.25.x/24:Wifi:id=1]]-Remote[116.103.111.243:3478/udp]: TURN allocate request sent, id=38444d476774747958736d54
[001:161][157711] (turn_port.cc:1728): TurnPort(Port[2c98f700:0:1:0:relay:Net[en0:192.168.25.x/24:Wifi:id=1]]-Remote[103.63.112.54:3478/udp]: TURN allocate request sent, id=4839654e706b6f4430687a37
[001:161][157711] (turn_port.cc:1728): TurnPort(Port[4ecccf00:0:1:0:relay:Net[en0:192.168.25.x/24:Wifi:id=1]]-Remote[171.226.10.227:3478/udp]: TURN allocate request sent, id=44457049642b632f7a557a49
[001:161][157711] (turn_port.cc:1728): TurnPort(Port[4939f700:0:1:0:relay:Net[en0:192.168.25.x/24:Wifi:id=1]]-Remote[58.186.3.44:3478/udp]: TURN allocate request sent, id=6145476b7652502b36414841
[002:162][157711] (turn_port.cc:1728): TurnPort(Port[2c98d900:0:1:0:relay:Net[en0:192.168.25.x/24:Wifi:id=1]]-Remote[116.103.111.243:3478/udp]: TURN allocate request sent, id=38444d476774747958736d54
[002:162][157711] (turn_port.cc:1728): TurnPort(Port[2c98f700:0:1:0:relay:Net[en0:192.168.25.x/24:Wifi:id=1]]-Remote[103.63.112.54:3478/udp]: TURN allocate request sent, id=4839654e706b6f4430687a37
[002:162][157711] (turn_port.cc:1728): TurnPort(Port[4ecccf00:0:1:0:relay:Net[en0:192.168.25.x/24:Wifi:id=1]]-Remote[171.226.10.227:3478/udp]: TURN allocate request sent, id=44457049642b632f7a557a49
[002:162][157711] (turn_port.cc:1728): TurnPort(Port[4939f700:0:1:0:relay:Net[en0:192.168.25.x/24:Wifi:id=1]]-Remote[58.186.3.44:3478/udp]: TURN allocate request sent, id=6145476b7652502b36414841
[003:756][259] (RTCLogging.mm:34): (RTCAudioSession.mm:557 -[RTCAudioSession handleRouteChangeNotification:]): Audio route changed:
[003:756][259] (RTCLogging.mm:34): (RTCAudioSession.mm:573 -[RTCAudioSession handleRouteChangeNotification:]): Audio route changed: Override
[003:757][259] (RTCLogging.mm:34): (RTCAudioSession.mm:590 -[RTCAudioSession handleRouteChangeNotification:]): Previous route: <AVAudioSessionRouteDescription: 0x152513380, 
inputs = (
    "<AVAudioSessionPortDescription: 0x152513400, type = MicrophoneBuiltIn; name = Micr\U00f4 c\U1ee7a iPhone; UID = Built-In Microphone; selectedDataSource = D\U01b0\U1edbi c\U00f9ng>"
); 
outputs = (
    "<AVAudioSessionPortDescription: 0x152513440, type = Receiver; name = Thi\U1ebft b\U1ecb nh\U1eadn; UID = Built-In Receiver; selectedDataSource = (null)>"
)>
Current route:<AVAudioSessionRouteDescription: 0x152513420, 
inputs = (
    "<AVAudioSessionPortDescription: 0x1525134b0, type = MicrophoneBuiltIn; name = Micr\U00f4 c\U1ee7a iPhone; UID = Built-In Microphone; selectedDataSource = D\U01b0\U1edbi c\U00f9ng>"
); 
outputs = (
    "<AVAudioSessionPortDescription: 0x152513510, type = Speaker; name = Loa ngo\U00e0i; UID = Speaker; selectedDataSource = (null)>"
)>
[004:163][157711] (turn_port.cc:1728): TurnPort(Port[2c98d900:0:1:0:relay:Net[en0:192.168.25.x/24:Wifi:id=1]]-Remote[116.103.111.243:3478/udp]: TURN allocate request sent, id=38444d476774747958736d54
[004:163][157711] (turn_port.cc:1728): TurnPort(Port[2c98f700:0:1:0:relay:Net[en0:192.168.25.x/24:Wifi:id=1]]-Remote[103.63.112.54:3478/udp]: TURN allocate request sent, id=4839654e706b6f4430687a37
[004:163][157711] (turn_port.cc:1728): TurnPort(Port[4ecccf00:0:1:0:relay:Net[en0:192.168.25.x/24:Wifi:id=1]]-Remote[171.226.10.227:3478/udp]: TURN allocate request sent, id=44457049642b632f7a557a49
[004:163][157711] (turn_port.cc:1728): TurnPort(Port[4939f700:0:1:0:relay:Net[en0:192.168.25.x/24:Wifi:id=1]]-Remote[58.186.3.44:3478/udp]: TURN allocate request sent, id=6145476b7652502b36414841
[004:422][259] (RTCLogging.mm:34): (RTCAudioSession.mm:631 -[RTCAudioSession handleApplicationDidBecomeActive:]): Application became active after an interruption. Treating as interruption end. isInterrupted changed from 0 to 0.
[008:165][157711] (turn_port.cc:1728): TurnPort(Port[2c98d900:0:1:0:relay:Net[en0:192.168.25.x/24:Wifi:id=1]]-Remote[116.103.111.243:3478/udp]: TURN allocate request sent, id=38444d476774747958736d54
[008:165][157711] (turn_port.cc:1728): TurnPort(Port[2c98f700:0:1:0:relay:Net[en0:192.168.25.x/24:Wifi:id=1]]-Remote[103.63.112.54:3478/udp]: TURN allocate request sent, id=4839654e706b6f4430687a37
[008:165][157711] (turn_port.cc:1728): TurnPort(Port[4ecccf00:0:1:0:relay:Net[en0:192.168.25.x/24:Wifi:id=1]]-Remote[171.226.10.227:3478/udp]: TURN allocate request sent, id=44457049642b632f7a557a49
[008:165][157711] (turn_port.cc:1728): TurnPort(Port[4939f700:0:1:0:relay:Net[en0:192.168.25.x/24:Wifi:id=1]]-Remote[58.186.3.44:3478/udp]: TURN allocate request sent, id=6145476b7652502b36414841
[011:874][158479] (sdp_offer_answer.cc:2960): SdpOfferAnswerHandler::DoSetRemoteDescription.
[011:874][158479] (sdp_offer_answer.cc:2200): SdpOfferAnswerHandler::ApplyRemoteDescription
[011:875][157711] (jsep_transport_controller.cc:1091): MaybeCreateJsepTransport mid=0 exits
[011:875][157711] (dtls_srtp_transport.cc:53): Setting RTP Transport on 0 transport 50303800
[011:875][157711] (p2p_transport_channel.cc:509): Received remote ICE parameters: ufrag=ZkP7, renomination enabled
[011:875][157711] (openssl_stream_adapter.cc:167): WebRTC-ForceDtls13 Disabled
[011:875][157711] (dtls_transport.cc:599): DtlsTransport[0|1|__]: DTLS setup complete, dtls_in_stun: 0
[011:875][157711] (wrapping_active_ice_controller.cc:223): Not switching selected connection due to: remote candidate generation maybe changed
[011:875][158479] (peer_connection.cc:2313): Creating data channel, mid=1
[011:875][158479] (sdp_offer_answer.cc:2217): SdpOfferAnswerHandler::UpdateChannels
[011:875][158479] (sdp_offer_answer.cc:3285): SdpOfferAnswerHandler::UpdateSessionState with type: answer
[011:876][158479] (sdp_offer_answer.cc:3264): Session: 4471686820713135695 Old state: have-local-offer New state: stable
[011:876][158479] (sdp_offer_answer.cc:3310): SdpOfferAnswerHandler::UpdateSessionState ChangeSignalingState with source: 1
[011:876][158479] (sdp_offer_answer.cc:5242): SdpOfferAnswerHandler::PushdownMediaDescription
[011:876][145683] (channel.cc:637): Channel enabled: {mid: 0, media_type: audio}
[011:876][145683] (channel.cc:916): Changing voice state, recv=1 send=0 for {mid: 0, media_type: audio}
[011:876][158479] (sdp_offer_answer.cc:5257): SdpOfferAnswerHandler::UpdatePayloadTypeDemuxingState with rtp_transceivers:1
[011:876][158479] (sdp_offer_answer.cc:5295): SdpOfferAnswerHandler::UpdatePayloadTypeDemuxingState transceiver with source: 1
[011:876][158479] (sdp_offer_answer.cc:5308): SdpOfferAnswerHandler::UpdatePayloadTypeDemuxingState batcher.
[011:876][145683] (webrtc_voice_engine.cc:2504): ResetUnsignaledRecvStream.
[011:876][145683] (channel.cc:996): Setting remote voice description for {mid: 0, media_type: audio}
[011:876][145683] (webrtc_voice_engine.cc:1327): WebRtcVoiceMediaChannel::SetSenderParameters: {codecs: [AudioCodec[111:opus:48000:0:2], AudioCodec[63:red:48000:0:2], AudioCodec[9:G722:8000:0:1], AudioCodec[0:PCMU:8000:0:1], AudioCodec[8:PCMA:8000:0:1], AudioCodec[13:CN:8000:0:1], AudioCodec[110:telephone-event:48000:0:1], AudioCodec[126:telephone-event:8000:0:1]], extensions: [{uri: http://www.ietf.org/id/draft-holmer-rmcat-transport-wide-cc-extensions-01, id: 3}, {uri: http://www.webrtc.org/experiments/rtp-hdrext/abs-send-time, id: 2}, {uri: urn:ietf:params:rtp-hdrext:sdes:mid, id: 4}, {uri: urn:ietf:params:rtp-hdrext:ssrc-audio-level, id: 1}], extmap-allow-mixed: true, max_bandwidth_bps: -1, mid: 0, options: AudioOptions {}, rtcp: {reduced_size:1, remote_estimate:0}}
[011:884][145683] (audio_send_stream.cc:233): AudioSendStream::ConfigureStream: {rtp: {ssrc: 3998793686, csrcs: [], extmap-allow-mixed: true, extensions: [], c_name: 0geJYbdlJs7ENzjP}, rtcp_report_interval_ms: 5000, send_transport: (Transport), min_bitrate_bps: 32000, max_bitrate_bps: 32000, has audio_network_adaptor_config: false, has_dscp: false, send_codec_spec: {nack_enabled: false, enable_non_sender_rtt: false, cng_payload_type: <unset>, red_payload_type: <unset>, payload_type: 111, format: {name: opus, clockrate_hz: 48000, num_channels: 2, parameters: {minptime: 10, useinbandfec: 1}}}}
[011:885][145683] (audio_send_stream.cc:233): AudioSendStream::ConfigureStream: {rtp: {ssrc: 3998793686, csrcs: [], extmap-allow-mixed: true, extensions: [{uri: http://www.ietf.org/id/draft-holmer-rmcat-transport-wide-cc-extensions-01, id: 3}, {uri: http://www.webrtc.org/experiments/rtp-hdrext/abs-send-time, id: 2}, {uri: urn:ietf:params:rtp-hdrext:sdes:mid, id: 4}, {uri: urn:ietf:params:rtp-hdrext:ssrc-audio-level, id: 1}], c_name: 0geJYbdlJs7ENzjP}, rtcp_report_interval_ms: 5000, send_transport: (Transport), min_bitrate_bps: 32000, max_bitrate_bps: 32000, has audio_network_adaptor_config: false, has_dscp: false, send_codec_spec: {nack_enabled: false, enable_non_sender_rtt: false, cng_payload_type: <unset>, red_payload_type: <unset>, payload_type: 111, format: {name: opus, clockrate_hz: 48000, num_channels: 2, parameters: {minptime: 10, useinbandfec: 1}}}}
[011:886][145683] (audio_send_stream.cc:233): AudioSendStream::ConfigureStream: {rtp: {ssrc: 3998793686, csrcs: [], extmap-allow-mixed: true, extensions: [{uri: http://www.ietf.org/id/draft-holmer-rmcat-transport-wide-cc-extensions-01, id: 3}, {uri: http://www.webrtc.org/experiments/rtp-hdrext/abs-send-time, id: 2}, {uri: urn:ietf:params:rtp-hdrext:sdes:mid, id: 4}, {uri: urn:ietf:params:rtp-hdrext:ssrc-audio-level, id: 1}], c_name: 0geJYbdlJs7ENzjP}, rtcp_report_interval_ms: 5000, send_transport: (Transport), min_bitrate_bps: 32000, max_bitrate_bps: 32000, has audio_network_adaptor_config: false, has_dscp: false, send_codec_spec: {nack_enabled: false, enable_non_sender_rtt: false, cng_payload_type: <unset>, red_payload_type: <unset>, payload_type: 111, format: {name: opus, clockrate_hz: 48000, num_channels: 2, parameters: {minptime: 10, useinbandfec: 1}}}}
[011:886][145683] (audio_send_stream.cc:233): AudioSendStream::ConfigureStream: {rtp: {ssrc: 3998793686, mid: 0, csrcs: [], extmap-allow-mixed: true, extensions: [{uri: http://www.ietf.org/id/draft-holmer-rmcat-transport-wide-cc-extensions-01, id: 3}, {uri: http://www.webrtc.org/experiments/rtp-hdrext/abs-send-time, id: 2}, {uri: urn:ietf:params:rtp-hdrext:sdes:mid, id: 4}, {uri: urn:ietf:params:rtp-hdrext:ssrc-audio-level, id: 1}], c_name: 0geJYbdlJs7ENzjP}, rtcp_report_interval_ms: 5000, send_transport: (Transport), min_bitrate_bps: 32000, max_bitrate_bps: 32000, has audio_network_adaptor_config: false, has_dscp: false, send_codec_spec: {nack_enabled: false, enable_non_sender_rtt: false, cng_payload_type: <unset>, red_payload_type: <unset>, payload_type: 111, format: {name: opus, clockrate_hz: 48000, num_channels: 2, parameters: {minptime: 10, useinbandfec: 1}}}}
[011:886][145683] (webrtc_voice_engine.cc:1794): WebRtcVoiceMediaChannel::SetMaxSendBitrate.
[011:886][145683] (audio_send_stream.cc:233): AudioSendStream::ConfigureStream: {rtp: {ssrc: 3998793686, mid: 0, csrcs: [], extmap-allow-mixed: true, extensions: [{uri: http://www.ietf.org/id/draft-holmer-rmcat-transport-wide-cc-extensions-01, id: 3}, {uri: http://www.webrtc.org/experiments/rtp-hdrext/abs-send-time, id: 2}, {uri: urn:ietf:params:rtp-hdrext:sdes:mid, id: 4}, {uri: urn:ietf:params:rtp-hdrext:ssrc-audio-level, id: 1}], c_name: 0geJYbdlJs7ENzjP}, rtcp_report_interval_ms: 5000, send_transport: (Transport), min_bitrate_bps: 32000, max_bitrate_bps: 32000, has audio_network_adaptor_config: false, has_dscp: false, send_codec_spec: {nack_enabled: false, enable_non_sender_rtt: false, cng_payload_type: <unset>, red_payload_type: <unset>, payload_type: 111, format: {name: opus, clockrate_hz: 48000, num_channels: 2, parameters: {minptime: 10, useinbandfec: 1}}}}
[011:886][145683] (webrtc_voice_engine.cc:1304): Setting voice channel options: AudioOptions {}
[011:886][145683] (webrtc_voice_engine.cc:606): WebRtcVoiceEngine::ApplyOptions: AudioOptions {aec: 1, ns: 1, audio_jitter_buffer_max_packets: 200, audio_jitter_buffer_fast_accelerate: 0, audio_jitter_buffer_min_delay_ms: 0, }
[011:886][145683] (webrtc_voice_engine.cc:621): Always disable AEC on iOS. Use built-in instead.
[011:886][145683] (webrtc_voice_engine.cc:629): Always disable AGC on iOS. Use built-in instead.
[011:886][145683] (audio_processing_impl.cc:680): AudioProcessing::ApplyConfig: AudioProcessing::Config{ pipeline: { maximum_internal_processing_rate: 32000, multi_channel_render: 1, multi_channel_capture: 1 }, pre_amplifier: { enabled: 0, fixed_gain_factor: 1 },capture_level_adjustment: { enabled: 0, pre_gain_factor: 1, post_gain_factor: 1, analog_mic_gain_emulation: { enabled: 0, initial_level: 255 }}, high_pass_filter: { enabled: 1 }, echo_canceller: { enabled: 0, enforce_high_pass_filtering: 1 }, noise_suppression: { enabled: 1, level: High }, transient_suppression: { enabled: 0 }, gain_controller1: { enabled: 0, mode: FixedDigital, target_level_dbfs: 3, compression_gain_db: 9, enable_limiter: 1, analog_gain_controller { enabled: 1, startup_min_volume: 0, clipped_level_min: 70, enable_digital_adaptive: 1, clipped_level_step: 15, clipped_ratio_threshold: 0.1, clipped_wait_frames: 300, clipping_predictor:  { enabled: 0, mode: 0, window_length: 5, reference_window_length: 5, reference_window_delay: 5, clipping_threshold: -1, crest_factor_margin: 3, use_predicted_step: 1 }}}, gain_controller2: { enabled: 0, fixed_digital: { gain_db: 0 }, adaptive_digital: { enabled: 0, headroom_db: 5, max_gain_db: 50, initial_gain_db: 15, max_gain_change_db_per_second: 6, max_output_noise_level_dbfs: -50 }, input_volume_control : { enabled 0}}
[011:886][145683] (webrtc_voice_engine.cc:1318): Set voice send channel options. Current options: AudioOptions {aec: 1, ns: 1, audio_jitter_buffer_max_packets: 200, audio_jitter_buffer_fast_accelerate: 0, audio_jitter_buffer_min_delay_ms: 0, }
[011:886][145683] (webrtc_voice_engine.cc:2200): WebRtcVoiceMediaChannel::SetReceiverParameters: {codecs: [AudioCodec[111:opus:48000:0:2], AudioCodec[63:red:48000:0:2], AudioCodec[9:G722:8000:0:1], AudioCodec[0:PCMU:8000:0:1], AudioCodec[8:PCMA:8000:0:1], AudioCodec[13:CN:8000:0:1], AudioCodec[110:telephone-event:48000:0:1], AudioCodec[126:telephone-event:8000:0:1]], extensions: [{uri: http://www.ietf.org/id/draft-holmer-rmcat-transport-wide-cc-extensions-01, id: 3}, {uri: http://www.webrtc.org/experiments/rtp-hdrext/abs-send-time, id: 2}, {uri: urn:ietf:params:rtp-hdrext:sdes:mid, id: 4}, {uri: urn:ietf:params:rtp-hdrext:ssrc-audio-level, id: 1}], rtcp: {reduced_size:1, remote_estimate:0}}
[011:886][145683] (webrtc_voice_engine.cc:2380): Changing RTCP mode on receive streams.
[011:886][145683] (webrtc_voice_engine.cc:2431): AddRecvStream: {id:audio_UC576CQJKVJ;ssrcs:[697479859];ssrc_groups:;cname:WuJ9GFfLKRzg5Abj;stream_ids:stream_UC576CQJKVJ;}
[011:886][145683] (neteq_impl.cc:160): NetEq config: sample_rate_hz=48000, max_packets_in_buffer=200, min_delay_ms=0, enable_fast_accelerate=false, enable_muted_state=true, enable_rtx_handling=false
[011:886][145683] (audio_receive_stream.cc:123): AudioReceiveStreamImpl: 697479859
[011:886][145683] (audio_receive_stream.cc:194): AudioReceiveStreamImpl::Start: 697479859
[011:886][145683] (audio_device_ios.mm:196): AudioDeviceIOS::InitPlayout
[011:886][145683] (audio_device_ios.mm:980): AudioDeviceIOS::InitPlayOrRecord
[011:941][145683] (RTCLogging.mm:34): (audio_device_ios.mm:945 ConfigureAudioSessionLocked): Configuring audio session.
[011:941][145683] (RTCLogging.mm:34): (RTCAudioSession.mm:744 -[RTCAudioSession configureWebRTCSession:]): Configuring audio session for WebRTC.
[011:946][145683] (RTCLogging.mm:34): (RTCAudioSession+Configuration.mm:83 -[RTCAudioSession(Configuration) setConfiguration:active:shouldSetActive:error:]): Set preferred sample rate to: 48000.00
[011:947][145683] (RTCLogging.mm:34): (RTCAudioSession+Configuration.mm:98 -[RTCAudioSession(Configuration) setConfiguration:active:shouldSetActive:error:]): Set preferred IO buffer duration to: 0.020000
[011:947][145683] (RTCLogging.mm:34): (RTCAudioSession.mm:680 -[RTCAudioSession incrementActivationCount]): Incrementing activation count.
[011:947][145683] (RTCLogging.mm:34): (RTCAudioSession.mm:419 -[RTCAudioSession setActive:error:]): Number of current activations: 3
[011:974][145683] (RTCLogging.mm:34): (RTCAudioSession+Configuration.mm:145 -[RTCAudioSession(Configuration) setConfiguration:active:shouldSetActive:error:]): Set output number of channels to: 1
[011:975][145683] (RTCLogging.mm:34): (audio_device_ios.mm:955 ConfigureAudioSessionLocked): Configured audio session.
[011:975][145683] (audio_device_ios.mm:758): AudioDeviceIOS::SetupAudioBuffersForActiveAudioSession
[011:978][145683] (RTCLogging.mm:34): (audio_device_ios.mm:764 SetupAudioBuffersForActiveAudioSession): RTC_OBJC_TYPE(RTCAudioSession): {
  category: AVAudioSessionCategoryPlayAndRecord
  categoryOptions: 100
  mode: AVAudioSessionModeVoiceChat
  isActive: 1
  sampleRate: 48000.00
  IOBufferDuration: 0.020000
  outputNumberOfChannels: 2
  inputNumberOfChannels: 1
  outputLatency: 0.002646
  inputLatency: 0.001375
  outputVolume: 1.000000
}
[011:978][145683] (audio_device_ios.mm:799):  frames per I/O buffer: 960
[011:978][145683] (audio_device_ios.mm:801):  bytes per I/O buffer: 1920
[011:978][145683] (audio_device_ios.mm:741): AudioDeviceIOS::UpdateAudioDevicebuffer
[011:978][145683] (audio_device_buffer.cc:213): SetPlayoutSampleRate(48000)
[011:978][145683] (audio_device_buffer.cc:233): SetPlayoutChannels(1)
[011:978][145683] (audio_device_buffer.cc:207): SetRecordingSampleRate(48000)
[011:978][145683] (audio_device_buffer.cc:227): SetRecordingChannels(1)
[011:978][145683] (RTCLogging.mm:34): (voice_processing_audio_unit.mm:217 Initialize): Initializing audio unit with sample rate: 48000.000000
[012:064][259] (RTCLogging.mm:34): (RTCAudioSession.mm:557 -[RTCAudioSession handleRouteChangeNotification:]): Audio route changed:
[012:064][259] (RTCLogging.mm:34): (RTCAudioSession.mm:573 -[RTCAudioSession handleRouteChangeNotification:]): Audio route changed: Override
[012:065][259] (RTCLogging.mm:34): (RTCAudioSession.mm:590 -[RTCAudioSession handleRouteChangeNotification:]): Previous route: <AVAudioSessionRouteDescription: 0x152512050, 
inputs = (
    "<AVAudioSessionPortDescription: 0x152511cd0, type = MicrophoneBuiltIn; name = Micr\U00f4 c\U1ee7a iPhone; UID = Built-In Microphone; selectedDataSource = D\U01b0\U1edbi c\U00f9ng>"
); 
outputs = (
    "<AVAudioSessionPortDescription: 0x152512450, type = Speaker; name = Loa ngo\U00e0i; UID = Speaker; selectedDataSource = (null)>"
)>
Current route:<AVAudioSessionRouteDescription: 0x152511e80, 
inputs = (
    "<AVAudioSessionPortDescription: 0x1525106e0, type = MicrophoneBuiltIn; name = Micr\U00f4 c\U1ee7a iPhone; UID = Built-In Microphone; selectedDataSource = (null)>"
); 
outputs = (
    "<AVAudioSessionPortDescription: 0x152512f30, type = Speaker; name = Loa ngo\U00e0i; UID = Speaker; selectedDataSource = (null)>"
)>
[012:066][145683] (RTCLogging.mm:34): (voice_processing_audio_unit.mm:277 Initialize): Voice Processing I/O unit is now initialized.
[012:068][145683] (RTCLogging.mm:34): (voice_processing_audio_unit.mm:72 GetAGCState): VPIO unit AGC: 1
[012:068][145683] (RTCLogging.mm:34): (voice_processing_audio_unit.mm:371 Initialize): WebRTC.Audio.BuiltInAGCWasEnabledByDefault: 1
[012:068][145683] (RTCLogging.mm:34): (voice_processing_audio_unit.mm:377 Initialize): WebRTC.Audio.BuiltInAGCIsEnabled: 1
[012:068][145683] (audio_device_ios.mm:236): AudioDeviceIOS::StartPlayout
[012:068][145683] (RTCLogging.mm:34): (voice_processing_audio_unit.mm:385 Start): Starting audio unit.
[012:143][145683] (RTCLogging.mm:34): (voice_processing_audio_unit.mm:392 Start): Started audio unit
[012:143][145683] (audio_device_ios.mm:258): Voice-Processing I/O audio unit is now started
[012:143][145683] (channel.cc:810): Add remote ssrc: 697479859 to {mid: 0, media_type: audio}
[012:143][145683] (channel.cc:916): Changing voice state, recv=1 send=0 for {mid: 0, media_type: audio}
[012:143][145683] (thread.cc:557): Message to worker_thread 0x0x110cda400 took 267ms to dispatch.
[012:144][158479] (sdp_offer_answer.cc:5378): SdpOfferAnswerHandler::UpdatePayloadTypeDemuxingState sctp
[012:144][158479] (sdp_offer_answer.cc:5408): SdpOfferAnswerHandler::UpdatePayloadTypeDemuxingState done
[012:144][158479] (sdp_offer_answer.cc:2226): SdpOfferAnswerHandler::UpdateSessionState
[012:144][158479] (sdp_offer_answer.cc:2234): SdpOfferAnswerHandler::UseCandidatesInRemoteDescription
[012:144][158479] (sdp_offer_answer.cc:2271): SdpOfferAnswerHandler::old_remote_description no using
[012:144][158479] (sdp_offer_answer.cc:2278): SdpOfferAnswerHandler::operation->HaveSessionSuccess
[012:144][158479] (sdp_offer_answer.cc:2285): SdpOfferAnswerHandler::pt_suggester_.Update
[012:144][158479] (peer_connection.cc:2032): Changing IceConnectionState new => checking
[012:144][158479] (sdp_offer_answer.cc:2402): Processing the MSIDs for MID=0 (streams=[stream_UC576CQJKVJ]).
[012:144][158479] (sdp_offer_answer.cc:2412): Processing the addition of a remote track for MID=0.
[012:144][158479] (rtp_transceiver.cc:884): Changing transceiver (MID=0) current direction from <not set> to kSendRecv
[012:154][145683] (RTCLogging.mm:34): (audio_device_ios.mm:602 HandleValidRouteChange): RTC_OBJC_TYPE(RTCAudioSession): {
  category: AVAudioSessionCategoryPlayAndRecord
  categoryOptions: 100
  mode: AVAudioSessionModeVoiceChat
  isActive: 1
  sampleRate: 48000.00
  IOBufferDuration: 0.020000
  outputNumberOfChannels: 2
  inputNumberOfChannels: 4
  outputLatency: 0.001458
  inputLatency: 0.001375
  outputVolume: 1.000000
}
[012:154][145683] (RTCLogging.mm:34): (audio_device_ios.mm:613 HandleSampleRateChange): Handling sample rate change.
[012:154][145683] (RTCLogging.mm:34): (audio_device_ios.mm:645 HandleSampleRateChange): Handling playout sample rate change:
  Session sample rate: 48000.000000 frames_per_buffer: 960
  ADM sample rate: 48000.000000 frames_per_buffer: 960
[012:155][145683] (RTCLogging.mm:34): (audio_device_ios.mm:652 HandleSampleRateChange): Ignoring sample rate change since audio parameters are intact.
[012:155][145683] (webrtc_voice_engine.cc:2581): SetBaseMinimumPlayoutDelayMs() to 0 for recv stream with ssrc 697479859
[012:155][145683] (webrtc_voice_engine.cc:2532): WRVMC::SetOutputVolume({ssrc=697479859}, {volume=1.00})
[012:155][145683] (webrtc_voice_engine.cc:2542): WRVMC::SetOutputVolume => (stream with SSRC 697479859 now uses volume 1.00)
[012:155][158479] (RTCLogging.mm:34): (RTCDtmfSender.mm:78 -[RTCDtmfSender initWithNativeDtmfSender:]): RTC_OBJC_TYPE(RTCDtmfSender)(0x152512110): created DTMF sender: RTC_OBJC_TYPE(RTCDtmfSender) {
  remainingTones: 
  duration: 0.100000 sec
  interToneGap: 0.050000 sec
}
[012:155][158479] (RTCLogging.mm:34): (RTCRtpSender.mm:141 -[RTCRtpSender initWithFactory:nativeRtpSender:]): RTC_OBJC_TYPE(RTCRtpSender)(0x1491df380): created sender: RTC_OBJC_TYPE(RTCRtpSender) {
  senderId: audio_U3VMPERDDSC
}
[012:155][158479] (RTCLogging.mm:34): (RTCRtpReceiver.mm:150 -[RTCRtpReceiver initWithFactory:nativeRtpReceiver:]): RTC_OBJC_TYPE(RTCRtpReceiver)(0x1503fcd20): created receiver: RTC_OBJC_TYPE(RTCRtpReceiver) {
  receiverId: 43e45ae7-aa0b-4267-aa00-9fd72310a061
}
[012:155][158479] (RTCLogging.mm:34): (RTCRtpTransceiver.mm:257 -[RTCRtpTransceiver initWithFactory:nativeRtpTransceiver:]): RTC_OBJC_TYPE(RTCRtpTransceiver)(0x1503fc7e0): created transceiver: RTC_OBJC_TYPE(RTCRtpTransceiver) {
  sender: RTC_OBJC_TYPE(RTCRtpSender) {
  senderId: audio_U3VMPERDDSC
}
  receiver: RTC_OBJC_TYPE(RTCRtpReceiver) {
  receiverId: 43e45ae7-aa0b-4267-aa00-9fd72310a061
}
}
[012:155][158479] (sdp_offer_answer.cc:2334): SdpOfferAnswerHandler::check operation: answer
[012:155][158479] (sdp_offer_answer.cc:2346): SdpOfferAnswerHandler::operation->SignalCompletion before
[012:155][158479] (sdp_offer_answer.cc:2354): SdpOfferAnswerHandler::ApplyRemoteDescription done
[012:155][158479] (thread.cc:557): Message to signaling_thread 0x0x110cdac00 took 281ms to dispatch.
[012:155][158479] (sdp_offer_answer.cc:5580): UseCandidate: mid: 0 with candidate: Cand[:3421433772:1:udp:2122262784:[2401:d800:957b:eac6:2d2f:5ef6:c258:3e3c]:49845:host::0:ZkP7::4:900:0]
[012:156][157711] (p2p_transport_channel.cc:1531): Channel[0|1|__: skip creating connection relay to host, port: TurnPort(Port[3f887200:0:1:0:relay:Net[pdp_ip0:22.202.73.x/32:Cellular:id=4]]-Remote[103.63.112.54:3478/udp], remote: Cand[:3421433772:1:udp:2122262784:[2401:d800:957b:eac6:2d2f:5ef6:c258:3e3c]:49845:host::0:ZkP7:umZcOP7T9KMfso4umKMgJ6zA:4:900:0]
[012:156][157711] (p2p_transport_channel.cc:1531): Channel[0|1|__: skip creating connection relay to host, port: TurnPort(Port[3f886800:0:1:0:relay:Net[pdp_ip0:22.202.73.x/32:Cellular:id=4]]-Remote[58.186.3.44:3478/udp], remote: Cand[:3421433772:1:udp:2122262784:[2401:d800:957b:eac6:2d2f:5ef6:c258:3e3c]:49845:host::0:ZkP7:umZcOP7T9KMfso4umKMgJ6zA:4:900:0]
[012:156][158479] (sdp_offer_answer.cc:5580): UseCandidate: mid: 0 with candidate: Cand[:2442102915:1:udp:58605312:116.103.111.243:26468:relay:171.255.170.223:40003:ZkP7::3:900:0]
[012:156][157711] (p2p_transport_channel.cc:1531): Channel[0|1|__: skip creating connection relay to host, port: TurnPort(Port[3f887700:0:1:0:relay:Net[pdp_ip0:22.202.73.x/32:Cellular:id=4]]-Remote[171.226.10.227:3478/udp], remote: Cand[:3421433772:1:udp:2122262784:[2401:d800:957b:eac6:2d2f:5ef6:c258:3e3c]:49845:host::0:ZkP7:umZcOP7T9KMfso4umKMgJ6zA:4:900:0]
[012:156][157711] (p2p_transport_channel.cc:1531): Channel[0|1|__: skip creating connection relay to host, port: TurnPort(Port[4939c000:0:1:0:relay:Net[pdp_ip0:22.202.73.x/32:Cellular:id=4]]-Remote[116.103.111.243:3478/udp], remote: Cand[:3421433772:1:udp:2122262784:[2401:d800:957b:eac6:2d2f:5ef6:c258:3e3c]:49845:host::0:ZkP7:umZcOP7T9KMfso4umKMgJ6zA:4:900:0]
[012:156][157711] (connection.cc:269): Conn[4920e400:0:Net[pdp_ip0:2402:800:75d9:x:x:x:x:x/64:Cellular:id=5]:LbmlRtOm:1:0:host:udp:[2402:800:75d9:x:x:x:x:x]:61098->4x7g2P1Q:1:2122262784:host:udp:[2401:d800:957b:x:x:x:x:x]:49845|C--W|-|0|0|-|9114767780065726976|-][0 us][0 us]: Connection created
[012:156][157711] (p2p_transport_channel.cc:1567): Channel[0|1|__: Created connection with origin: 2, total: 1
[012:156][157711] (p2p_transport_channel.cc:1560): Channel[0|1|__: Created connection error with origin: 2, port: UDPPort(Port[50301180:0:1:0:host:Net[pdp_ip0:22.202.73.x/32:Cellular:id=4]]) remote: Cand[:3421433772:1:udp:2122262784:[2401:d800:957b:eac6:2d2f:5ef6:c258:3e3c]:49845:host::0:ZkP7:umZcOP7T9KMfso4umKMgJ6zA:4:900:0]
[012:156][157711] (p2p_transport_channel.cc:1495): CreateConnections: candidate: Cand[:3421433772:1:udp:2122262784:[2401:d800:957b:eac6:2d2f:5ef6:c258:3e3c]:49845:host::0:ZkP7:umZcOP7T9KMfso4umKMgJ6zA:4:900:0], port_size: 6, created = 0 with no origin_port
[012:156][157711] (wrapping_active_ice_controller.cc:223): Not switching selected connection due to: new candidate pairs created from a new remote candidate
[012:156][157711] (p2p_transport_channel.cc:2027): Channel[0|1|__: Transport channel state changed from 0 to 2 with writable=0, receiving=0, iceCurrent=0, ice=1, conns=1, selected=0
[012:156][157711] (jsep_transport_controller.cc:1284): 0 Transport 1 state changed. Check if state is complete.
[012:156][157711] (p2p_transport_channel.cc:1818): Channel[0|1|__: Have a pingable connection for the first time; starting to ping.
[012:156][157711] (turn_port.cc:798): TurnPort(Port[3f887200:0:1:0:relay:Net[pdp_ip0:22.202.73.x/32:Cellular:id=4]]-Remote[103.63.112.54:3478/udp]: CreateConnection with candidate: Cand[:2442102915:1:udp:58605312:116.103.111.243:26468:relay:171.255.170.223:40003:ZkP7:umZcOP7T9KMfso4umKMgJ6zA:3:900:0], state: 2, local_candidate_size: 1
[012:156][157711] (connection.cc:269): Conn[4920cc00:0:Net[pdp_ip0:22.202.73.x/32:Cellular:id=4]:sYyK77tr:1:0:relay:udp:103.63.112.x:61094->nhZlDnV/:1:58605312:relay:udp:116.103.111.x:26468|C--W|-|0|0|-|251446210466708992|-][0 us][0 us]: Connection created
[012:156][158479] (peer_connection.cc:2054): Changing standardized IceConnectionState new => checking
[012:156][158479] (sdp_offer_answer.cc:5580): UseCandidate: mid: 0 with candidate: Cand[:3150993685:1:udp:58607872:103.63.112.54:39749:relay:171.255.170.223:34987:ZkP7::3:900:0]
[012:156][157711] (turn_port.cc:2047): TurnPort(Port[3f887200:0:1:0:relay:Net[pdp_ip0:22.202.73.x/32:Cellular:id=4]]-Remote[103.63.112.54:3478/udp]: TURN create permission request sent, id=793879765a7834306f4f3470 with address: 116.103.111.243:26468
[012:156][157711] (p2p_transport_channel.cc:1567): Channel[0|1|__: Created connection with origin: 2, total: 2
[012:156][157711] (turn_port.cc:798): TurnPort(Port[3f886800:0:1:0:relay:Net[pdp_ip0:22.202.73.x/32:Cellular:id=4]]-Remote[58.186.3.44:3478/udp]: CreateConnection with candidate: Cand[:2442102915:1:udp:58605312:116.103.111.243:26468:relay:171.255.170.223:40003:ZkP7:umZcOP7T9KMfso4umKMgJ6zA:3:900:0], state: 2, local_candidate_size: 1
[012:156][157711] (connection.cc:269): Conn[49190c00:0:Net[pdp_ip0:22.202.73.x/32:Cellular:id=4]:U2AZaj9P:1:0:relay:udp:58.186.3.x:37612->nhZlDnV/:1:58605312:relay:udp:116.103.111.x:26468|C--W|-|0|0|-|251446210466708992|-][0 us][0 us]: Connection created
[012:156][158479] (sdp_offer_answer.cc:5580): UseCandidate: mid: 0 with candidate: Cand[:879798726:1:udp:58608384:171.226.10.227:24571:relay:171.255.170.223:45491:ZkP7::3:900:0]
[012:156][157711] (turn_port.cc:2047): TurnPort(Port[3f886800:0:1:0:relay:Net[pdp_ip0:22.202.73.x/32:Cellular:id=4]]-Remote[58.186.3.44:3478/udp]: TURN create permission request sent, id=764971464152512b67704749 with address: 116.103.111.243:26468
[012:156][157711] (p2p_transport_channel.cc:1567): Channel[0|1|__: Created connection with origin: 2, total: 3
[012:156][157711] (turn_port.cc:798): TurnPort(Port[3f887700:0:1:0:relay:Net[pdp_ip0:22.202.73.x/32:Cellular:id=4]]-Remote[171.226.10.227:3478/udp]: CreateConnection with candidate: Cand[:2442102915:1:udp:58605312:116.103.111.243:26468:relay:171.255.170.223:40003:ZkP7:umZcOP7T9KMfso4umKMgJ6zA:3:900:0], state: 2, local_candidate_size: 1
[012:156][157711] (connection.cc:269): Conn[52460000:0:Net[pdp_ip0:22.202.73.x/32:Cellular:id=4]:CgcZTOaN:1:0:relay:udp:171.226.10.x:45987->nhZlDnV/:1:58605312:relay:udp:116.103.111.x:26468|C--W|-|0|0|-|251451708024847872|-][0 us][0 us]: Connection created
[012:156][157711] (turn_port.cc:2047): TurnPort(Port[3f887700:0:1:0:relay:Net[pdp_ip0:22.202.73.x/32:Cellular:id=4]]-Remote[171.226.10.227:3478/udp]: TURN create permission request sent, id=466d52316d55764231325664 with address: 116.103.111.243:26468
[012:156][157711] (p2p_transport_channel.cc:1567): Channel[0|1|__: Created connection with origin: 2, total: 4
[012:156][157711] (turn_port.cc:798): TurnPort(Port[4939c000:0:1:0:relay:Net[pdp_ip0:22.202.73.x/32:Cellular:id=4]]-Remote[116.103.111.243:3478/udp]: CreateConnection with candidate: Cand[:2442102915:1:udp:58605312:116.103.111.243:26468:relay:171.255.170.223:40003:ZkP7:umZcOP7T9KMfso4umKMgJ6zA:3:900:0], state: 2, local_candidate_size: 1
[012:156][157711] (connection.cc:269): Conn[52460c00:0:Net[pdp_ip0:22.202.73.x/32:Cellular:id=4]:9o9ppjeo:1:0:relay:udp:116.103.111.x:30206->nhZlDnV/:1:58605312:relay:udp:116.103.111.x:26468|C--W|-|0|0|-|251451708024847872|-][0 us][0 us]: Connection created
[012:156][157711] (turn_port.cc:2047): TurnPort(Port[4939c000:0:1:0:relay:Net[pdp_ip0:22.202.73.x/32:Cellular:id=4]]-Remote[116.103.111.243:3478/udp]: TURN create permission request sent, id=724e4d7a72554751744b5230 with address: 116.103.111.243:26468
[012:156][157711] (p2p_transport_channel.cc:1567): Channel[0|1|__: Created connection with origin: 2, total: 5
[012:156][158479] (sdp_offer_answer.cc:5580): UseCandidate: mid: 0 with candidate: Cand[:39978929:1:udp:58604288:160.250.77.138:39829:relay:171.255.170.223:47415:ZkP7::3:900:0]
[012:156][157711] (p2p_transport_channel.cc:1531): Channel[0|1|__: skip creating connection host to relay, port: UDPPort(Port[50301500:0:1:0:host:Net[pdp_ip0:2402:800:75d9:x:x:x:x:x/64:Cellular:id=5]]), remote: Cand[:2442102915:1:udp:58605312:116.103.111.243:26468:relay:171.255.170.223:40003:ZkP7:umZcOP7T9KMfso4umKMgJ6zA:3:900:0]
[012:156][157711] (p2p_transport_channel.cc:1531): Channel[0|1|__: skip creating connection host to relay, port: UDPPort(Port[50301180:0:1:0:host:Net[pdp_ip0:22.202.73.x/32:Cellular:id=4]]), remote: Cand[:2442102915:1:udp:58605312:116.103.111.243:26468:relay:171.255.170.223:40003:ZkP7:umZcOP7T9KMfso4umKMgJ6zA:3:900:0]
[012:156][157711] (p2p_transport_channel.cc:1495): CreateConnections: candidate: Cand[:2442102915:1:udp:58605312:116.103.111.243:26468:relay:171.255.170.223:40003:ZkP7:umZcOP7T9KMfso4umKMgJ6zA:3:900:0], port_size: 6, created = 0 with no origin_port
[012:156][157711] (wrapping_active_ice_controller.cc:223): Not switching selected connection due to: new candidate pairs created from a new remote candidate
[012:156][157711] (p2p_transport_channel.cc:2027): Channel[0|1|__: Transport channel state changed from 2 to 1 with writable=0, receiving=0, iceCurrent=1, ice=1, conns=5, selected=0
[012:156][157711] (jsep_transport_controller.cc:1284): 0 Transport 1 state changed. Check if state is complete.
[012:156][157711] (connection.cc:1824): Conn[4920e400C--W|-|0|0|-|-]: Sent STUN BINDING request, id=6d704e766e78667033594e53, use_candidate=0, nomination=0
[012:157][157711] (connection.cc:1824): Conn[52460c00C--W|-|0|0|-|-]: Sent STUN BINDING request, id=39383530736f6b7030544c4a, use_candidate=0, nomination=0
[012:157][157711] (connection.cc:1824): Conn[52460000C--W|-|0|0|-|-]: Sent STUN BINDING request, id=6676386e306452672f6d6c4e, use_candidate=0, nomination=0
[012:157][157711] (connection.cc:1824): Conn[4920cc00C--W|-|0|0|-|-]: Sent STUN BINDING request, id=5151395a624166753161552f, use_candidate=0, nomination=0
[012:157][157711] (connection.cc:1824): Conn[49190c00C--W|-|0|0|-|-]: Sent STUN BINDING request, id=4748622b7444666253367864, use_candidate=0, nomination=0
[012:157][157711] (turn_port.cc:798): TurnPort(Port[3f887200:0:1:0:relay:Net[pdp_ip0:22.202.73.x/32:Cellular:id=4]]-Remote[103.63.112.54:3478/udp]: CreateConnection with candidate: Cand[:3150993685:1:udp:58607872:103.63.112.54:39749:relay:171.255.170.223:34987:ZkP7:umZcOP7T9KMfso4umKMgJ6zA:3:900:0], state: 2, local_candidate_size: 1
[012:157][157711] (connection.cc:269): Conn[52461800:0:Net[pdp_ip0:22.202.73.x/32:Cellular:id=4]:sYyK77tr:1:0:relay:udp:103.63.112.x:61094->HA4eNK4k:1:58607872:relay:udp:103.63.112.x:39749|C--W|-|0|0|-|251446210466714112|-][0 us][0 us]: Connection created
[012:157][157711] (turn_port.cc:2047): TurnPort(Port[3f887200:0:1:0:relay:Net[pdp_ip0:22.202.73.x/32:Cellular:id=4]]-Remote[103.63.112.54:3478/udp]: TURN create permission request sent, id=4d4c4e44307555547650354f with address: 103.63.112.54:39749
[012:157][157711] (p2p_transport_channel.cc:1567): Channel[0|1|__: Created connection with origin: 2, total: 6
[012:157][157711] (turn_port.cc:798): TurnPort(Port[3f886800:0:1:0:relay:Net[pdp_ip0:22.202.73.x/32:Cellular:id=4]]-Remote[58.186.3.44:3478/udp]: CreateConnection with candidate: Cand[:3150993685:1:udp:58607872:103.63.112.54:39749:relay:171.255.170.223:34987:ZkP7:umZcOP7T9KMfso4umKMgJ6zA:3:900:0], state: 2, local_candidate_size: 1
[012:157][157711] (connection.cc:269): Conn[52462400:0:Net[pdp_ip0:22.202.73.x/32:Cellular:id=4]:U2AZaj9P:1:0:relay:udp:58.186.3.x:37612->HA4eNK4k:1:58607872:relay:udp:103.63.112.x:39749|C--W|-|0|0|-|251446210466714112|-][0 us][0 us]: Connection created
[012:157][157711] (turn_port.cc:2047): TurnPort(Port[3f886800:0:1:0:relay:Net[pdp_ip0:22.202.73.x/32:Cellular:id=4]]-Remote[58.186.3.44:3478/udp]: TURN create permission request sent, id=6d5a4f536973795a72525938 with address: 103.63.112.54:39749
[012:157][157711] (p2p_transport_channel.cc:1567): Channel[0|1|__: Created connection with origin: 2, total: 7
[012:157][157711] (turn_port.cc:798): TurnPort(Port[3f887700:0:1:0:relay:Net[pdp_ip0:22.202.73.x/32:Cellular:id=4]]-Remote[171.226.10.227:3478/udp]: CreateConnection with candidate: Cand[:3150993685:1:udp:58607872:103.63.112.54:39749:relay:171.255.170.223:34987:ZkP7:umZcOP7T9KMfso4umKMgJ6zA:3:900:0], state: 2, local_candidate_size: 1
[012:157][157711] (connection.cc:269): Conn[52463000:0:Net[pdp_ip0:22.202.73.x/32:Cellular:id=4]:CgcZTOaN:1:0:relay:udp:171.226.10.x:45987->HA4eNK4k:1:58607872:relay:udp:103.63.112.x:39749|C--W|-|0|0|-|251451708024852992|-][0 us][0 us]: Connection created
[012:157][157711] (turn_port.cc:2047): TurnPort(Port[3f887700:0:1:0:relay:Net[pdp_ip0:22.202.73.x/32:Cellular:id=4]]-Remote[171.226.10.227:3478/udp]: TURN create permission request sent, id=784e764d754775676a596963 with address: 103.63.112.54:39749
[012:157][157711] (p2p_transport_channel.cc:1567): Channel[0|1|__: Created connection with origin: 2, total: 8
[012:157][157711] (turn_port.cc:798): TurnPort(Port[4939c000:0:1:0:relay:Net[pdp_ip0:22.202.73.x/32:Cellular:id=4]]-Remote[116.103.111.243:3478/udp]: CreateConnection with candidate: Cand[:3150993685:1:udp:58607872:103.63.112.54:39749:relay:171.255.170.223:34987:ZkP7:umZcOP7T9KMfso4umKMgJ6zA:3:900:0], state: 2, local_candidate_size: 1
[012:157][157711] (connection.cc:269): Conn[528a8000:0:Net[pdp_ip0:22.202.73.x/32:Cellular:id=4]:9o9ppjeo:1:0:relay:udp:116.103.111.x:30206->HA4eNK4k:1:58607872:relay:udp:103.63.112.x:39749|C--W|-|0|0|-|251451708024852992|-][0 us][0 us]: Connection created
[012:157][157711] (turn_port.cc:2047): TurnPort(Port[4939c000:0:1:0:relay:Net[pdp_ip0:22.202.73.x/32:Cellular:id=4]]-Remote[116.103.111.243:3478/udp]: TURN create permission request sent, id=336e6177476e36675a426c7a with address: 103.63.112.54:39749
[012:157][157711] (p2p_transport_channel.cc:1567): Channel[0|1|__: Created connection with origin: 2, total: 9
[012:157][157711] (p2p_transport_channel.cc:1531): Channel[0|1|__: skip creating connection host to relay, port: UDPPort(Port[50301500:0:1:0:host:Net[pdp_ip0:2402:800:75d9:x:x:x:x:x/64:Cellular:id=5]]), remote: Cand[:3150993685:1:udp:58607872:103.63.112.54:39749:relay:171.255.170.223:34987:ZkP7:umZcOP7T9KMfso4umKMgJ6zA:3:900:0]
[012:157][157711] (p2p_transport_channel.cc:1531): Channel[0|1|__: skip creating connection host to relay, port: UDPPort(Port[50301180:0:1:0:host:Net[pdp_ip0:22.202.73.x/32:Cellular:id=4]]), remote: Cand[:3150993685:1:udp:58607872:103.63.112.54:39749:relay:171.255.170.223:34987:ZkP7:umZcOP7T9KMfso4umKMgJ6zA:3:900:0]
[012:157][157711] (p2p_transport_channel.cc:1495): CreateConnections: candidate: Cand[:3150993685:1:udp:58607872:103.63.112.54:39749:relay:171.255.170.223:34987:ZkP7:umZcOP7T9KMfso4umKMgJ6zA:3:900:0], port_size: 6, created = 0 with no origin_port
[012:157][157711] (wrapping_active_ice_controller.cc:223): Not switching selected connection due to: new candidate pairs created from a new remote candidate
[012:157][157711] (turn_port.cc:798): TurnPort(Port[3f887200:0:1:0:relay:Net[pdp_ip0:22.202.73.x/32:Cellular:id=4]]-Remote[103.63.112.54:3478/udp]: CreateConnection with candidate: Cand[:879798726:1:udp:58608384:171.226.10.227:24571:relay:171.255.170.223:45491:ZkP7:umZcOP7T9KMfso4umKMgJ6zA:3:900:0], state: 2, local_candidate_size: 1
[012:157][157711] (connection.cc:269): Conn[528a8c00:0:Net[pdp_ip0:22.202.73.x/32:Cellular:id=4]:sYyK77tr:1:0:relay:udp:103.63.112.x:61094->3mERgZcj:1:58608384:relay:udp:171.226.10.x:24571|C--W|-|0|0|-|251446210466715136|-][0 us][0 us]: Connection created
[012:157][157711] (turn_port.cc:2047): TurnPort(Port[3f887200:0:1:0:relay:Net[pdp_ip0:22.202.73.x/32:Cellular:id=4]]-Remote[103.63.112.54:3478/udp]: TURN create permission request sent, id=78536d63466e6b3953482b4e with address: 171.226.10.227:24571
[012:157][157711] (p2p_transport_channel.cc:1567): Channel[0|1|__: Created connection with origin: 2, total: 10
[012:157][157711] (turn_port.cc:798): TurnPort(Port[3f886800:0:1:0:relay:Net[pdp_ip0:22.202.73.x/32:Cellular:id=4]]-Remote[58.186.3.44:3478/udp]: CreateConnection with candidate: Cand[:879798726:1:udp:58608384:171.226.10.227:24571:relay:171.255.170.223:45491:ZkP7:umZcOP7T9KMfso4umKMgJ6zA:3:900:0], state: 2, local_candidate_size: 1
[012:157][157711] (connection.cc:269): Conn[528a9800:0:Net[pdp_ip0:22.202.73.x/32:Cellular:id=4]:U2AZaj9P:1:0:relay:udp:58.186.3.x:37612->3mERgZcj:1:58608384:relay:udp:171.226.10.x:24571|C--W|-|0|0|-|251446210466715136|-][0 us][0 us]: Connection created
[012:157][157711] (turn_port.cc:2047): TurnPort(Port[3f886800:0:1:0:relay:Net[pdp_ip0:22.202.73.x/32:Cellular:id=4]]-Remote[58.186.3.44:3478/udp]: TURN create permission request sent, id=314d543435373132776e4952 with address: 171.226.10.227:24571
[012:157][157711] (p2p_transport_channel.cc:1567): Channel[0|1|__: Created connection with origin: 2, total: 11
[012:157][157711] (turn_port.cc:798): TurnPort(Port[3f887700:0:1:0:relay:Net[pdp_ip0:22.202.73.x/32:Cellular:id=4]]-Remote[171.226.10.227:3478/udp]: CreateConnection with candidate: Cand[:879798726:1:udp:58608384:171.226.10.227:24571:relay:171.255.170.223:45491:ZkP7:umZcOP7T9KMfso4umKMgJ6zA:3:900:0], state: 2, local_candidate_size: 1
[012:157][157711] (connection.cc:269): Conn[528aa400:0:Net[pdp_ip0:22.202.73.x/32:Cellular:id=4]:CgcZTOaN:1:0:relay:udp:171.226.10.x:45987->3mERgZcj:1:58608384:relay:udp:171.226.10.x:24571|C--W|-|0|0|-|251451708024854016|-][0 us][0 us]: Connection created
[012:157][157711] (turn_port.cc:2047): TurnPort(Port[3f887700:0:1:0:relay:Net[pdp_ip0:22.202.73.x/32:Cellular:id=4]]-Remote[171.226.10.227:3478/udp]: TURN create permission request sent, id=75566a5a7349637341364e31 with address: 171.226.10.227:24571
[012:157][157711] (p2p_transport_channel.cc:1567): Channel[0|1|__: Created connection with origin: 2, total: 12
[012:157][157711] (turn_port.cc:798): TurnPort(Port[4939c000:0:1:0:relay:Net[pdp_ip0:22.202.73.x/32:Cellular:id=4]]-Remote[116.103.111.243:3478/udp]: CreateConnection with candidate: Cand[:879798726:1:udp:58608384:171.226.10.227:24571:relay:171.255.170.223:45491:ZkP7:umZcOP7T9KMfso4umKMgJ6zA:3:900:0], state: 2, local_candidate_size: 1
[012:157][157711] (connection.cc:269): Conn[528ab000:0:Net[pdp_ip0:22.202.73.x/32:Cellular:id=4]:9o9ppjeo:1:0:relay:udp:116.103.111.x:30206->3mERgZcj:1:58608384:relay:udp:171.226.10.x:24571|C--W|-|0|0|-|251451708024854016|-][0 us][0 us]: Connection created
[012:157][157711] (turn_port.cc:2047): TurnPort(Port[4939c000:0:1:0:relay:Net[pdp_ip0:22.202.73.x/32:Cellular:id=4]]-Remote[116.103.111.243:3478/udp]: TURN create permission request sent, id=5974382f5250784a6762372b with address: 171.226.10.227:24571
[012:157][157711] (p2p_transport_channel.cc:1567): Channel[0|1|__: Created connection with origin: 2, total: 13
[012:157][157711] (p2p_transport_channel.cc:1531): Channel[0|1|__: skip creating connection host to relay, port: UDPPort(Port[50301500:0:1:0:host:Net[pdp_ip0:2402:800:75d9:x:x:x:x:x/64:Cellular:id=5]]), remote: Cand[:879798726:1:udp:58608384:171.226.10.227:24571:relay:171.255.170.223:45491:ZkP7:umZcOP7T9KMfso4umKMgJ6zA:3:900:0]
[012:157][157711] (p2p_transport_channel.cc:1531): Channel[0|1|__: skip creating connection host to relay, port: UDPPort(Port[50301180:0:1:0:host:Net[pdp_ip0:22.202.73.x/32:Cellular:id=4]]), remote: Cand[:879798726:1:udp:58608384:171.226.10.227:24571:relay:171.255.170.223:45491:ZkP7:umZcOP7T9KMfso4umKMgJ6zA:3:900:0]
[012:157][157711] (p2p_transport_channel.cc:1495): CreateConnections: candidate: Cand[:879798726:1:udp:58608384:171.226.10.227:24571:relay:171.255.170.223:45491:ZkP7:umZcOP7T9KMfso4umKMgJ6zA:3:900:0], port_size: 6, created = 0 with no origin_port
[012:157][157711] (wrapping_active_ice_controller.cc:223): Not switching selected connection due to: new candidate pairs created from a new remote candidate
[012:157][157711] (turn_port.cc:798): TurnPort(Port[3f887200:0:1:0:relay:Net[pdp_ip0:22.202.73.x/32:Cellular:id=4]]-Remote[103.63.112.54:3478/udp]: CreateConnection with candidate: Cand[:39978929:1:udp:58604288:160.250.77.138:39829:relay:171.255.170.223:47415:ZkP7:umZcOP7T9KMfso4umKMgJ6zA:3:900:0], state: 2, local_candidate_size: 1
[012:157][157711] (connection.cc:269): Conn[52968000:0:Net[pdp_ip0:22.202.73.x/32:Cellular:id=4]:sYyK77tr:1:0:relay:udp:103.63.112.x:61094->ALytJ7ze:1:58604288:relay:udp:160.250.77.x:39829|C--W|-|0|0|-|251446210466706944|-][0 us][0 us]: Connection created
[012:157][157711] (turn_port.cc:2047): TurnPort(Port[3f887200:0:1:0:relay:Net[pdp_ip0:22.202.73.x/32:Cellular:id=4]]-Remote[103.63.112.54:3478/udp]: TURN create permission request sent, id=67596f3569443831636a4735 with address: 160.250.77.138:39829
[012:157][157711] (p2p_transport_channel.cc:1567): Channel[0|1|__: Created connection with origin: 2, total: 14
[012:157][157711] (turn_port.cc:798): TurnPort(Port[3f886800:0:1:0:relay:Net[pdp_ip0:22.202.73.x/32:Cellular:id=4]]-Remote[58.186.3.44:3478/udp]: CreateConnection with candidate: Cand[:39978929:1:udp:58604288:160.250.77.138:39829:relay:171.255.170.223:47415:ZkP7:umZcOP7T9KMfso4umKMgJ6zA:3:900:0], state: 2, local_candidate_size: 1
[012:157][157711] (connection.cc:269): Conn[52968c00:0:Net[pdp_ip0:22.202.73.x/32:Cellular:id=4]:U2AZaj9P:1:0:relay:udp:58.186.3.x:37612->ALytJ7ze:1:58604288:relay:udp:160.250.77.x:39829|C--W|-|0|0|-|251446210466706944|-][0 us][0 us]: Connection created
[012:161][257367] (audio_device_buffer.cc:347): Size of playout buffer: 480
[012:168][157711] (turn_port.cc:2047): TurnPort(Port[3f886800:0:1:0:relay:Net[pdp_ip0:22.202.73.x/32:Cellular:id=4]]-Remote[58.186.3.44:3478/udp]: TURN create permission request sent, id=724574777a5a453775305246 with address: 160.250.77.138:39829
[012:168][157711] (p2p_transport_channel.cc:1567): Channel[0|1|__: Created connection with origin: 2, total: 15
[012:168][157711] (turn_port.cc:798): TurnPort(Port[3f887700:0:1:0:relay:Net[pdp_ip0:22.202.73.x/32:Cellular:id=4]]-Remote[171.226.10.227:3478/udp]: CreateConnection with candidate: Cand[:39978929:1:udp:58604288:160.250.77.138:39829:relay:171.255.170.223:47415:ZkP7:umZcOP7T9KMfso4umKMgJ6zA:3:900:0], state: 2, local_candidate_size: 1
[012:168][157711] (connection.cc:269): Conn[52969800:0:Net[pdp_ip0:22.202.73.x/32:Cellular:id=4]:CgcZTOaN:1:0:relay:udp:171.226.10.x:45987->ALytJ7ze:1:58604288:relay:udp:160.250.77.x:39829|C--W|-|0|0|-|251451708024845824|-][0 us][0 us]: Connection created
[012:169][157711] (turn_port.cc:2047): TurnPort(Port[3f887700:0:1:0:relay:Net[pdp_ip0:22.202.73.x/32:Cellular:id=4]]-Remote[171.226.10.227:3478/udp]: TURN create permission request sent, id=334e447045496a614d2f516f with address: 160.250.77.138:39829
[012:169][157711] (p2p_transport_channel.cc:1567): Channel[0|1|__: Created connection with origin: 2, total: 16
[012:169][157711] (turn_port.cc:798): TurnPort(Port[4939c000:0:1:0:relay:Net[pdp_ip0:22.202.73.x/32:Cellular:id=4]]-Remote[116.103.111.243:3478/udp]: CreateConnection with candidate: Cand[:39978929:1:udp:58604288:160.250.77.138:39829:relay:171.255.170.223:47415:ZkP7:umZcOP7T9KMfso4umKMgJ6zA:3:900:0], state: 2, local_candidate_size: 1
[012:169][157711] (connection.cc:269): Conn[5296a400:0:Net[pdp_ip0:22.202.73.x/32:Cellular:id=4]:9o9ppjeo:1:0:relay:udp:116.103.111.x:30206->ALytJ7ze:1:58604288:relay:udp:160.250.77.x:39829|C--W|-|0|0|-|251451708024845824|-][0 us][0 us]: Connection created
[012:169][157711] (turn_port.cc:2047): TurnPort(Port[4939c000:0:1:0:relay:Net[pdp_ip0:22.202.73.x/32:Cellular:id=4]]-Remote[116.103.111.243:3478/udp]: TURN create permission request sent, id=542f432f4d5650773447726a with address: 160.250.77.138:39829
[012:169][157711] (p2p_transport_channel.cc:1567): Channel[0|1|__: Created connection with origin: 2, total: 17
[012:169][157711] (p2p_transport_channel.cc:1531): Channel[0|1|__: skip creating connection host to relay, port: UDPPort(Port[50301500:0:1:0:host:Net[pdp_ip0:2402:800:75d9:x:x:x:x:x/64:Cellular:id=5]]), remote: Cand[:39978929:1:udp:58604288:160.250.77.138:39829:relay:171.255.170.223:47415:ZkP7:umZcOP7T9KMfso4umKMgJ6zA:3:900:0]
[012:169][157711] (p2p_transport_channel.cc:1531): Channel[0|1|__: skip creating connection host to relay, port: UDPPort(Port[50301180:0:1:0:host:Net[pdp_ip0:22.202.73.x/32:Cellular:id=4]]), remote: Cand[:39978929:1:udp:58604288:160.250.77.138:39829:relay:171.255.170.223:47415:ZkP7:umZcOP7T9KMfso4umKMgJ6zA:3:900:0]
[012:169][157711] (p2p_transport_channel.cc:1495): CreateConnections: candidate: Cand[:39978929:1:udp:58604288:160.250.77.138:39829:relay:171.255.170.223:47415:ZkP7:umZcOP7T9KMfso4umKMgJ6zA:3:900:0], port_size: 6, created = 0 with no origin_port
[012:169][157711] (wrapping_active_ice_controller.cc:223): Not switching selected connection due to: new candidate pairs created from a new remote candidate
[012:169][157711] (thread.cc:557): Message to network_thread 0x0x110cdb000 took 12ms to dispatch.
[012:169][157711] (connection.cc:1824): Conn[528ab000C--W|-|0|0|-|-]: Sent STUN BINDING request, id=7439415a2f47794a6949514f, use_candidate=0, nomination=0
[012:169][157711] (connection.cc:1824): Conn[528aa400C--W|-|0|0|-|-]: Sent STUN BINDING request, id=624d635a7056786f4d534658, use_candidate=0, nomination=0
[012:169][157711] (connection.cc:1824): Conn[528a8000C--W|-|0|0|-|-]: Sent STUN BINDING request, id=774c7231655379365550785a, use_candidate=0, nomination=0
[012:169][157711] (connection.cc:1824): Conn[52463000C--W|-|0|0|-|-]: Sent STUN BINDING request, id=786d4b4a64355035474b4d72, use_candidate=0, nomination=0
[012:169][157711] (connection.cc:1824): Conn[5296a400C--W|-|0|0|-|-]: Sent STUN BINDING request, id=36454a61556f7a7551725751, use_candidate=0, nomination=0
[012:169][157711] (connection.cc:1824): Conn[52969800C--W|-|0|0|-|-]: Sent STUN BINDING request, id=4b5338474f50567039386762, use_candidate=0, nomination=0
[012:169][157711] (connection.cc:1824): Conn[528a8c00C--W|-|0|0|-|-]: Sent STUN BINDING request, id=42347a4f4568434f41784534, use_candidate=0, nomination=0
[012:170][157711] (connection.cc:1824): Conn[528a9800C--W|-|0|0|-|-]: Sent STUN BINDING request, id=726138444647512f7143542b, use_candidate=0, nomination=0
[012:170][157711] (connection.cc:1824): Conn[52461800C--W|-|0|0|-|-]: Sent STUN BINDING request, id=7330497543334b767464656f, use_candidate=0, nomination=0
[012:170][157711] (connection.cc:1824): Conn[52462400C--W|-|0|0|-|-]: Sent STUN BINDING request, id=4a6c656748706e664b455364, use_candidate=0, nomination=0
[012:170][157711] (connection.cc:1824): Conn[52968000C--W|-|0|0|-|-]: Sent STUN BINDING request, id=42584b566d504e4743555776, use_candidate=0, nomination=0
[012:170][157711] (connection.cc:1824): Conn[52968c00C--W|-|0|0|-|-]: Sent STUN BINDING request, id=396e5a656646735a55323254, use_candidate=0, nomination=0
[012:185][157711] (turn_port.cc:2055): TurnPort(Port[4939c000:0:1:0:relay:Net[pdp_ip0:22.202.73.x/32:Cellular:id=4]]-Remote[116.103.111.243:3478/udp]: TURN permission requested successfully, id=724e4d7a72554751744b5230, code=0, rtt=28635 us
[012:185][157711] (turn_port.cc:2271): TurnEntry(37cf48c0:0:TurnPort(Port[4939c000:0:1:0:relay:Net[pdp_ip0:22.202.73.x/32:Cellular:id=4]]-Remote[116.103.111.243:3478/udp][Ext:116.103.111.x:26468][Conn(1)[52460c00]]): Create permission for 116.103.111.x:26468 succeeded
[012:185][157711] (connection.cc:439): Conn[52460c00:0:Net[pdp_ip0:22.202.73.x/32:Cellular:id=4]:9o9ppjeo:1:0:relay:udp:116.103.111.x:30206->nhZlDnV/:1:58605312:relay:udp:116.103.111.x:26468|C--I|-|0|0|p|251451708024847872|-][549244842999 us][0 us]: SetTurnPermissioned
[012:185][157711] (connection.cc:1824): Conn[52460c00C--I|-|0|0|p|-]: Sent STUN BINDING request, id=635270636549427442415633, use_candidate=0, nomination=0
[012:185][157711] (turn_port.cc:2055): TurnPort(Port[4939c000:0:1:0:relay:Net[pdp_ip0:22.202.73.x/32:Cellular:id=4]]-Remote[116.103.111.243:3478/udp]: TURN permission requested successfully, id=336e6177476e36675a426c7a, code=0, rtt=27849 us
[012:185][157711] (turn_port.cc:2271): TurnEntry(501a2bc0:0:TurnPort(Port[4939c000:0:1:0:relay:Net[pdp_ip0:22.202.73.x/32:Cellular:id=4]]-Remote[116.103.111.243:3478/udp][Ext:103.63.112.x:39749][Conn(1)[528a8000]]): Create permission for 103.63.112.x:39749 succeeded
[012:185][157711] (connection.cc:439): Conn[528a8000:0:Net[pdp_ip0:22.202.73.x/32:Cellular:id=4]:9o9ppjeo:1:0:relay:udp:116.103.111.x:30206->HA4eNK4k:1:58607872:relay:udp:103.63.112.x:39749|C--I|-|0|0|p|251451708024852992|-][549244855834 us][0 us]: SetTurnPermissioned
[012:185][157711] (connection.cc:1824): Conn[528a8000C--I|-|0|0|p|-]: Sent STUN BINDING request, id=7537584a4e6d374f4d756c72, use_candidate=0, nomination=0
[012:185][157711] (turn_port.cc:2055): TurnPort(Port[4939c000:0:1:0:relay:Net[pdp_ip0:22.202.73.x/32:Cellular:id=4]]-Remote[116.103.111.243:3478/udp]: TURN permission requested successfully, id=5974382f5250784a6762372b, code=0, rtt=27564 us
[012:185][157711] (turn_port.cc:2271): TurnEntry(13cf6bc0:0:TurnPort(Port[4939c000:0:1:0:relay:Net[pdp_ip0:22.202.73.x/32:Cellular:id=4]]-Remote[116.103.111.243:3478/udp][Ext:171.226.10.x:24571][Conn(1)[528ab000]]): Create permission for 171.226.10.x:24571 succeeded
[012:185][157711] (connection.cc:439): Conn[528ab000:0:Net[pdp_ip0:22.202.73.x/32:Cellular:id=4]:9o9ppjeo:1:0:relay:udp:116.103.111.x:30206->3mERgZcj:1:58608384:relay:udp:171.226.10.x:24571|C--I|-|0|0|p|251451708024854016|-][549244855674 us][0 us]: SetTurnPermissioned
[012:185][157711] (connection.cc:1824): Conn[528ab000C--I|-|0|0|p|-]: Sent STUN BINDING request, id=674470716b4c5551686c754c, use_candidate=0, nomination=0
[012:187][157711] (turn_port.cc:2055): TurnPort(Port[3f887700:0:1:0:relay:Net[pdp_ip0:22.202.73.x/32:Cellular:id=4]]-Remote[171.226.10.227:3478/udp]: TURN permission requested successfully, id=466d52316d55764231325664, code=0, rtt=31174 us
[012:187][157711] (turn_port.cc:2271): TurnEntry(37cf64e0:0:TurnPort(Port[3f887700:0:1:0:relay:Net[pdp_ip0:22.202.73.x/32:Cellular:id=4]]-Remote[171.226.10.227:3478/udp][Ext:116.103.111.x:26468][Conn(1)[52460000]]): Create permission for 116.103.111.x:26468 succeeded
[012:187][157711] (connection.cc:439): Conn[52460000:0:Net[pdp_ip0:22.202.73.x/32:Cellular:id=4]:CgcZTOaN:1:0:relay:udp:171.226.10.x:45987->nhZlDnV/:1:58605312:relay:udp:116.103.111.x:26468|C--I|-|0|0|p|251451708024847872|-][549244843018 us][0 us]: SetTurnPermissioned
[012:187][157711] (connection.cc:1824): Conn[52460000C--I|-|0|0|p|-]: Sent STUN BINDING request, id=683270674c4a36476245596f, use_candidate=0, nomination=0
[012:187][157711] (turn_port.cc:2055): TurnPort(Port[3f887700:0:1:0:relay:Net[pdp_ip0:22.202.73.x/32:Cellular:id=4]]-Remote[171.226.10.227:3478/udp]: TURN permission requested successfully, id=784e764d754775676a596963, code=0, rtt=30353 us
[012:187][157711] (turn_port.cc:2271): TurnEntry(501a3980:0:TurnPort(Port[3f887700:0:1:0:relay:Net[pdp_ip0:22.202.73.x/32:Cellular:id=4]]-Remote[171.226.10.227:3478/udp][Ext:103.63.112.x:39749][Conn(1)[52463000]]): Create permission for 103.63.112.x:39749 succeeded
[012:187][157711] (connection.cc:439): Conn[52463000:0:Net[pdp_ip0:22.202.73.x/32:Cellular:id=4]:CgcZTOaN:1:0:relay:udp:171.226.10.x:45987->HA4eNK4k:1:58607872:relay:udp:103.63.112.x:39749|C--I|-|0|0|p|251451708024852992|-][549244855862 us][0 us]: SetTurnPermissioned
[012:187][157711] (connection.cc:1824): Conn[52463000C--I|-|0|0|p|-]: Sent STUN BINDING request, id=5462326c4749706d70457331, use_candidate=0, nomination=0
[012:187][157711] (turn_port.cc:2055): TurnPort(Port[3f886800:0:1:0:relay:Net[pdp_ip0:22.202.73.x/32:Cellular:id=4]]-Remote[58.186.3.44:3478/udp]: TURN permission requested successfully, id=764971464152512b67704749, code=0, rtt=31332 us
[012:187][157711] (turn_port.cc:2271): TurnEntry(37cf7ca0:0:TurnPort(Port[3f886800:0:1:0:relay:Net[pdp_ip0:22.202.73.x/32:Cellular:id=4]]-Remote[58.186.3.44:3478/udp][Ext:116.103.111.x:26468][Conn(1)[49190c00]]): Create permission for 116.103.111.x:26468 succeeded
[012:187][157711] (connection.cc:439): Conn[49190c00:0:Net[pdp_ip0:22.202.73.x/32:Cellular:id=4]:U2AZaj9P:1:0:relay:udp:58.186.3.x:37612->nhZlDnV/:1:58605312:relay:udp:116.103.111.x:26468|C--I|-|0|0|p|251446210466708992|-][549244843148 us][0 us]: SetTurnPermissioned
[012:187][157711] (connection.cc:1824): Conn[49190c00C--I|-|0|0|p|-]: Sent STUN BINDING request, id=39533779446465485a686a72, use_candidate=0, nomination=0
[012:187][157711] (turn_port.cc:2055): TurnPort(Port[3f886800:0:1:0:relay:Net[pdp_ip0:22.202.73.x/32:Cellular:id=4]]-Remote[58.186.3.44:3478/udp]: TURN permission requested successfully, id=6d5a4f536973795a72525938, code=0, rtt=30492 us
[012:187][157711] (turn_port.cc:2271): TurnEntry(37cf7200:0:TurnPort(Port[3f886800:0:1:0:relay:Net[pdp_ip0:22.202.73.x/32:Cellular:id=4]]-Remote[58.186.3.44:3478/udp][Ext:103.63.112.x:39749][Conn(1)[52462400]]): Create permission for 103.63.112.x:39749 succeeded
[012:187][157711] (connection.cc:439): Conn[52462400:0:Net[pdp_ip0:22.202.73.x/32:Cellular:id=4]:U2AZaj9P:1:0:relay:udp:58.186.3.x:37612->HA4eNK4k:1:58607872:relay:udp:103.63.112.x:39749|C--I|-|0|0|p|251446210466714112|-][549244856049 us][0 us]: SetTurnPermissioned
[012:187][157711] (connection.cc:1824): Conn[52462400C--I|-|0|0|p|-]: Sent STUN BINDING request, id=567561412f44333737616545, use_candidate=0, nomination=0
[012:187][157711] (turn_port.cc:2055): TurnPort(Port[3f887700:0:1:0:relay:Net[pdp_ip0:22.202.73.x/32:Cellular:id=4]]-Remote[171.226.10.227:3478/udp]: TURN permission requested successfully, id=75566a5a7349637341364e31, code=0, rtt=30100 us
[012:187][157711] (turn_port.cc:2271): TurnEntry(13cf6620:0:TurnPort(Port[3f887700:0:1:0:relay:Net[pdp_ip0:22.202.73.x/32:Cellular:id=4]]-Remote[171.226.10.227:3478/udp][Ext:171.226.10.x:24571][Conn(1)[528aa400]]): Create permission for 171.226.10.x:24571 succeeded
[012:187][157711] (connection.cc:439): Conn[528aa400:0:Net[pdp_ip0:22.202.73.x/32:Cellular:id=4]:CgcZTOaN:1:0:relay:udp:171.226.10.x:45987->3mERgZcj:1:58608384:relay:udp:171.226.10.x:24571|C--I|-|0|0|p|251451708024854016|-][549244855798 us][0 us]: SetTurnPermissioned
[012:187][157711] (connection.cc:1824): Conn[528aa400C--I|-|0|0|p|-]: Sent STUN BINDING request, id=44456e56613978615752316e, use_candidate=0, nomination=0
[012:187][157711] (turn_port.cc:2055): TurnPort(Port[3f886800:0:1:0:relay:Net[pdp_ip0:22.202.73.x/32:Cellular:id=4]]-Remote[58.186.3.44:3478/udp]: TURN permission requested successfully, id=314d543435373132776e4952, code=0, rtt=30223 us
[012:187][157711] (turn_port.cc:2271): TurnEntry(13cf4a00:0:TurnPort(Port[3f886800:0:1:0:relay:Net[pdp_ip0:22.202.73.x/32:Cellular:id=4]]-Remote[58.186.3.44:3478/udp][Ext:171.226.10.x:24571][Conn(1)[528a9800]]): Create permission for 171.226.10.x:24571 succeeded
[012:187][157711] (connection.cc:439): Conn[528a9800:0:Net[pdp_ip0:22.202.73.x/32:Cellular:id=4]:U2AZaj9P:1:0:relay:udp:58.186.3.x:37612->3mERgZcj:1:58608384:relay:udp:171.226.10.x:24571|C--I|-|0|0|p|251446210466715136|-][549244855991 us][0 us]: SetTurnPermissioned
[012:187][157711] (connection.cc:1824): Conn[528a9800C--I|-|0|0|p|-]: Sent STUN BINDING request, id=2b4c426f3346454c76424854, use_candidate=0, nomination=0
[012:195][157711] (turn_port.cc:2055): TurnPort(Port[3f887200:0:1:0:relay:Net[pdp_ip0:22.202.73.x/32:Cellular:id=4]]-Remote[103.63.112.54:3478/udp]: TURN permission requested successfully, id=793879765a7834306f4f3470, code=0, rtt=39297 us
[012:195][157711] (turn_port.cc:2271): TurnEntry(37cf6800:0:TurnPort(Port[3f887200:0:1:0:relay:Net[pdp_ip0:22.202.73.x/32:Cellular:id=4]]-Remote[103.63.112.54:3478/udp][Ext:116.103.111.x:26468][Conn(1)[4920cc00]]): Create permission for 116.103.111.x:26468 succeeded
[012:195][157711] (connection.cc:439): Conn[4920cc00:0:Net[pdp_ip0:22.202.73.x/32:Cellular:id=4]:sYyK77tr:1:0:relay:udp:103.63.112.x:61094->nhZlDnV/:1:58605312:relay:udp:116.103.111.x:26468|C--I|-|0|0|p|251446210466708992|-][549244843047 us][0 us]: SetTurnPermissioned
[012:195][157711] (connection.cc:1824): Conn[4920cc00C--I|-|0|0|p|-]: Sent STUN BINDING request, id=69784e4c434f493942533366, use_candidate=0, nomination=0
[012:197][157711] (turn_port.cc:2055): TurnPort(Port[3f887200:0:1:0:relay:Net[pdp_ip0:22.202.73.x/32:Cellular:id=4]]-Remote[103.63.112.54:3478/udp]: TURN permission requested successfully, id=4d4c4e44307555547650354f, code=0, rtt=40336 us
[012:197][157711] (turn_port.cc:2271): TurnEntry(2ca82bc0:0:TurnPort(Port[3f887200:0:1:0:relay:Net[pdp_ip0:22.202.73.x/32:Cellular:id=4]]-Remote[103.63.112.54:3478/udp][Ext:103.63.112.x:39749][Conn(1)[52461800]]): Create permission for 103.63.112.x:39749 succeeded
[012:197][157711] (connection.cc:439): Conn[52461800:0:Net[pdp_ip0:22.202.73.x/32:Cellular:id=4]:sYyK77tr:1:0:relay:udp:103.63.112.x:61094->HA4eNK4k:1:58607872:relay:udp:103.63.112.x:39749|C--I|-|0|0|p|251446210466714112|-][549244856024 us][0 us]: SetTurnPermissioned
[012:197][157711] (connection.cc:1824): Conn[52461800C--I|-|0|0|p|-]: Sent STUN BINDING request, id=30526f34396b2f30777a2f71, use_candidate=0, nomination=0
[012:197][157711] (turn_port.cc:2055): TurnPort(Port[3f887200:0:1:0:relay:Net[pdp_ip0:22.202.73.x/32:Cellular:id=4]]-Remote[103.63.112.54:3478/udp]: TURN permission requested successfully, id=78536d63466e6b3953482b4e, code=0, rtt=40010 us
[012:197][157711] (turn_port.cc:2271): TurnEntry(501a28a0:0:TurnPort(Port[3f887200:0:1:0:relay:Net[pdp_ip0:22.202.73.x/32:Cellular:id=4]]-Remote[103.63.112.54:3478/udp][Ext:171.226.10.x:24571][Conn(1)[528a8c00]]): Create permission for 171.226.10.x:24571 succeeded
[012:197][157711] (connection.cc:439): Conn[528a8c00:0:Net[pdp_ip0:22.202.73.x/32:Cellular:id=4]:sYyK77tr:1:0:relay:udp:103.63.112.x:61094->3mERgZcj:1:58608384:relay:udp:171.226.10.x:24571|C--I|-|0|0|p|251446210466715136|-][549244855968 us][0 us]: SetTurnPermissioned
[012:197][157711] (connection.cc:1824): Conn[528a8c00C--I|-|0|0|p|-]: Sent STUN BINDING request, id=73767a6c355a6a4e512f6861, use_candidate=0, nomination=0
[012:197][157711] (turn_port.cc:2055): TurnPort(Port[3f887200:0:1:0:relay:Net[pdp_ip0:22.202.73.x/32:Cellular:id=4]]-Remote[103.63.112.54:3478/udp]: TURN permission requested successfully, id=67596f3569443831636a4735, code=0, rtt=39776 us
[012:197][157711] (turn_port.cc:2271): TurnEntry(13cf4780:0:TurnPort(Port[3f887200:0:1:0:relay:Net[pdp_ip0:22.202.73.x/32:Cellular:id=4]]-Remote[103.63.112.54:3478/udp][Ext:160.250.77.x:39829][Conn(1)[52968000]]): Create permission for 160.250.77.x:39829 succeeded
[012:197][157711] (connection.cc:439): Conn[52968000:0:Net[pdp_ip0:22.202.73.x/32:Cellular:id=4]:sYyK77tr:1:0:relay:udp:103.63.112.x:61094->ALytJ7ze:1:58604288:relay:udp:160.250.77.x:39829|C--I|-|0|0|p|251446210466706944|-][549244856074 us][0 us]: SetTurnPermissioned
[012:197][157711] (connection.cc:1824): Conn[52968000C--I|-|0|0|p|-]: Sent STUN BINDING request, id=784771696d2b623658316164, use_candidate=0, nomination=0
[012:202][157711] (turn_port.cc:2055): TurnPort(Port[4939c000:0:1:0:relay:Net[pdp_ip0:22.202.73.x/32:Cellular:id=4]]-Remote[116.103.111.243:3478/udp]: TURN permission requested successfully, id=542f432f4d5650773447726a, code=0, rtt=33510 us
[012:202][157711] (turn_port.cc:2271): TurnEntry(2cbe0460:0:TurnPort(Port[4939c000:0:1:0:relay:Net[pdp_ip0:22.202.73.x/32:Cellular:id=4]]-Remote[116.103.111.243:3478/udp][Ext:160.250.77.x:39829][Conn(1)[5296a400]]): Create permission for 160.250.77.x:39829 succeeded
[012:202][157711] (connection.cc:439): Conn[5296a400:0:Net[pdp_ip0:22.202.73.x/32:Cellular:id=4]:9o9ppjeo:1:0:relay:udp:116.103.111.x:30206->ALytJ7ze:1:58604288:relay:udp:160.250.77.x:39829|C--I|-|0|0|p|251451708024845824|-][549244855922 us][0 us]: SetTurnPermissioned
[012:202][157711] (connection.cc:1824): Conn[5296a400C--I|-|0|0|p|-]: Sent STUN BINDING request, id=4f46396454615a4b43416a76, use_candidate=0, nomination=0
[012:202][157711] (turn_port.cc:2055): TurnPort(Port[3f887700:0:1:0:relay:Net[pdp_ip0:22.202.73.x/32:Cellular:id=4]]-Remote[171.226.10.227:3478/udp]: TURN permission requested successfully, id=334e447045496a614d2f516f, code=0, rtt=34335 us
[012:202][157711] (turn_port.cc:2271): TurnEntry(2cbe1fe0:0:TurnPort(Port[3f887700:0:1:0:relay:Net[pdp_ip0:22.202.73.x/32:Cellular:id=4]]-Remote[171.226.10.227:3478/udp][Ext:160.250.77.x:39829][Conn(1)[52969800]]): Create permission for 160.250.77.x:39829 succeeded
[012:203][157711] (connection.cc:439): Conn[52969800:0:Net[pdp_ip0:22.202.73.x/32:Cellular:id=4]:CgcZTOaN:1:0:relay:udp:171.226.10.x:45987->ALytJ7ze:1:58604288:relay:udp:160.250.77.x:39829|C--I|-|0|0|p|251451708024845824|-][549244855948 us][0 us]: SetTurnPermissioned
[012:203][157711] (connection.cc:1824): Conn[52969800C--I|-|0|0|p|-]: Sent STUN BINDING request, id=3566693152545a4b48473471, use_candidate=0, nomination=0
[012:203][157711] (turn_port.cc:2055): TurnPort(Port[3f886800:0:1:0:relay:Net[pdp_ip0:22.202.73.x/32:Cellular:id=4]]-Remote[58.186.3.44:3478/udp]: TURN permission requested successfully, id=724574777a5a453775305246, code=0, rtt=45134 us
[012:203][157711] (turn_port.cc:2271): TurnEntry(2cbe30c0:0:TurnPort(Port[3f886800:0:1:0:relay:Net[pdp_ip0:22.202.73.x/32:Cellular:id=4]]-Remote[58.186.3.44:3478/udp][Ext:160.250.77.x:39829][Conn(1)[52968c00]]): Create permission for 160.250.77.x:39829 succeeded
[012:203][157711] (connection.cc:439): Conn[52968c00:0:Net[pdp_ip0:22.202.73.x/32:Cellular:id=4]:U2AZaj9P:1:0:relay:udp:58.186.3.x:37612->ALytJ7ze:1:58604288:relay:udp:160.250.77.x:39829|C--I|-|0|0|p|251446210466706944|-][549244856100 us][0 us]: SetTurnPermissioned
[012:203][157711] (connection.cc:1824): Conn[52968c00C--I|-|0|0|p|-]: Sent STUN BINDING request, id=78434337654a416762745358, use_candidate=0, nomination=0
[012:216][157711] (connection.cc:1702): Conn[52460c00C--I|-|0|0|p|-]: Received STUN BINDING response, id=39383530736f6b7030544c4a, code=0, rtt=59054 us, pings_since_last_response=39383530736f6b7030544c4a 635270636549427442415633 
[012:216][157711] (connection.cc:407): Conn[52460c00C--I|-|0|0|p|-]: set_receiving to 1
[012:216][157711] (connection.cc:380): Conn[52460c00CRWI|-|0|0|p|-]: set_write_state from: 2 to 0
[012:216][157711] (wrapping_active_ice_controller.cc:216): Switching selected connection due to: first candidate pair selected with connect:Conn[52460c00:0:Net[pdp_ip0:22.202.73.x/32:Cellular:id=4]:9o9ppjeo:1:0:relay:udp:116.103.111.x:30206->nhZlDnV/:1:58605312:relay:udp:116.103.111.x:26468|CRWS|-|0|0|p|251451708024847872|59][549244871182 us][0 us]
[012:216][157711] (p2p_transport_channel.cc:1942): Channel[0|1|__: New selected connection: Conn[52460c00:0:Net[pdp_ip0:22.202.73.x/32:Cellular:id=4]:9o9ppjeo:1:0:relay:udp:116.103.111.x:30206->nhZlDnV/:1:58605312:relay:udp:116.103.111.x:26468|CRWS|S|0|0|p|251451708024847872|59][549244871182 us][0 us]
[012:216][157711] (channel.cc:392): Network route changed for {mid: 0, media_type: audio}
[012:216][157711] (dtls_transport.cc:814): DtlsTransport[0|1|__]: ice_transport writable state changed to 1 dtls_state: kNew
[012:216][157711] (dtls_transport.cc:1217): DtlsTransport[0|1|__]: configuring DTLS handshake timeout 118ms based on ICE RTT 59
[012:216][157711] (dtls_transport.cc:1067): DtlsTransport[0|1|__]: DtlsTransportInternalImpl: Start DTLS handshake active=1 role=server
[012:216][145683] (rtp_transport_controller_send.cc:370): Network route changed on transport 0: new_route = [ connected: 1 local: [ 4/4 Cellular turn: 1 ] remote: [ 4/3 Cellular turn: 1 ] packet_overhead_bytes: 28 ]
[012:217][157711] (openssl_adapter.cc:811): TLS server start_accept
[012:217][157711] (openssl_adapter.cc:811): TLS server read_client_hello
[012:217][157711] (openssl_adapter.cc:811): TLS server read_client_hello
[012:217][157711] (srtp_transport.cc:255): The params in SRTP transport are reset.
[012:217][157711] (jsep_transport_controller.cc:1284): 0 Transport 1 state changed. Check if state is complete.
[012:217][158479] (peer_connection.cc:2054): Changing standardized IceConnectionState checking => connected
[012:232][157711] (connection.cc:957): Conn[52460c00CRWS|S|0|0|p|59]: Sent STUN BINDING response, to=116.103.111.x:26468, writable=1, id=3132426a6358676339424d36
[012:236][157711] (connection.cc:1702): Conn[49190c00C--I|-|0|0|p|-]: Received STUN BINDING response, id=4748622b7444666253367864, code=0, rtt=79582 us, pings_since_last_response=4748622b7444666253367864 39533779446465485a686a72 
[012:236][157711] (connection.cc:407): Conn[49190c00C--I|-|0|0|p|-]: set_receiving to 1
[012:236][157711] (connection.cc:380): Conn[49190c00CRWI|-|0|0|p|-]: set_write_state from: 2 to 0
[012:236][157711] (wrapping_active_ice_controller.cc:223): Not switching selected connection due to: candidate pair state changed
[012:242][157711] (connection.cc:1702): Conn[52460000C--I|-|0|0|p|-]: Received STUN BINDING response, id=6676386e306452672f6d6c4e, code=0, rtt=85652 us, pings_since_last_response=6676386e306452672f6d6c4e 683270674c4a36476245596f 
[012:242][157711] (connection.cc:407): Conn[52460000C--I|-|0|0|p|-]: set_receiving to 1
[012:242][157711] (connection.cc:380): Conn[52460000CRWI|-|0|0|p|-]: set_write_state from: 2 to 0
[012:242][157711] (wrapping_active_ice_controller.cc:223): Not switching selected connection due to: candidate pair state changed
[012:248][157711] (connection.cc:1702): Conn[4920cc00C--I|-|0|0|p|-]: Received STUN BINDING response, id=5151395a624166753161552f, code=0, rtt=91673 us, pings_since_last_response=5151395a624166753161552f 69784e4c434f493942533366 
[012:248][157711] (connection.cc:407): Conn[4920cc00C--I|-|0|0|p|-]: set_receiving to 1
[012:248][157711] (connection.cc:380): Conn[4920cc00CRWI|-|0|0|p|-]: set_write_state from: 2 to 0
[012:248][157711] (wrapping_active_ice_controller.cc:223): Not switching selected connection due to: candidate pair state changed
[012:253][157711] (connection.cc:1824): Conn[52460c00CRWS|S|0|1|p|59]: Sent STUN BINDING request, id=564b6e464271396e3376366c, use_candidate=0, nomination=1
[012:258][157711] (connection.cc:1702): Conn[52460c00CRWI|S|0|1|p|59]: Received STUN BINDING response, id=635270636549427442415633, code=0, rtt=72841 us, pings_since_last_response=564b6e464271396e3376366c 
[012:262][157711] (connection.cc:1702): Conn[528aa400C--I|-|0|0|p|-]: Received STUN BINDING response, id=624d635a7056786f4d534658, code=0, rtt=92927 us, pings_since_last_response=624d635a7056786f4d534658 44456e56613978615752316e 
[012:262][157711] (connection.cc:407): Conn[528aa400C--I|-|0|0|p|-]: set_receiving to 1
[012:262][157711] (connection.cc:380): Conn[528aa400CRWI|-|0|0|p|-]: set_write_state from: 2 to 0
[012:262][157711] (wrapping_active_ice_controller.cc:216): Switching selected connection due to: candidate pair state changed with connect:Conn[528aa400:0:Net[pdp_ip0:22.202.73.x/32:Cellular:id=4]:CgcZTOaN:1:0:relay:udp:171.226.10.x:45987->3mERgZcj:1:58608384:relay:udp:171.226.10.x:24571|CRWS|-|0|0|p|251451708024854016|93][549244873832 us][0 us]
[012:262][157711] (p2p_transport_channel.cc:1939): Channel[0|1|RW: Previous selected connection: Conn[52460c00:0:Net[pdp_ip0:22.202.73.x/32:Cellular:id=4]:9o9ppjeo:1:0:relay:udp:116.103.111.x:30206->nhZlDnV/:1:58605312:relay:udp:116.103.111.x:26468|CRWS|-|0|1|p|251451708024847872|63][549244939067 us][549244918004 us]
[012:262][157711] (p2p_transport_channel.cc:1942): Channel[0|1|RW: New selected connection: Conn[528aa400:0:Net[pdp_ip0:22.202.73.x/32:Cellular:id=4]:CgcZTOaN:1:0:relay:udp:171.226.10.x:45987->3mERgZcj:1:58608384:relay:udp:171.226.10.x:24571|CRWS|S|0|0|p|251451708024854016|93][549244873832 us][0 us]
[012:262][157711] (channel.cc:392): Network route changed for {mid: 0, media_type: audio}
[012:268][157711] (connection.cc:1702): Conn[528aa400CRWS|S|0|0|p|93]: Received STUN BINDING response, id=44456e56613978615752316e, code=0, rtt=81090 us, pings_since_last_response=
[012:268][157711] (connection.cc:1702): Conn[49190c00CRWS|-|0|0|p|80]: Received STUN BINDING response, id=39533779446465485a686a72, code=0, rtt=81191 us, pings_since_last_response=
[012:268][157711] (connection.cc:1702): Conn[528ab000C--I|-|0|0|p|-]: Received STUN BINDING response, id=7439415a2f47794a6949514f, code=0, rtt=99276 us, pings_since_last_response=7439415a2f47794a6949514f 674470716b4c5551686c754c 
[012:268][157711] (connection.cc:407): Conn[528ab000C--I|-|0|0|p|-]: set_receiving to 1
[012:268][157711] (connection.cc:380): Conn[528ab000CRWI|-|0|0|p|-]: set_write_state from: 2 to 0
[012:269][157711] (wrapping_active_ice_controller.cc:216): Switching selected connection due to: candidate pair state changed with connect:Conn[528ab000:0:Net[pdp_ip0:22.202.73.x/32:Cellular:id=4]:9o9ppjeo:1:0:relay:udp:116.103.111.x:30206->3mERgZcj:1:58608384:relay:udp:171.226.10.x:24571|CRWS|-|0|0|p|251451708024854016|99][549244871319 us][0 us]
[012:269][157711] (p2p_transport_channel.cc:1939): Channel[0|1|RW: Previous selected connection: Conn[528aa400:0:Net[pdp_ip0:22.202.73.x/32:Cellular:id=4]:CgcZTOaN:1:0:relay:udp:171.226.10.x:45987->3mERgZcj:1:58608384:relay:udp:171.226.10.x:24571|CRWS|-|0|0|p|251451708024854016|90][549244873832 us][0 us]
[012:269][157711] (p2p_transport_channel.cc:1942): Channel[0|1|RW: New selected connection: Conn[528ab000:0:Net[pdp_ip0:22.202.73.x/32:Cellular:id=4]:9o9ppjeo:1:0:relay:udp:116.103.111.x:30206->3mERgZcj:1:58608384:relay:udp:171.226.10.x:24571|CRWS|S|0|0|p|251451708024854016|99][549244871319 us][0 us]
[012:269][157711] (channel.cc:392): Network route changed for {mid: 0, media_type: audio}
[012:275][157711] (connection.cc:1702): Conn[52461800C--I|-|0|0|p|-]: Received STUN BINDING response, id=7330497543334b767464656f, code=0, rtt=105034 us, pings_since_last_response=7330497543334b767464656f 30526f34396b2f30777a2f71 
[012:275][157711] (connection.cc:407): Conn[52461800C--I|-|0|0|p|-]: set_receiving to 1
[012:275][157711] (connection.cc:380): Conn[52461800CRWI|-|0|0|p|-]: set_write_state from: 2 to 0
[012:275][157711] (connection.cc:1702): Conn[528a8000C--I|-|0|0|p|-]: Received STUN BINDING response, id=774c7231655379365550785a, code=0, rtt=105262 us, pings_since_last_response=774c7231655379365550785a 7537584a4e6d374f4d756c72 
[012:275][157711] (connection.cc:407): Conn[528a8000C--I|-|0|0|p|-]: set_receiving to 1
[012:275][157711] (connection.cc:380): Conn[528a8000CRWI|-|0|0|p|-]: set_write_state from: 2 to 0
[012:275][157711] (wrapping_active_ice_controller.cc:223): Not switching selected connection due to: candidate pair state changed
[012:275][157711] (connection.cc:1702): Conn[528a8000CRWS|-|0|0|p|105]: Received STUN BINDING response, id=7537584a4e6d374f4d756c72, code=0, rtt=89971 us, pings_since_last_response=
[012:275][157711] (connection.cc:1702): Conn[52462400C--I|-|0|0|p|-]: Received STUN BINDING response, id=4a6c656748706e664b455364, code=0, rtt=105219 us, pings_since_last_response=4a6c656748706e664b455364 567561412f44333737616545 
[012:275][157711] (connection.cc:407): Conn[52462400C--I|-|0|0|p|-]: set_receiving to 1
[012:275][157711] (connection.cc:380): Conn[52462400CRWI|-|0|0|p|-]: set_write_state from: 2 to 0
[012:275][157711] (connection.cc:1702): Conn[528a9800C--I|-|0|0|p|-]: Received STUN BINDING response, id=726138444647512f7143542b, code=0, rtt=105306 us, pings_since_last_response=726138444647512f7143542b 2b4c426f3346454c76424854 
[012:275][157711] (connection.cc:407): Conn[528a9800C--I|-|0|0|p|-]: set_receiving to 1
[012:275][157711] (connection.cc:380): Conn[528a9800CRWI|-|0|0|p|-]: set_write_state from: 2 to 0
[012:275][157711] (wrapping_active_ice_controller.cc:223): Not switching selected connection due to: candidate pair state changed
[012:275][157711] (connection.cc:957): Conn[4920cc00CRWS|-|0|0|p|92]: Sent STUN BINDING response, to=116.103.111.x:26468, writable=1, id=7854374d35456b37556f6631
[012:275][157711] (connection.cc:1702): Conn[4920cc00CRWS|-|0|0|p|92]: Received STUN BINDING response, id=69784e4c434f493942533366, code=0, rtt=79976 us, pings_since_last_response=
[012:275][157711] (connection.cc:1702): Conn[52460000CRWS|-|0|0|p|86]: Received STUN BINDING response, id=683270674c4a36476245596f, code=0, rtt=87841 us, pings_since_last_response=
[012:275][157711] (connection.cc:1702): Conn[52969800C--I|-|0|0|p|-]: Received STUN BINDING response, id=4b5338474f50567039386762, code=0, rtt=105572 us, pings_since_last_response=4b5338474f50567039386762 3566693152545a4b48473471 
[012:275][157711] (connection.cc:407): Conn[52969800C--I|-|0|0|p|-]: set_receiving to 1
[012:275][157711] (connection.cc:380): Conn[52969800CRWI|-|0|0|p|-]: set_write_state from: 2 to 0
[012:275][157711] (wrapping_active_ice_controller.cc:223): Not switching selected connection due to: candidate pair state changed
[012:277][157711] (connection.cc:1702): Conn[528ab000CRWS|S|0|0|p|99]: Received STUN BINDING response, id=674470716b4c5551686c754c, code=0, rtt=92385 us, pings_since_last_response=
[012:282][157711] (connection.cc:1702): Conn[528a8c00C--I|-|0|0|p|-]: Received STUN BINDING response, id=42347a4f4568434f41784534, code=0, rtt=112891 us, pings_since_last_response=42347a4f4568434f41784534 73767a6c355a6a4e512f6861 
[012:282][157711] (connection.cc:407): Conn[528a8c00C--I|-|0|0|p|-]: set_receiving to 1
[012:282][157711] (connection.cc:380): Conn[528a8c00CRWI|-|0|0|p|-]: set_write_state from: 2 to 0
[012:282][157711] (connection.cc:1702): Conn[52462400CRWS|-|0|0|p|105]: Received STUN BINDING response, id=567561412f44333737616545, code=0, rtt=95103 us, pings_since_last_response=
[012:282][157711] (wrapping_active_ice_controller.cc:223): Not switching selected connection due to: candidate pair state changed
[012:282][157711] (connection.cc:1702): Conn[5296a400C--I|-|0|0|p|-]: Received STUN BINDING response, id=36454a61556f7a7551725751, code=0, rtt=113068 us, pings_since_last_response=36454a61556f7a7551725751 4f46396454615a4b43416a76 
[012:282][157711] (connection.cc:407): Conn[5296a400C--I|-|0|0|p|-]: set_receiving to 1
[012:283][157711] (connection.cc:380): Conn[5296a400CRWI|-|0|0|p|-]: set_write_state from: 2 to 0
[012:283][157711] (connection.cc:1702): Conn[52461800CRWS|-|0|0|p|105]: Received STUN BINDING response, id=30526f34396b2f30777a2f71, code=0, rtt=85481 us, pings_since_last_response=
[012:283][157711] (wrapping_active_ice_controller.cc:223): Not switching selected connection due to: candidate pair state changed
[012:283][157711] (connection.cc:1702): Conn[52463000C--I|-|0|0|p|-]: Received STUN BINDING response, id=786d4b4a64355035474b4d72, code=0, rtt=113266 us, pings_since_last_response=786d4b4a64355035474b4d72 5462326c4749706d70457331 
[012:283][157711] (connection.cc:407): Conn[52463000C--I|-|0|0|p|-]: set_receiving to 1
[012:283][157711] (connection.cc:380): Conn[52463000CRWI|-|0|0|p|-]: set_write_state from: 2 to 0
[012:283][157711] (wrapping_active_ice_controller.cc:223): Not switching selected connection due to: candidate pair state changed
[012:288][157711] (connection.cc:1702): Conn[528a9800CRWS|-|0|0|p|105]: Received STUN BINDING response, id=2b4c426f3346454c76424854, code=0, rtt=101034 us, pings_since_last_response=
[012:288][157711] (connection.cc:1702): Conn[52969800CRWS|-|0|0|p|106]: Received STUN BINDING response, id=3566693152545a4b48473471, code=0, rtt=85915 us, pings_since_last_response=
[012:288][157711] (connection.cc:1702): Conn[52968c00C--I|-|0|0|p|-]: Received STUN BINDING response, id=396e5a656646735a55323254, code=0, rtt=118832 us, pings_since_last_response=396e5a656646735a55323254 78434337654a416762745358 
[012:288][157711] (connection.cc:407): Conn[52968c00C--I|-|0|0|p|-]: set_receiving to 1
[012:288][157711] (connection.cc:380): Conn[52968c00CRWI|-|0|0|p|-]: set_write_state from: 2 to 0
[012:289][157711] (wrapping_active_ice_controller.cc:223): Not switching selected connection due to: candidate pair state changed
[012:294][157711] (connection.cc:1702): Conn[52968000C--I|-|0|0|p|-]: Received STUN BINDING response, id=42584b566d504e4743555776, code=0, rtt=124706 us, pings_since_last_response=42584b566d504e4743555776 784771696d2b623658316164 
[012:294][157711] (connection.cc:407): Conn[52968000C--I|-|0|0|p|-]: set_receiving to 1
[012:294][157711] (connection.cc:380): Conn[52968000CRWI|-|0|0|p|-]: set_write_state from: 2 to 0
[012:294][157711] (openssl_adapter.cc:811): TLS server read_client_hello_after_ech
[012:294][157711] (openssl_adapter.cc:811): TLS server cert_callback
[012:294][157711] (openssl_adapter.cc:811): TLS server select_parameters
[012:294][157711] (openssl_adapter.cc:811): TLS server send_server_hello
[012:294][157711] (openssl_adapter.cc:811): TLS server send_server_certificate
[012:296][157711] (openssl_adapter.cc:811): TLS server send_server_key_exchange
[012:296][157711] (openssl_adapter.cc:811): TLS server send_server_hello_done
[012:296][157711] (openssl_adapter.cc:811): TLS server read_client_certificate
[012:296][157711] (turn_port.cc:2123): TurnPort(Port[4939c000:0:1:0:relay:Net[pdp_ip0:22.202.73.x/32:Cellular:id=4]]-Remote[116.103.111.243:3478/udp]: TURN channel bind request sent, id=636652567867716f6d544179 with address: 171.226.10.227:24571
[012:296][157711] (openssl_adapter.cc:811): TLS server read_client_certificate
[012:296][157711] (wrapping_active_ice_controller.cc:223): Not switching selected connection due to: candidate pair state changed
[012:296][157711] (connection.cc:1702): Conn[52463000CRWS|-|0|0|p|113]: Received STUN BINDING response, id=5462326c4749706d70457331, code=0, rtt=108846 us, pings_since_last_response=
[012:302][157711] (connection.cc:1824): Conn[528ab000CRWS|S|0|3|p|98]: Sent STUN BINDING request, id=5654325a6d4a524a4c5a4877, use_candidate=0, nomination=3
[012:303][157711] (connection.cc:1702): Conn[528a8c00CRWS|-|0|0|p|113]: Received STUN BINDING response, id=73767a6c355a6a4e512f6861, code=0, rtt=105565 us, pings_since_last_response=
[012:314][157711] (connection.cc:1702): Conn[5296a400CRWS|-|0|0|p|113]: Received STUN BINDING response, id=4f46396454615a4b43416a76, code=0, rtt=111641 us, pings_since_last_response=
[012:320][157711] (connection.cc:1702): Conn[52968000CRWS|-|0|0|p|125]: Received STUN BINDING response, id=784771696d2b623658316164, code=0, rtt=123324 us, pings_since_last_response=
[012:320][157711] (connection.cc:1702): Conn[52968c00CRWS|-|0|0|p|119]: Received STUN BINDING response, id=78434337654a416762745358, code=0, rtt=117946 us, pings_since_last_response=
[012:326][157711] (turn_port.cc:2131): TurnPort(Port[4939c000:0:1:0:relay:Net[pdp_ip0:22.202.73.x/32:Cellular:id=4]]-Remote[116.103.111.243:3478/udp]: TURN channel bind requested successfully, id=636652567867716f6d544179, code=0, rtt=30420 us
[012:326][157711] (turn_port.cc:2319): TurnEntry(13cf6bc0:1:TurnPort(Port[4939c000:0:1:0:relay:Net[pdp_ip0:22.202.73.x/32:Cellular:id=4]]-Remote[116.103.111.243:3478/udp][Ext:171.226.10.x:24571][Conn(1)[528ab000]]): Successful channel bind for 171.226.10.x:24571
[012:326][157711] (turn_port.cc:2146): TurnPort(Port[4939c000:0:1:0:relay:Net[pdp_ip0:22.202.73.x/32:Cellular:id=4]]-Remote[116.103.111.243:3478/udp]: Scheduled channel bind in 240000ms.
[012:338][157711] (connection.cc:1702): Conn[52460c00CRWS|-|0|1|p|63]: Received STUN BINDING response, id=564b6e464271396e3376366c, code=0, rtt=85117 us, pings_since_last_response=
[012:350][157711] (connection.cc:1824): Conn[4920e400C--I|-|0|0|-|-]: Sent STUN BINDING request, id=394a2b77557772477978496b, use_candidate=0, nomination=0
[012:351][157711] (connection.cc:957): Conn[528a8000CRWS|-|0|0|p|101]: Sent STUN BINDING response, to=103.63.112.x:39749, writable=1, id=756e4a6f5a6b30366170634a
[012:399][157711] (connection.cc:1824): Conn[528a8000CRWS|-|0|0|p|101]: Sent STUN BINDING request, id=543742433867566e2b446641, use_candidate=0, nomination=0
[012:400][157711] (openssl_adapter.cc:811): TLS server verify_client_certificate
[012:400][157711] (openssl_adapter.cc:811): TLS server read_client_key_exchange
[012:400][157711] (openssl_adapter.cc:811): TLS server read_client_certificate_verify
[012:401][157711] (openssl_adapter.cc:811): TLS server read_change_cipher_spec
[012:401][157711] (openssl_adapter.cc:811): TLS server process_change_cipher_spec
[012:401][157711] (openssl_adapter.cc:811): TLS server read_next_proto
[012:401][157711] (openssl_adapter.cc:811): TLS server read_channel_id
[012:401][157711] (openssl_adapter.cc:811): TLS server read_client_finished
[012:401][157711] (openssl_adapter.cc:811): TLS server send_server_finished
[012:401][157711] (openssl_adapter.cc:811): TLS server finish_server_handshake
[012:401][157711] (openssl_adapter.cc:811): TLS server done
[012:401][157711] (openssl_adapter.cc:811): TLS server done
[012:401][157711] (openssl_adapter.cc:811): TLS server done
[012:401][157711] (dtls_transport.cc:993): DtlsTransport[0|1|__]: DTLS handshake complete.
[012:401][157711] (jsep_transport_controller.cc:1222):  Transport 0 writability changed to 1.
[012:401][145683] (call.cc:1215): UpdateAggregateNetworkState: aggregate_state change to up
[012:401][145683] (pacing_controller.cc:121): PacedSender resumed.
[012:401][157711] (dtls_srtp_transport.cc:253): Extracting keys from transport: 0
[012:401][145683] (rtp_transport_controller_send.cc:868): Creating Goog CC Factory.
[012:401][158479] (peer_connection.cc:2613): Changing to ICE connected state because all transports are writable.
[012:401][158479] (peer_connection.cc:2032): Changing IceConnectionState checking => connected
[012:401][145683] (alr_experiment.cc:69): Using ALR experiment settings: pacing factor: 1, max pacer queue length: 2875, ALR bandwidth usage percent: 80, ALR start budget level percent: 40, ALR end budget level percent: -60, ALR experiment group ID: 3
[012:402][145683] (trendline_estimator.cc:200): Using Trendline filter for delay change estimation with settings sort:false,cap:false,beginning_packets:7,end_packets:7,cap_uncertainty:0,window_size:40 and no network state predictor
[012:402][145683] (trendline_estimator.cc:200): Using Trendline filter for delay change estimation with settings sort:false,cap:false,beginning_packets:7,end_packets:7,cap_uncertainty:0,window_size:40 and no network state predictor
[012:402][145683] (aimd_rate_control.cc:114): Using aimd rate control with back off factor 0.9
[012:402][145683] (delay_based_bwe.cc:105): Initialized DelayBasedBwe with separate audio overuse detectionenabled:false,packet_threshold:10,time_threshold:1 s
[012:402][145683] (delay_based_bwe.cc:443): BWE Setting start bitrate to: 100 kbps
[012:402][145683] (bitrate_allocator.cc:500): Current BWE 100000
[012:402][145683] (bitrate_prober.cc:130): Probe cluster (bitrate_bps:min bytes:min packets): (200 kbps:375:5, Inactive)
[012:402][145683] (bitrate_prober.cc:130): Probe cluster (bitrate_bps:min bytes:min packets): (400 kbps:750:5, Inactive)
[012:402][145683] (pacing_controller.cc:327): Elapsed time (12073564 us) longer than expected, limiting to 2 s
[012:426][157711] (srtp_transport.cc:200): SRTP activated with negotiated parameters: send crypto_suite 1 recv crypto_suite 1
[012:426][157711] (channel.cc:667): Channel writable ({mid: 0, media_type: audio}) for the first time
[012:444][145683] (webrtc_voice_engine.cc:606): WebRtcVoiceEngine::ApplyOptions: AudioOptions {aec: 1, ns: 1, audio_jitter_buffer_max_packets: 200, audio_jitter_buffer_fast_accelerate: 0, audio_jitter_buffer_min_delay_ms: 0, }
[012:444][145683] (webrtc_voice_engine.cc:621): Always disable AEC on iOS. Use built-in instead.
[012:444][145683] (webrtc_voice_engine.cc:629): Always disable AGC on iOS. Use built-in instead.
[012:444][145683] (audio_processing_impl.cc:680): AudioProcessing::ApplyConfig: AudioProcessing::Config{ pipeline: { maximum_internal_processing_rate: 32000, multi_channel_render: 1, multi_channel_capture: 1 }, pre_amplifier: { enabled: 0, fixed_gain_factor: 1 },capture_level_adjustment: { enabled: 0, pre_gain_factor: 1, post_gain_factor: 1, analog_mic_gain_emulation: { enabled: 0, initial_level: 255 }}, high_pass_filter: { enabled: 1 }, echo_canceller: { enabled: 0, enforce_high_pass_filtering: 1 }, noise_suppression: { enabled: 1, level: High }, transient_suppression: { enabled: 0 }, gain_controller1: { enabled: 0, mode: FixedDigital, target_level_dbfs: 3, compression_gain_db: 9, enable_limiter: 1, analog_gain_controller { enabled: 1, startup_min_volume: 0, clipped_level_min: 70, enable_digital_adaptive: 1, clipped_level_step: 15, clipped_ratio_threshold: 0.1, clipped_wait_frames: 300, clipping_predictor:  { enabled: 0, mode: 0, window_length: 5, reference_window_length: 5, reference_window_delay: 5, clipping_threshold: -1, crest_factor_margin: 3, use_predicted_step: 1 }}}, gain_controller2: { enabled: 0, fixed_digital: { gain_db: 0 }, adaptive_digital: { enabled: 0, headroom_db: 5, max_gain_db: 50, initial_gain_db: 15, max_gain_change_db_per_second: 6, max_output_noise_level_dbfs: -50 }, input_volume_control : { enabled 0}}
[012:444][145683] (audio_send_stream.cc:365): AudioSendStream::Start: 3998793686
[012:444][145683] (bitrate_allocator.cc:727): UpdateAllocationLimits : total_requested_min_bitrate: 60800 bps, total_requested_padding_bitrate: 0 bps, total_requested_max_bitrate: 60800 bps
[012:444][145683] (audio_device_ios.mm:301): AudioDeviceIOS::StartRecording
[012:444][145683] (channel.cc:916): Changing voice state, recv=1 send=1 for {mid: 0, media_type: audio}
[012:458][157711] (connection.cc:957): Conn[52460000CRWS|-|0|0|p|86]: Sent STUN BINDING response, to=116.103.111.x:26468, writable=1, id=74324b71656379342b51552f
[012:458][157711] (connection.cc:1824): Conn[52460000CRWS|-|0|0|p|86]: Sent STUN BINDING request, id=72756c47316c7079344c5054, use_candidate=0, nomination=0
[012:458][157711] (connection.cc:1702): Conn[528ab000CRWI|S|0|3|p|98]: Received STUN BINDING response, id=5654325a6d4a524a4c5a4877, code=0, rtt=156048 us, pings_since_last_response=5654325a6d4a524a4c5a4877 
[012:458][157711] (connection.cc:957): Conn[528aa400CRWS|-|0|0|p|90]: Sent STUN BINDING response, to=171.226.10.x:24571, writable=1, id=504e313454316f7963777576
[012:461][257367] (audio_device_buffer.cc:272): Size of recording buffer: 480
[012:462][145683] (rtp_sender_audio.cc:270): First audio RTP packet sent to pacer
[012:492][157711] (connection.cc:1702): Conn[528a8000CRWI|-|0|0|p|101]: Received STUN BINDING response, id=543742433867566e2b446641, code=0, rtt=93338 us, pings_since_last_response=543742433867566e2b446641 
[012:506][157711] (connection.cc:1824): Conn[52463000CRWS|-|0|0|p|112]: Sent STUN BINDING request, id=5457514a4b6e6d7771684742, use_candidate=0, nomination=0
[012:544][157711] (connection.cc:957): Conn[49190c00CRWS|-|0|0|p|80]: Sent STUN BINDING response, to=116.103.111.x:26468, writable=1, id=6d626b50504e6c5846305237
[012:550][157711] (connection.cc:1702): Conn[52460000CRWI|-|0|0|p|86]: Received STUN BINDING response, id=72756c47316c7079344c5054, code=0, rtt=92637 us, pings_since_last_response=72756c47316c7079344c5054 
[012:555][157711] (connection.cc:1824): Conn[49190c00CRWS|-|0|0|p|80]: Sent STUN BINDING request, id=4a644b597847753842545a4d, use_candidate=0, nomination=0
[012:562][157711] (data_channel_controller.cc:483): AllocateSctpSids: Id assigned, ready to send.
[012:592][157711] (connection.cc:957): Conn[52462400CRWS|-|0|0|p|103]: Sent STUN BINDING response, to=103.63.112.x:39749, writable=1, id=4a31534a7a412f4b5971694c
[012:604][157711] (connection.cc:1824): Conn[52462400CRWS|-|0|0|p|103]: Sent STUN BINDING request, id=614e4c6f3257646d747a6f35, use_candidate=0, nomination=0
[012:605][145683] (probe_bitrate_estimator.cc:191): Probing successful [cluster id: 1] [send: 323 bytes / 10 ms = 258400 bps ] [receive: 318 bytes / 14 ms = 181714 bps]
[012:605][145683] (probe_bitrate_estimator.cc:191): Probing successful [cluster id: 1] [send: 429 bytes / 14 ms = 245142 bps ] [receive: 424 bytes / 14 ms = 242285 bps]
[012:605][145683] (probe_bitrate_estimator.cc:191): Probing successful [cluster id: 2] [send: 524 bytes / 9 ms = 465777 bps ] [receive: 525 bytes / 15 ms = 280 kbps]
[012:605][145683] (probe_bitrate_estimator.cc:191): Probing successful [cluster id: 2] [send: 630 bytes / 9 ms = 560 kbps ] [receive: 631 bytes / 15 ms = 336533 bps]
[012:605][145683] (probe_bitrate_estimator.cc:191): Probing successful [cluster id: 2] [send: 737 bytes / 11 ms = 536 kbps ] [receive: 787 bytes / 15 ms = 419733 bps]
[012:605][145683] (probe_bitrate_estimator.cc:191): Probing successful [cluster id: 2] [send: 893 bytes / 14 ms = 510285 bps ] [receive: 943 bytes / 19 ms = 397052 bps]
[012:605][145683] (trendline_estimator.cc:200): Using Trendline filter for delay change estimation with settings sort:false,cap:false,beginning_packets:7,end_packets:7,cap_uncertainty:0,window_size:40 and no network state predictor
[012:605][145683] (trendline_estimator.cc:200): Using Trendline filter for delay change estimation with settings sort:false,cap:false,beginning_packets:7,end_packets:7,cap_uncertainty:0,window_size:40 and no network state predictor
[012:605][145683] (probe_controller.cc:356): Measured bitrate: 377199 bps Minimum to probe further: 280 kbps upper limit: +inf bps
[012:605][145683] (bitrate_prober.cc:130): Probe cluster (bitrate_bps:min bytes:min packets): (121600 bps:228:5, Inactive)
[012:620][157711] (connection.cc:1702): Conn[49190c00CRWI|-|0|0|p|80]: Received STUN BINDING response, id=4a644b597847753842545a4d, code=0, rtt=65794 us, pings_since_last_response=4a644b597847753842545a4d 
[012:620][157711] (connection.cc:1702): Conn[52463000CRWI|-|0|0|p|112]: Received STUN BINDING response, id=5457514a4b6e6d7771684742, code=0, rtt=114228 us, pings_since_last_response=5457514a4b6e6d7771684742 
[012:647][157711] (connection.cc:957): Conn[528a9800CRWS|-|0|0|p|104]: Sent STUN BINDING response, to=171.226.10.x:24571, writable=1, id=6561466e324e626c2b663173
[012:647][157711] (sctp_data_channel.cc:714): DataChannel received OPEN_ACK message, sid = 1
[012:652][157711] (connection.cc:1824): Conn[528aa400CRWS|-|0|0|p|90]: Sent STUN BINDING request, id=7465424d7461642b66316844, use_candidate=0, nomination=0
[012:687][157711] (connection.cc:1702): Conn[52462400CRWI|-|0|0|p|103]: Received STUN BINDING response, id=614e4c6f3257646d747a6f35, code=0, rtt=83349 us, pings_since_last_response=614e4c6f3257646d747a6f35 
[012:699][157711] (connection.cc:957): Conn[52969800CRWS|-|0|0|p|101]: Sent STUN BINDING response, to=160.250.77.x:39829, writable=1, id=4d49514a4e31697a6d534b4f
[012:701][157711] (connection.cc:1824): Conn[528a9800CRWS|-|0|0|p|104]: Sent STUN BINDING request, id=44654d5843516979594e696f, use_candidate=0, nomination=0
[012:722][157711] (connection.cc:1702): Conn[528aa400CRWI|-|0|0|p|90]: Received STUN BINDING response, id=7465424d7461642b66316844, code=0, rtt=69894 us, pings_since_last_response=7465424d7461642b66316844 
[012:748][157711] (connection.cc:957): Conn[52461800CRWS|-|0|0|p|100]: Sent STUN BINDING response, to=103.63.112.x:39749, writable=1, id=66436937785236436e525736
[012:749][157711] (connection.cc:1824): Conn[4920cc00CRWS|-|0|0|p|89]: Sent STUN BINDING request, id=6f472b574767684e6d625545, use_candidate=0, nomination=0
[012:786][145683] (probe_bitrate_estimator.cc:191): Probing successful [cluster id: 3] [send: 328 bytes / 16 ms = 164 kbps ] [receive: 328 bytes / 22 ms = 119272 bps]
[012:786][145683] (probe_bitrate_estimator.cc:191): Probing successful [cluster id: 3] [send: 434 bytes / 21 ms = 165333 bps ] [receive: 438 bytes / 22 ms = 159272 bps]
[012:793][157711] (connection.cc:1702): Conn[528a9800CRWI|-|0|0|p|104]: Received STUN BINDING response, id=44654d5843516979594e696f, code=0, rtt=92303 us, pings_since_last_response=44654d5843516979594e696f 
[012:798][157711] (connection.cc:1824): Conn[52461800CRWS|-|0|0|p|100]: Sent STUN BINDING request, id=6476477163392f666b683434, use_candidate=0, nomination=0
[012:801][157711] (connection.cc:957): Conn[5296a400CRWS|-|0|0|p|113]: Sent STUN BINDING response, to=160.250.77.x:39829, writable=1, id=31574365592b4d4d4236395a
[012:835][157711] (connection.cc:1702): Conn[4920cc00CRWI|-|0|0|p|89]: Received STUN BINDING response, id=6f472b574767684e6d625545, code=0, rtt=85380 us, pings_since_last_response=6f472b574767684e6d625545 
[012:847][157711] (connection.cc:1824): Conn[528a8c00CRWS|-|0|0|p|111]: Sent STUN BINDING request, id=464f63756631476675513055, use_candidate=0, nomination=0
[012:847][157711] (connection.cc:957): Conn[52968c00CRWS|-|0|0|p|119]: Sent STUN BINDING response, to=160.250.77.x:39829, writable=1, id=775163746a4d6e45764f4a50
[012:897][157711] (connection.cc:1824): Conn[52968000CRWS|-|0|0|p|124]: Sent STUN BINDING request, id=594946356c6b4d4b4b34424f, use_candidate=0, nomination=0
[012:902][157711] (connection.cc:1702): Conn[52461800CRWI|-|0|0|p|100]: Received STUN BINDING response, id=6476477163392f666b683434, code=0, rtt=103756 us, pings_since_last_response=6476477163392f666b683434 
[012:902][157711] (connection.cc:957): Conn[528a8c00CRWI|-|0|0|p|111]: Sent STUN BINDING response, to=171.226.10.x:24571, writable=1, id=6b726770733655492b7a3432
[012:945][157711] (connection.cc:1824): Conn[5296a400CRWS|-|0|0|p|113]: Sent STUN BINDING request, id=787a56786d42644763424476, use_candidate=0, nomination=0
[012:953][157711] (connection.cc:1702): Conn[528a8c00CRWI|-|0|0|p|111]: Received STUN BINDING response, id=464f63756631476675513055, code=0, rtt=106593 us, pings_since_last_response=464f63756631476675513055 
[012:996][157711] (connection.cc:957): Conn[52968000CRWI|-|0|0|p|124]: Sent STUN BINDING response, to=160.250.77.x:39829, writable=1, id=642f385753556a4268444269
[013:015][157711] (connection.cc:1702): Conn[52968000CRWI|-|0|0|p|124]: Received STUN BINDING response, id=594946356c6b4d4b4b34424f, code=0, rtt=118221 us, pings_since_last_response=594946356c6b4d4b4b34424f 
[013:032][157711] (connection.cc:957): Conn[528ab000CRWS|S|0|3|p|112]: Sent STUN BINDING response, to=171.226.10.x:24571, writable=1, id=5a2b343476574c7a37732f39
[013:041][157711] (connection.cc:1824): Conn[52969800CRWS|-|0|0|p|101]: Sent STUN BINDING request, id=41727231415833346f6c4e6b, use_candidate=0, nomination=0
[013:063][157711] (connection.cc:1702): Conn[5296a400CRWI|-|0|0|p|113]: Received STUN BINDING response, id=787a56786d42644763424476, code=0, rtt=117802 us, pings_since_last_response=787a56786d42644763424476 
[013:090][157711] (connection.cc:1824): Conn[52968c00CRWS|-|0|0|p|119]: Sent STUN BINDING request, id=4e494a6e46786d484e624a4c, use_candidate=0, nomination=0
[013:101][157711] (connection.cc:957): Conn[52463000CRWS|-|0|0|p|113]: Sent STUN BINDING response, to=103.63.112.x:39749, writable=1, id=384150616a32705866642b4c
[013:126][157711] (connection.cc:1702): Conn[52969800CRWI|-|0|0|p|101]: Received STUN BINDING response, id=41727231415833346f6c4e6b, code=0, rtt=85572 us, pings_since_last_response=41727231415833346f6c4e6b 
[013:139][157711] (connection.cc:1824): Conn[4920e400C--I|-|0|0|-|-]: Sent STUN BINDING request, id=4d4b49512f554d5855524a74, use_candidate=0, nomination=0
[013:207][157711] (connection.cc:1702): Conn[52968c00CRWI|-|0|0|p|119]: Received STUN BINDING response, id=4e494a6e46786d484e624a4c, code=0, rtt=117566 us, pings_since_last_response=4e494a6e46786d484e624a4c 
[013:690][157711] (connection.cc:1824): Conn[528ab000CRWS|S|0|3|p|112]: Sent STUN BINDING request, id=334e652b6457656942315852, use_candidate=0, nomination=3
[013:789][157711] (connection.cc:1702): Conn[528ab000CRWI|S|0|3|p|112]: Received STUN BINDING response, id=334e652b6457656942315852, code=0, rtt=99149 us, pings_since_last_response=334e652b6457656942315852 
[014:127][157711] (connection.cc:957): Conn[528ab000CRWS|S|0|3|p|109]: Sent STUN BINDING response, to=171.226.10.x:24571, writable=1, id=477049434c7a574b632b5971
[014:192][157711] (connection.cc:1824): Conn[52460c00CRWS|-|0|0|p|68]: Sent STUN BINDING request, id=3054426d584f704b486f5342, use_candidate=0, nomination=0
[014:252][145683] (bitrate_allocator.cc:727): UpdateAllocationLimits : total_requested_min_bitrate: 54400 bps, total_requested_padding_bitrate: 0 bps, total_requested_max_bitrate: 54400 bps
[014:260][157711] (connection.cc:1702): Conn[52460c00CRWI|-|0|0|p|68]: Received STUN BINDING response, id=3054426d584f704b486f5342, code=0, rtt=68454 us, pings_since_last_response=3054426d584f704b486f5342 
[014:625][157711] (connection.cc:957): Conn[52460c00CRWS|-|0|0|p|68]: Sent STUN BINDING response, to=116.103.111.x:26468, writable=1, id=6a6a2b774f4e78614764764b
[014:694][157711] (connection.cc:1824): Conn[528ab000CRWS|S|0|3|p|109]: Sent STUN BINDING request, id=4f325543686d704f53673665, use_candidate=0, nomination=3
[014:780][157711] (connection.cc:1702): Conn[528ab000CRWI|S|0|3|p|109]: Received STUN BINDING response, id=4f325543686d704f53673665, code=0, rtt=86308 us, pings_since_last_response=4f325543686d704f53673665 
[015:140][157711] (connection.cc:957): Conn[528ab000CRWS|S|0|3|p|103]: Sent STUN BINDING response, to=171.226.10.x:24571, writable=1, id=6c7737573677386547476654
[015:196][157711] (connection.cc:1824): Conn[528a8000CRWS|-|0|0|p|99]: Sent STUN BINDING request, id=6e5962775033726a6c377433, use_candidate=0, nomination=0
[015:286][157711] (connection.cc:1702): Conn[528a8000CRWI|-|0|0|p|99]: Received STUN BINDING response, id=6e5962775033726a6c377433, code=0, rtt=90809 us, pings_since_last_response=6e5962775033726a6c377433 
[015:637][157711] (connection.cc:957): Conn[4920cc00CRWS|-|0|0|p|88]: Sent STUN BINDING response, to=116.103.111.x:26468, writable=1, id=56623566425a6d30524e7335
[015:697][157711] (connection.cc:1824): Conn[52460000CRWS|-|0|0|p|88]: Sent STUN BINDING request, id=516178696f476d4266624a58, use_candidate=0, nomination=0
[015:800][157711] (connection.cc:1702): Conn[52460000CRWI|-|0|0|p|88]: Received STUN BINDING response, id=516178696f476d4266624a58, code=0, rtt=103280 us, pings_since_last_response=516178696f476d4266624a58 
[016:149][157711] (connection.cc:957): Conn[528ab000CRWS|S|0|3|p|103]: Sent STUN BINDING response, to=171.226.10.x:24571, writable=1, id=76642b564545534247377463
[016:165][157711] (turn_port.cc:1728): TurnPort(Port[2c98d900:0:1:0:relay:Net[en0:192.168.25.x/24:Wifi:id=1]]-Remote[116.103.111.243:3478/udp]: TURN allocate request sent, id=38444d476774747958736d54
[016:165][157711] (turn_port.cc:1728): TurnPort(Port[2c98f700:0:1:0:relay:Net[en0:192.168.25.x/24:Wifi:id=1]]-Remote[103.63.112.54:3478/udp]: TURN allocate request sent, id=4839654e706b6f4430687a37
[016:165][157711] (turn_port.cc:1728): TurnPort(Port[4ecccf00:0:1:0:relay:Net[en0:192.168.25.x/24:Wifi:id=1]]-Remote[171.226.10.227:3478/udp]: TURN allocate request sent, id=44457049642b632f7a557a49
[016:166][157711] (turn_port.cc:1728): TurnPort(Port[4939f700:0:1:0:relay:Net[en0:192.168.25.x/24:Wifi:id=1]]-Remote[58.186.3.44:3478/udp]: TURN allocate request sent, id=6145476b7652502b36414841
[016:199][157711] (connection.cc:1824): Conn[52463000CRWS|-|0|0|p|113]: Sent STUN BINDING request, id=583052743354387037576f6f, use_candidate=0, nomination=0
[016:304][157711] (connection.cc:1702): Conn[52463000CRWI|-|0|0|p|113]: Received STUN BINDING response, id=583052743354387037576f6f, code=0, rtt=106002 us, pings_since_last_response=583052743354387037576f6f 
[016:650][157711] (connection.cc:957): Conn[528a8000CRWS|-|0|0|p|97]: Sent STUN BINDING response, to=103.63.112.x:39749, writable=1, id=756158704f2f543750595458
[016:702][157711] (connection.cc:1824): Conn[49190c00CRWS|-|0|0|p|76]: Sent STUN BINDING request, id=342b46447557516634754f34, use_candidate=0, nomination=0
[016:790][157711] (connection.cc:1702): Conn[49190c00CRWI|-|0|0|p|76]: Received STUN BINDING response, id=342b46447557516634754f34, code=0, rtt=89762 us, pings_since_last_response=342b46447557516634754f34 
[017:150][157711] (connection.cc:957): Conn[528ab000CRWS|S|0|3|p|103]: Sent STUN BINDING response, to=171.226.10.x:24571, writable=1, id=35626c5a4832373168544670
[017:204][157711] (connection.cc:1824): Conn[528ab000CRWS|S|0|3|p|103]: Sent STUN BINDING request, id=4769346f664d33344a5a7134, use_candidate=0, nomination=3
[017:301][157711] (connection.cc:1702): Conn[528ab000CRWI|S|0|3|p|103]: Received STUN BINDING response, id=4769346f664d33344a5a7134, code=0, rtt=96671 us, pings_since_last_response=4769346f664d33344a5a7134 
[017:603][145683] (bitrate_allocator.cc:500): Current BWE 159272
[017:648][157711] (connection.cc:957): Conn[52460000CRWS|-|0|0|p|92]: Sent STUN BINDING response, to=116.103.111.x:26468, writable=1, id=78755a316c2f6161454d3445
[017:705][157711] (connection.cc:1824): Conn[52462400CRWS|-|0|0|p|98]: Sent STUN BINDING request, id=58664b796f502f474f687446, use_candidate=0, nomination=0
[017:807][157711] (connection.cc:1702): Conn[52462400CRWI|-|0|0|p|98]: Received STUN BINDING response, id=58664b796f502f474f687446, code=0, rtt=102450 us, pings_since_last_response=58664b796f502f474f687446 
[017:827][145683] (bitrate_prober.cc:130): Probe cluster (bitrate_bps:min bytes:min packets): (108800 bps:204:5, Inactive)
[018:062][145683] (probe_bitrate_estimator.cc:115): Probing unsuccessful, invalid send/receive interval [cluster id: 4] [send interval: 16 ms] [receive interval: 0 us]
[018:062][145683] (probe_bitrate_estimator.cc:115): Probing unsuccessful, invalid send/receive interval [cluster id: 4] [send interval: 22 ms] [receive interval: 0 us]
[018:136][157711] (connection.cc:957): Conn[528aa400CRWS|-|0|0|p|85]: Sent STUN BINDING response, to=171.226.10.x:24571, writable=1, id=65626a645848777254646c76
[018:207][157711] (connection.cc:1824): Conn[528aa400CRWS|-|0|0|p|85]: Sent STUN BINDING request, id=6c644644585a5858312b6573, use_candidate=0, nomination=0
[018:272][157711] (connection.cc:1702): Conn[528aa400CRWI|-|0|0|p|85]: Received STUN BINDING response, id=6c644644585a5858312b6573, code=0, rtt=65537 us, pings_since_last_response=6c644644585a5858312b6573 
[018:640][157711] (connection.cc:957): Conn[49190c00CRWS|-|0|0|p|80]: Sent STUN BINDING response, to=116.103.111.x:26468, writable=1, id=57724d435455636f63645345
[018:709][157711] (connection.cc:1824): Conn[528a9800CRWS|-|0|0|p|101]: Sent STUN BINDING request, id=786f38505759655a7a2b6a65, use_candidate=0, nomination=0
[018:800][157711] (connection.cc:1702): Conn[528a9800CRWI|-|0|0|p|101]: Received STUN BINDING response, id=786f38505759655a7a2b6a65, code=0, rtt=91407 us, pings_since_last_response=786f38505759655a7a2b6a65 
[019:145][157711] (connection.cc:957): Conn[52462400CRWS|-|0|0|p|99]: Sent STUN BINDING response, to=103.63.112.x:39749, writable=1, id=6444352f735853386a796559
[019:212][157711] (connection.cc:1824): Conn[4920cc00CRWS|-|0|0|p|88]: Sent STUN BINDING request, id=6f6d68327730633332534542, use_candidate=0, nomination=0
[019:303][157711] (connection.cc:1702): Conn[4920cc00CRWI|-|0|0|p|88]: Received STUN BINDING response, id=6f6d68327730633332534542, code=0, rtt=91717 us, pings_since_last_response=6f6d68327730633332534542 
[019:656][157711] (connection.cc:957): Conn[528ab000CRWS|S|0|3|p|102]: Sent STUN BINDING response, to=171.226.10.x:24571, writable=1, id=67534d794443734c61485249
[019:714][157711] (connection.cc:1824): Conn[528ab000CRWS|S|0|3|p|102]: Sent STUN BINDING request, id=385756324d68334c4d5a4851, use_candidate=0, nomination=3
[019:800][157711] (connection.cc:1702): Conn[528ab000CRWI|S|0|3|p|102]: Received STUN BINDING response, id=385756324d68334c4d5a4851, code=0, rtt=86462 us, pings_since_last_response=385756324d68334c4d5a4851 
[020:161][157711] (connection.cc:957): Conn[528a9800CRWS|-|0|0|p|99]: Sent STUN BINDING response, to=171.226.10.x:24571, writable=1, id=5479484c4749665750326b59
[020:214][157711] (connection.cc:1824): Conn[52461800CRWS|-|0|0|p|101]: Sent STUN BINDING request, id=47736579677a64756d30394d, use_candidate=0, nomination=0
[020:301][157711] (connection.cc:1702): Conn[52461800CRWI|-|0|0|p|101]: Received STUN BINDING response, id=47736579677a64756d30394d, code=0, rtt=87489 us, pings_since_last_response=47736579677a64756d30394d 
[020:655][157711] (connection.cc:957): Conn[52969800CRWS|-|0|0|p|97]: Sent STUN BINDING response, to=160.250.77.x:39829, writable=1, id=4e633164696e4e2f57505a30
[020:715][157711] (connection.cc:1824): Conn[528a8c00CRWS|-|0|0|p|110]: Sent STUN BINDING request, id=717154664773505542435a68, use_candidate=0, nomination=0
[020:844][157711] (connection.cc:1702): Conn[528a8c00CRWI|-|0|0|p|110]: Received STUN BINDING response, id=717154664773505542435a68, code=0, rtt=129758 us, pings_since_last_response=717154664773505542435a68 
[021:157][157711] (connection.cc:957): Conn[52461800CRWS|-|0|0|p|98]: Sent STUN BINDING response, to=103.63.112.x:39749, writable=1, id=74416b64667133486e475a65
[021:217][157711] (connection.cc:1824): Conn[52968000CRWS|-|0|0|p|123]: Sent STUN BINDING request, id=716f4b4e314d6a4b666f622b, use_candidate=0, nomination=0
[021:352][157711] (connection.cc:1702): Conn[52968000CRWI|-|0|0|p|123]: Received STUN BINDING response, id=716f4b4e314d6a4b666f622b, code=0, rtt=136092 us, pings_since_last_response=716f4b4e314d6a4b666f622b 
[021:662][157711] (connection.cc:957): Conn[5296a400CRWS|-|0|0|p|114]: Sent STUN BINDING response, to=160.250.77.x:39829, writable=1, id=712b314b555a743555447866
[021:719][157711] (connection.cc:1824): Conn[5296a400CRWS|-|0|0|p|114]: Sent STUN BINDING request, id=4a32694777584e71774f384d, use_candidate=0, nomination=0
[021:832][157711] (connection.cc:1702): Conn[5296a400CRWI|-|0|0|p|114]: Received STUN BINDING response, id=4a32694777584e71774f384d, code=0, rtt=113704 us, pings_since_last_response=4a32694777584e71774f384d 
[022:150][157711] (connection.cc:957): Conn[528ab000CRWS|S|0|3|p|98]: Sent STUN BINDING response, to=171.226.10.x:24571, writable=1, id=484c666657646b50694e614a
[022:221][157711] (connection.cc:1824): Conn[528ab000CRWS|S|0|3|p|98]: Sent STUN BINDING request, id=72486c644c6e742b4237314d, use_candidate=0, nomination=3
[022:310][157711] (connection.cc:1702): Conn[528ab000CRWI|S|0|3|p|98]: Received STUN BINDING response, id=72486c644c6e742b4237314d, code=0, rtt=88868 us, pings_since_last_response=72486c644c6e742b4237314d 
[022:675][157711] (connection.cc:957): Conn[52968c00CRWS|-|0|0|p|118]: Sent STUN BINDING response, to=160.250.77.x:39829, writable=1, id=7a50396131576f7570476965
[022:722][157711] (connection.cc:1824): Conn[52969800CRWS|-|0|0|p|97]: Sent STUN BINDING request, id=743849784442466239367079, use_candidate=0, nomination=0
[022:804][157711] (connection.cc:1702): Conn[52969800CRWI|-|0|0|p|97]: Received STUN BINDING response, id=743849784442466239367079, code=0, rtt=83031 us, pings_since_last_response=743849784442466239367079 
[022:829][145683] (bitrate_prober.cc:130): Probe cluster (bitrate_bps:min bytes:min packets): (108800 bps:204:5, Inactive)
[022:982][145683] (probe_bitrate_estimator.cc:156): Probing unsuccessful, receive/send ratio too high [cluster id: 5] [send: 341 bytes / 18 ms = 151555 bps] [receive: 341 bytes / 4 ms = 682 kbps ] [ratio: 682 kbps / 151555 bps = 4.50002 > kMaxValidRatio (2)]
[022:982][145683] (probe_bitrate_estimator.cc:156): Probing unsuccessful, receive/send ratio too high [cluster id: 5] [send: 443 bytes / 25 ms = 141760 bps] [receive: 481 bytes / 10 ms = 384800 bps ] [ratio: 384800 bps / 141760 bps = 2.71445 > kMaxValidRatio (2)]
[023:167][157711] (connection.cc:957): Conn[528a8c00CRWS|-|0|0|p|115]: Sent STUN BINDING response, to=171.226.10.x:24571, writable=1, id=4c7939764e50424452333159
[023:224][157711] (connection.cc:1824): Conn[52968c00CRWS|-|0|0|p|118]: Sent STUN BINDING request, id=4871777934786d454658526f, use_candidate=0, nomination=0
[023:342][257367] (remote_ntp_time_estimator.cc:94): RTP timestamp: 2421300871 in NTP clock: 3998968789822 estimated time in receiver NTP clock: 3998968789828
[023:358][157711] (connection.cc:1702): Conn[52968c00CRWI|-|0|0|p|118]: Received STUN BINDING response, id=4871777934786d454658526f, code=0, rtt=134738 us, pings_since_last_response=4871777934786d454658526f 
[023:677][157711] (connection.cc:957): Conn[52968000CRWS|-|0|0|p|126]: Sent STUN BINDING response, to=160.250.77.x:39829, writable=1, id=756b45645971453065492f30
[023:725][157711] (connection.cc:1824): Conn[4920e400C--I|-|0|0|-|-]: Sent STUN BINDING request, id=736b564852512f6a35313849, use_candidate=0, nomination=0
[024:166][157711] (turn_port.cc:1728): TurnPort(Port[2c98d900:0:1:0:relay:Net[en0:192.168.25.x/24:Wifi:id=1]]-Remote[116.103.111.243:3478/udp]: TURN allocate request sent, id=38444d476774747958736d54
[024:166][157711] (turn_port.cc:1728): TurnPort(Port[2c98f700:0:1:0:relay:Net[en0:192.168.25.x/24:Wifi:id=1]]-Remote[103.63.112.54:3478/udp]: TURN allocate request sent, id=4839654e706b6f4430687a37
[024:166][157711] (turn_port.cc:1728): TurnPort(Port[4ecccf00:0:1:0:relay:Net[en0:192.168.25.x/24:Wifi:id=1]]-Remote[171.226.10.227:3478/udp]: TURN allocate request sent, id=44457049642b632f7a557a49
[024:166][157711] (turn_port.cc:1728): TurnPort(Port[4939f700:0:1:0:relay:Net[en0:192.168.25.x/24:Wifi:id=1]]-Remote[58.186.3.44:3478/udp]: TURN allocate request sent, id=6145476b7652502b36414841
[024:174][157711] (connection.cc:957): Conn[52463000CRWS|-|0|0|p|111]: Sent STUN BINDING response, to=103.63.112.x:39749, writable=1, id=42774a6e6e45335354557767
[024:227][157711] (connection.cc:1824): Conn[52460c00CRWS|-|0|0|p|68]: Sent STUN BINDING request, id=345a446c594c4c7652487667, use_candidate=0, nomination=0
[024:300][157711] (connection.cc:1702): Conn[52460c00CRWI|-|0|0|p|68]: Received STUN BINDING response, id=345a446c594c4c7652487667, code=0, rtt=73504 us, pings_since_last_response=345a446c594c4c7652487667 
[024:706][157711] (connection.cc:957): Conn[528ab000CRWS|S|0|3|p|96]: Sent STUN BINDING response, to=171.226.10.x:24571, writable=1, id=4178757679533942486c666f
[024:729][157711] (connection.cc:1824): Conn[528ab000CRWS|S|0|3|p|96]: Sent STUN BINDING request, id=4e473162697a494f61443070, use_candidate=0, nomination=3
[024:812][157711] (connection.cc:1702): Conn[528ab000CRWI|S|0|3|p|96]: Received STUN BINDING response, id=4e473162697a494f61443070, code=0, rtt=83705 us, pings_since_last_response=4e473162697a494f61443070 
[025:230][157711] (connection.cc:1824): Conn[528a8000CRWS|-|0|0|p|97]: Sent STUN BINDING request, id=426c6a53384f334e414f4e63, use_candidate=0, nomination=0
[025:316][157711] (connection.cc:1702): Conn[528a8000CRWI|-|0|0|p|97]: Received STUN BINDING response, id=426c6a53384f334e414f4e63, code=0, rtt=86015 us, pings_since_last_response=426c6a53384f334e414f4e63 
[025:676][157711] (connection.cc:957): Conn[52460c00CRWS|-|0|0|p|70]: Sent STUN BINDING response, to=116.103.111.x:26468, writable=1, id=6c534e63444343656646394d
[025:733][157711] (connection.cc:1824): Conn[52460000CRWS|-|0|0|p|92]: Sent STUN BINDING request, id=456e2b54664d733133386e34, use_candidate=0, nomination=0
[025:834][157711] (connection.cc:1702): Conn[52460000CRWI|-|0|0|p|92]: Received STUN BINDING response, id=456e2b54664d733133386e34, code=0, rtt=101499 us, pings_since_last_response=456e2b54664d733133386e34 
[026:162][157711] (connection.cc:957): Conn[4920cc00CRWS|-|0|0|p|89]: Sent STUN BINDING response, to=116.103.111.x:26468, writable=1, id=614c776c5245435967534462
[026:234][157711] (connection.cc:1824): Conn[52463000CRWS|-|0|0|p|111]: Sent STUN BINDING request, id=4f5953752b2f4c6a63614358, use_candidate=0, nomination=0
[026:333][157711] (connection.cc:1702): Conn[52463000CRWI|-|0|0|p|111]: Received STUN BINDING response, id=4f5953752b2f4c6a63614358, code=0, rtt=98879 us, pings_since_last_response=4f5953752b2f4c6a63614358 
[026:681][157711] (connection.cc:957): Conn[528a8000CRWS|-|0|0|p|94]: Sent STUN BINDING response, to=103.63.112.x:39749, writable=1, id=346349657536636455694f4f
[026:737][157711] (connection.cc:1824): Conn[49190c00CRWS|-|0|0|p|80]: Sent STUN BINDING request, id=59683730763879433332455a, use_candidate=0, nomination=0
[026:832][157711] (connection.cc:1702): Conn[49190c00CRWI|-|0|0|p|80]: Received STUN BINDING response, id=59683730763879433332455a, code=0, rtt=96528 us, pings_since_last_response=59683730763879433332455a 
[027:168][157711] (connection.cc:957): Conn[528ab000CRWS|S|0|3|p|93]: Sent STUN BINDING response, to=171.226.10.x:24571, writable=1, id=325370386b55556e72564e66
[027:238][157711] (connection.cc:1161): Conn[4920e400C--I|-|0|0|-|-]: Timed out after 15082112 us ms without a response, rtt=6 s
[027:238][157711] (connection.cc:380): Conn[4920e400C-xI|-|0|0|-|-]: set_write_state from: 2 to 3
[027:238][157711] (p2p_transport_channel.cc:2259): Channel[0|1|RW: Removed connection 4920e400 (16 remaining)
[027:239][157711] (connection.cc:1824): Conn[528ab000CRWS|S|0|3|p|93]: Sent STUN BINDING request, id=5555352f676d37655359456e, use_candidate=0, nomination=3
[027:239][157711] (wrapping_active_ice_controller.cc:223): Not switching selected connection due to: candidate pair state changed
[027:239][157711] (connection.cc:1014): Conn[528aa400CRWS|-|0|0|p|80]: Connection pruned with force: 0, reason: Pruned by P2PTransportChannel
[027:239][157711] (connection.cc:380): Conn[528aa400CRxS|-|0|0|p|80]: set_write_state from: 0 to 3
[027:239][157711] (connection.cc:1014): Conn[528a8000CRWS|-|0|0|p|94]: Connection pruned with force: 0, reason: Pruned by P2PTransportChannel
[027:239][157711] (connection.cc:380): Conn[528a8000CRxS|-|0|0|p|94]: set_write_state from: 0 to 3
[027:239][157711] (connection.cc:1014): Conn[52463000CRWS|-|0|0|p|108]: Connection pruned with force: 0, reason: Pruned by P2PTransportChannel
[027:239][157711] (connection.cc:380): Conn[52463000CRxS|-|0|0|p|108]: set_write_state from: 0 to 3
[027:239][157711] (connection.cc:1014): Conn[52460c00CRWS|-|0|0|p|70]: Connection pruned with force: 0, reason: Pruned by P2PTransportChannel
[027:239][157711] (connection.cc:380): Conn[52460c00CRxS|-|0|0|p|70]: set_write_state from: 0 to 3
[027:239][157711] (connection.cc:1014): Conn[52460000CRWS|-|0|0|p|94]: Connection pruned with force: 0, reason: Pruned by P2PTransportChannel
[027:239][157711] (connection.cc:380): Conn[52460000CRxS|-|0|0|p|94]: set_write_state from: 0 to 3
[027:239][157711] (connection.cc:1014): Conn[5296a400CRWS|-|0|0|p|114]: Connection pruned with force: 0, reason: Pruned by P2PTransportChannel
[027:239][157711] (connection.cc:380): Conn[5296a400CRxS|-|0|0|p|114]: set_write_state from: 0 to 3
[027:239][157711] (connection.cc:1014): Conn[52969800CRWS|-|0|0|p|93]: Connection pruned with force: 0, reason: Pruned by P2PTransportChannel
[027:239][157711] (connection.cc:380): Conn[52969800CRxS|-|0|0|p|93]: set_write_state from: 0 to 3
[027:239][157711] (connection.cc:1014): Conn[528a8c00CRWS|-|0|0|p|115]: Connection pruned with force: 0, reason: Pruned by P2PTransportChannel
[027:239][157711] (connection.cc:380): Conn[528a8c00CRxS|-|0|0|p|115]: set_write_state from: 0 to 3
[027:239][157711] (connection.cc:1014): Conn[528a9800CRWS|-|0|0|p|99]: Connection pruned with force: 0, reason: Pruned by P2PTransportChannel
[027:239][157711] (connection.cc:380): Conn[528a9800CRxS|-|0|0|p|99]: set_write_state from: 0 to 3
[027:239][157711] (connection.cc:1014): Conn[52461800CRWS|-|0|0|p|98]: Connection pruned with force: 0, reason: Pruned by P2PTransportChannel
[027:239][157711] (connection.cc:380): Conn[52461800CRxS|-|0|0|p|98]: set_write_state from: 0 to 3
[027:239][157711] (connection.cc:1014): Conn[52462400CRWS|-|0|0|p|99]: Connection pruned with force: 0, reason: Pruned by P2PTransportChannel
[027:239][157711] (connection.cc:380): Conn[52462400CRxS|-|0|0|p|99]: set_write_state from: 0 to 3
[027:239][157711] (connection.cc:1014): Conn[4920cc00CRWS|-|0|0|p|89]: Connection pruned with force: 0, reason: Pruned by P2PTransportChannel
[027:239][157711] (connection.cc:380): Conn[4920cc00CRxS|-|0|0|p|89]: set_write_state from: 0 to 3
[027:239][157711] (connection.cc:1014): Conn[49190c00CRWS|-|0|0|p|84]: Connection pruned with force: 0, reason: Pruned by P2PTransportChannel
[027:239][157711] (connection.cc:380): Conn[49190c00CRxS|-|0|0|p|84]: set_write_state from: 0 to 3
[027:239][157711] (connection.cc:1014): Conn[52968000CRWS|-|0|0|p|126]: Connection pruned with force: 0, reason: Pruned by P2PTransportChannel
[027:239][157711] (connection.cc:380): Conn[52968000CRxS|-|0|0|p|126]: set_write_state from: 0 to 3
[027:239][157711] (connection.cc:1014): Conn[52968c00CRWS|-|0|0|p|122]: Connection pruned with force: 0, reason: Pruned by P2PTransportChannel
[027:239][157711] (connection.cc:380): Conn[52968c00CRxS|-|0|0|p|122]: set_write_state from: 0 to 3
[027:239][157711] (p2p_transport_channel.cc:2027): Channel[0|1|RW: Transport channel state changed from 1 to 2 with writable=1, receiving=1, iceCurrent=2, ice=2, conns=16, selected=1
[027:239][157711] (jsep_transport_controller.cc:1284): 0 Transport 1 state changed. Check if state is complete.
[027:240][157711] (wrapping_active_ice_controller.cc:223): Not switching selected connection due to: candidate pair state changed
[027:332][157711] (connection.cc:1702): Conn[528ab000CRWI|S|0|3|p|93]: Received STUN BINDING response, id=5555352f676d37655359456e, code=0, rtt=93320 us, pings_since_last_response=5555352f676d37655359456e 
[027:502][145683] (bitrate_allocator.cc:500): Current BWE 159272
[027:706][158479] (peer_connection.cc:1945): PeerConnection close: 4471686820713135695
[027:721][158479] (sdp_offer_answer.cc:3264): Session: 4471686820713135695 Old state: stable New state: closed
[027:721][145683] (webrtc_voice_engine.cc:2532): WRVMC::SetOutputVolume({ssrc=697479859}, {volume=0.00})
[027:721][145683] (webrtc_voice_engine.cc:2542): WRVMC::SetOutputVolume => (stream with SSRC 697479859 now uses volume 0.00)
[027:722][157711] (peer_connection.cc:2785): Tearing down data channel transport for mid=1
[027:722][157711] (openssl_adapter.cc:811): SSL negotiation finished successfully
[027:722][157711] (connection.cc:1027): Conn[4920cc00CRxS|-|0|0|p|89]: Connection destroy
[027:722][157711] (connection.cc:1027): Conn[49190c00CRxS|-|0|0|p|84]: Connection destroy
[027:722][157711] (connection.cc:1027): Conn[52460000CRxS|-|0|0|p|94]: Connection destroy
[027:722][157711] (connection.cc:1027): Conn[52460c00CRxS|-|0|0|p|70]: Connection destroy
[027:722][157711] (connection.cc:1027): Conn[52461800CRxS|-|0|0|p|98]: Connection destroy
[027:722][157711] (connection.cc:1027): Conn[52462400CRxS|-|0|0|p|99]: Connection destroy
[027:722][157711] (connection.cc:1027): Conn[52463000CRxS|-|0|0|p|108]: Connection destroy
[027:722][157711] (connection.cc:1027): Conn[528a8000CRxS|-|0|0|p|94]: Connection destroy
[027:722][157711] (connection.cc:1027): Conn[528a8c00CRxS|-|0|0|p|115]: Connection destroy
[027:722][157711] (connection.cc:1027): Conn[528a9800CRxS|-|0|0|p|99]: Connection destroy
[027:722][157711] (connection.cc:1027): Conn[528aa400CRxS|-|0|0|p|80]: Connection destroy
[027:722][157711] (connection.cc:1027): Conn[528ab000CRWS|S|0|3|p|93]: Connection destroy
[027:722][157711] (connection.cc:1027): Conn[52968000CRxS|-|0|0|p|126]: Connection destroy
[027:722][157711] (connection.cc:1027): Conn[52968c00CRxS|-|0|0|p|122]: Connection destroy
[027:722][157711] (connection.cc:1027): Conn[52969800CRxS|-|0|0|p|93]: Connection destroy
[027:722][157711] (connection.cc:1027): Conn[5296a400CRxS|-|0|0|p|114]: Connection destroy
[027:722][157711] (basic_port_allocator.cc:1460): [49377e20]Net[en0:192.168.25.x/24:Wifi:id=1] Clear
[027:722][157711] (basic_port_allocator.cc:1460): [49375260]Net[pdp_ip0:22.202.73.x/32:Cellular:id=4] Clear
[027:722][157711] (basic_port_allocator.cc:1460): [49377f00]Net[pdp_ip0:2402:800:75d9:x:x:x:x:x/64:Cellular:id=5] Clear
[027:722][157711] (turn_port.cc:1947): TurnPort(Port[4939c000:0:1:0:relay:Net[pdp_ip0:22.202.73.x/32:Cellular:id=4]]-Remote[116.103.111.243:3478/udp]: TURN refresh request sent, id=4f305662783432584537615a with lifetime = 0
[027:722][157711] (turn_port.cc:1262): TurnPort(Port[4939c000:0:1:0:relay:Net[pdp_ip0:22.202.73.x/32:Cellular:id=4]]-Remote[116.103.111.243:3478/udp]: TurnPort::Release
[027:722][157711] (turn_port.cc:1947): TurnPort(Port[3f887200:0:1:0:relay:Net[pdp_ip0:22.202.73.x/32:Cellular:id=4]]-Remote[103.63.112.54:3478/udp]: TURN refresh request sent, id=75757a736876382f4b2b6a67 with lifetime = 0
[027:722][157711] (turn_port.cc:1262): TurnPort(Port[3f887200:0:1:0:relay:Net[pdp_ip0:22.202.73.x/32:Cellular:id=4]]-Remote[103.63.112.54:3478/udp]: TurnPort::Release
[027:722][157711] (turn_port.cc:1947): TurnPort(Port[3f887700:0:1:0:relay:Net[pdp_ip0:22.202.73.x/32:Cellular:id=4]]-Remote[171.226.10.227:3478/udp]: TURN refresh request sent, id=467367727962336e6c6a7377 with lifetime = 0
[027:722][157711] (turn_port.cc:1262): TurnPort(Port[3f887700:0:1:0:relay:Net[pdp_ip0:22.202.73.x/32:Cellular:id=4]]-Remote[171.226.10.227:3478/udp]: TurnPort::Release
[027:722][157711] (turn_port.cc:1947): TurnPort(Port[3f886800:0:1:0:relay:Net[pdp_ip0:22.202.73.x/32:Cellular:id=4]]-Remote[58.186.3.44:3478/udp]: TURN refresh request sent, id=493069714333556a6c6c5435 with lifetime = 0
[027:722][157711] (turn_port.cc:1262): TurnPort(Port[3f886800:0:1:0:relay:Net[pdp_ip0:22.202.73.x/32:Cellular:id=4]]-Remote[58.186.3.44:3478/udp]: TurnPort::Release
[027:723][145683] (channel.cc:646): Channel disabled: {mid: 0, media_type: audio}
[027:723][145683] (audio_receive_stream.cc:205): AudioReceiveStreamImpl::Stop: 697479859
[027:723][145683] (audio_device_ios.mm:268): AudioDeviceIOS::StopPlayout
[027:723][145683] (RTCLogging.mm:34): (audio_device_ios.mm:292 StopPlayout): Average number of playout callbacks between glitches: 100000
[027:723][145683] (audio_device_buffer.cc:170): total playout time: 15655
[027:723][145683] (audio_send_stream.cc:388): AudioSendStream::Stop: 3998793686
[027:723][145683] (bitrate_allocator.cc:727): UpdateAllocationLimits : total_requested_min_bitrate: 0 bps, total_requested_padding_bitrate: 0 bps, total_requested_max_bitrate: 0 bps
[027:723][145683] (audio_device_ios.mm:330): AudioDeviceIOS::StopRecording
[027:723][145683] (audio_device_ios.mm:1027): AudioDeviceIOS::ShutdownPlayOrRecord
[027:723][145683] (RTCLogging.mm:34): (voice_processing_audio_unit.mm:400 Stop): Stopping audio unit.
[027:764][145683] (RTCLogging.mm:34): (voice_processing_audio_unit.mm:407 Stop): Stopped audio unit
[027:764][145683] (RTCLogging.mm:34): (voice_processing_audio_unit.mm:416 Uninitialize): Unintializing audio unit.
[027:764][145683] (RTCLogging.mm:34): (voice_processing_audio_unit.mm:423 Uninitialize): Uninitialized audio unit.
[027:764][145683] (RTCLogging.mm:34): (voice_processing_audio_unit.mm:561 DisposeAudioUnit): Disposing audio unit.
[027:819][145683] (RTCLogging.mm:34): (RTCAudioSession.mm:242 -[RTCAudioSession removeDelegate:]): Removing delegate: (0x152512150)
[027:819][145683] (RTCLogging.mm:34): (audio_device_ios.mm:964 UnconfigureAudioSession): Unconfiguring audio session.
[027:820][145683] (RTCLogging.mm:34): (RTCAudioSession.mm:804 -[RTCAudioSession unconfigureWebRTCSession:]): Unconfiguring audio session for WebRTC.
[027:820][145683] (RTCLogging.mm:34): (RTCAudioSession.mm:685 -[RTCAudioSession decrementActivationCount]): Decrementing activation count.
[027:820][145683] (RTCLogging.mm:34): (RTCAudioSession.mm:419 -[RTCAudioSession setActive:error:]): Number of current activations: 2
[027:820][145683] (RTCLogging.mm:34): (audio_device_ios.mm:976 UnconfigureAudioSession): Unconfigured audio session.
[027:820][145683] (audio_device_buffer.cc:200): HISTOGRAM(WebRTC.Audio.RecordedOnlyZeros): 0
[027:820][145683] (audio_device_buffer.cc:203): total recording time: 15376
[027:820][145683] (channel.cc:916): Changing voice state, recv=0 send=0 for {mid: 0, media_type: audio}
[027:820][145683] (webrtc_voice_engine.cc:2480): RemoveRecvStream: 697479859
[027:820][145683] (audio_receive_stream.cc:146): ~AudioReceiveStreamImpl: 697479859
[027:822][145683] (webrtc_voice_engine.cc:1651): RemoveSendStream: 3998793686
[027:822][145683] (call.cc:1215): UpdateAggregateNetworkState: aggregate_state change to down
[027:822][145683] (pacing_controller.cc:114): PacedSender paused.
[027:822][145683] (control_handler.cc:65): Bitrate estimate state changed, BWE: 159272 bps.
[027:822][145683] (audio_send_stream.cc:185): ~AudioSendStream: 3998793686
[027:823][259] (RTCLogging.mm:34): (RTCAudioSession.mm:557 -[RTCAudioSession handleRouteChangeNotification:]): Audio route changed:
[027:823][259] (RTCLogging.mm:34): (RTCAudioSession.mm:573 -[RTCAudioSession handleRouteChangeNotification:]): Audio route changed: Override
[027:824][145683] (call.cc:586): WebRTC.Call.AudioBitrateReceivedInBps, periodic_samples:7, {min:27448, avg:35032, max:42488}
[027:824][145683] (call.cc:594): WebRTC.Call.RtcpBitrateReceivedInBps, periodic_samples:7, {min:1888, avg:2744, max:3424}
[027:824][145683] (call.cc:602): WebRTC.Call.BitrateReceivedInBps, periodic_samples:7, {min:29608, avg:37768, max:45288}
[027:824][259] (RTCLogging.mm:34): (RTCAudioSession.mm:590 -[RTCAudioSession handleRouteChangeNotification:]): Previous route: <AVAudioSessionRouteDescription: 0x152512140, 
inputs = (
    "<AVAudioSessionPortDescription: 0x152513250, type = MicrophoneBuiltIn; name = Micr\U00f4 c\U1ee7a iPhone; UID = Built-In Microphone; selectedDataSource = (null)>"
); 
outputs = (
    "<AVAudioSessionPortDescription: 0x152510260, type = Speaker; name = Loa ngo\U00e0i; UID = Speaker; selectedDataSource = (null)>"
)>
Current route:<AVAudioSessionRouteDescription: 0x1525122f0, 
inputs = (
    "<AVAudioSessionPortDescription: 0x1525121a0, type = MicrophoneBuiltIn; name = Micr\U00f4 c\U1ee7a iPhone; UID = Built-In Microphone; selectedDataSource = D\U01b0\U1edbi c\U00f9ng>"
); 
outputs = (
    "<AVAudioSessionPortDescription: 0x152512840, type = Speaker; name = Loa ngo\U00e0i; UID = Speaker; selectedDataSource = (null)>"
)>
[027:825][145683] (webrtc_voice_engine.cc:560): WebRtcVoiceEngine::Terminate
[027:825][145683] (audio_device_ios.mm:268): AudioDeviceIOS::StopPlayout
[027:825][145683] (audio_device_ios.mm:330): AudioDeviceIOS::StopRecording
[027:825][145683] (audio_device_ios.mm:179): AudioDeviceIOS::Terminate
[027:825][145683] (audio_device_ios.mm:268): AudioDeviceIOS::StopPlayout
[027:825][145683] (audio_device_ios.mm:330): AudioDeviceIOS::StopRecording
