[000:000][31235] (RTCConfiguration.mm:304): Don't have configured cert.
[000:010][329491] (peer_connection_factory.cc:398): Using default network controller factory
[000:010][329491] (bitrate_prober.cc:54): Bandwidth probing enabled, set to inactive
[000:010][329491] (cpu_info.cc:77): Available number of cores: 6
[000:011][329491] (transport_sequence_number_feedback_generator.cc:52): Maximum interval between transport feedback RTCP messages: 250 ms
[000:011][329491] (aimd_rate_control.cc:114): Using aimd rate control with back off factor 0.9
[000:011][329491] (remote_bitrate_estimator_single_stream.cc:59): RemoteBitrateEstimatorSingleStream: Instantiating.
[000:012][329227] (peer_connection.cc:659): PeerConnection create with session: 6590065330239080068
[000:013][280503] (peer_connection.cc:2377): TCP candidates are disabled.
[000:013][280503] (peer_connection.cc:2407): InitializePortAllocator port_allocator: old=10, new=16714, maxIpv6: 5, candidateFilter: 6
[000:013][280503] (basic_port_allocator.cc:271): BasicPortAllocatorSession[55d7f800] () component:0 u/p=CS/8/vyXYqFe3wOkeT4vD2TAT0tZw
[000:013][280503] (basic_port_allocator.cc:375): Start getting ports with turn_port_prune_policy 0
[000:013][329491] (webrtc_voice_engine.cc:522): WebRtcVoiceEngine::Init
[000:013][329491] (audio_device_buffer.cc:75): AudioDeviceBuffer::ctor
[000:013][329491] (audio_device_ios.mm:126): AudioDeviceIOS::ctor<NSThread: 0x1242bc180>{number = 101, name = (null)},bypass_voice_processing=0
[000:013][329491] (audio_device_ios.mm:144): AudioDeviceIOS::AttachAudioBuffer
[000:013][329491] (audio_device_ios.mm:151): AudioDeviceIOS::Init
[000:013][329491] (audio_device_ios.mm:741): AudioDeviceIOS::UpdateAudioDevicebuffer
[000:013][329491] (audio_device_buffer.cc:213): SetPlayoutSampleRate(48000)
[000:013][329491] (audio_device_buffer.cc:233): SetPlayoutChannels(1)
[000:013][329491] (audio_device_buffer.cc:207): SetRecordingSampleRate(48000)
[000:013][329491] (audio_device_buffer.cc:227): SetRecordingChannels(1)
[000:013][329491] (audio_device_ios.mm:1134): SetPlayoutDevice: Not implemented
[000:013][329491] (audio_device_ios.mm:1195): SetStereoPlayout: Not implemented
[000:013][329491] (audio_device_module_ios.mm:390): stereo playout is not supported
[000:013][329491] (adm_helpers.cc:57): Failed to set stereo playout mode.
[000:013][329491] (audio_device_ios.mm:1244): SetRecordingDevice: Not implemented
[000:013][329491] (adm_helpers.cc:77): Failed to set stereo recording mode.
[000:013][329491] (webrtc_voice_engine.cc:606): WebRtcVoiceEngine::ApplyOptions: AudioOptions {aec: 1, agc: 1, ns: 0, hf: 1, swap: 0, audio_jitter_buffer_max_packets: 200, audio_jitter_buffer_fast_accelerate: 0, audio_jitter_buffer_min_delay_ms: 0, }
[000:013][329491] (webrtc_voice_engine.cc:621): Always disable AEC on iOS. Use built-in instead.
[000:013][329491] (webrtc_voice_engine.cc:629): Always disable AGC on iOS. Use built-in instead.
[000:014][329491] (audio_processing_impl.cc:680): AudioProcessing::ApplyConfig: AudioProcessing::Config{ pipeline: { maximum_internal_processing_rate: 32000, multi_channel_render: 1, multi_channel_capture: 1 }, pre_amplifier: { enabled: 0, fixed_gain_factor: 1 },capture_level_adjustment: { enabled: 0, pre_gain_factor: 1, post_gain_factor: 1, analog_mic_gain_emulation: { enabled: 0, initial_level: 255 }}, high_pass_filter: { enabled: 1 }, echo_canceller: { enabled: 0, enforce_high_pass_filtering: 1 }, noise_suppression: { enabled: 0, level: High }, transient_suppression: { enabled: 0 }, gain_controller1: { enabled: 0, mode: FixedDigital, target_level_dbfs: 3, compression_gain_db: 9, enable_limiter: 1, analog_gain_controller { enabled: 1, startup_min_volume: 0, clipped_level_min: 70, enable_digital_adaptive: 1, clipped_level_step: 15, clipped_ratio_threshold: 0.1, clipped_wait_frames: 300, clipping_predictor:  { enabled: 0, mode: 0, window_length: 5, reference_window_length: 5, reference_window_delay: 5, clipping_threshold: -1, crest_factor_margin: 3, use_predicted_step: 1 }}}, gain_controller2: { enabled: 0, fixed_digital: { gain_db: 0 }, adaptive_digital: { enabled: 0, headroom_db: 5, max_gain_db: 50, initial_gain_db: 15, max_gain_change_db_per_second: 6, max_output_noise_level_dbfs: -50 }, input_volume_control : { enabled 0}}
[000:014][280503] (basic_port_allocator.cc:1011): 55d7f800 OnNetworksChanged start
[000:014][280503] (basic_port_allocator.cc:711): Count of networks: 3
[000:014][280503] (basic_port_allocator.cc:713): Net[pdp_ip0:100.81.44.x/32:Cellular:id=3]
[000:014][280503] (basic_port_allocator.cc:713): Net[lo0:0:0:0:x:x:x:x:x/128:Loopback:id=2]
[000:014][280503] (basic_port_allocator.cc:713): Net[lo0:127.0.0.x/8:Loopback:id=1]
[000:014][280503] (basic_port_allocator.cc:125): Filtered out ignored networks:
[000:014][280503] (basic_port_allocator.cc:127): Net[lo0:0:0:0:x:x:x:x:x/128:Loopback:id=2]
[000:014][280503] (basic_port_allocator.cc:127): Net[lo0:127.0.0.x/8:Loopback:id=1]
[000:014][280503] (basic_port_allocator.cc:1030): 55d7f800 OnNetworksChanged end with network_start: 0 ,allocation_started = 0, failed_networks = 0
[000:014][280503] (basic_port_allocator.cc:1045): 55d7f800 Network manager has started
[000:014][280503] (basic_port_allocator.cc:669): 55d7f800 OnAllocate allocation_epoch = 0 network_start: 1 ,allocation_started = 0
[000:014][280503] (basic_port_allocator.cc:711): Count of networks: 3
[000:014][280503] (basic_port_allocator.cc:713): Net[pdp_ip0:100.81.44.x/32:Cellular:id=3]
[000:014][280503] (basic_port_allocator.cc:713): Net[lo0:0:0:0:x:x:x:x:x/128:Loopback:id=2]
[000:014][280503] (basic_port_allocator.cc:713): Net[lo0:127.0.0.x/8:Loopback:id=1]
[000:014][280503] (basic_port_allocator.cc:125): Filtered out ignored networks:
[000:014][280503] (basic_port_allocator.cc:127): Net[lo0:0:0:0:x:x:x:x:x/128:Loopback:id=2]
[000:014][280503] (basic_port_allocator.cc:127): Net[lo0:127.0.0.x/8:Loopback:id=1]
[000:014][280503] (basic_port_allocator.cc:934): BasicPortAllocatorSession[55d7f800] Allocate ports on pdp_ip0  with allocation: 0, ports: 0, relay_count_success: 0, has_wifi: 0, max_total_probe_packet: 20, max_probe: 5
[000:014][280503] (basic_port_allocator.cc:1434): AllocationSequence[539c95e0] khoi tao with network: Net[pdp_ip0:100.81.44.x/32:Cellular:id=3] with max_probe: 5
[000:014][329227] (sdp_offer_answer.cc:1546): SdpOfferAnswerHandler::Initialize.
[000:014][280503] (basic_port_allocator.cc:1576): AllocationSequence[539c95e0]Net[pdp_ip0:100.81.44.x/32:Cellular:id=3]: Allocation Phase=Udp
[000:014][280503] (port.cc:130): Port[55de4a80::1:0:host:Net[pdp_ip0:100.81.44.x/32:Cellular:id=3]]: Port created with network cost 900
[000:014][280503] (basic_port_allocator.cc:1068): Adding Candidate allocated port for UDPPort(Port[55de4a80::1:0:host:Net[pdp_ip0:100.81.44.x/32:Cellular:id=3]]) with name
[000:014][280503] (basic_port_allocator.cc:1093): UDPPort(Port[55de4a80::0:0:host:Net[pdp_ip0:100.81.44.x/32:Cellular:id=3]]): Added port to allocator
[000:014][280503] (basic_port_allocator.cc:1110): UDPPort(Port[55de4a80::0:0:host:Net[pdp_ip0:100.81.44.x/32:Cellular:id=3]]): Gathered candidate: Cand[:514682300:0:udp:2122260224:100.81.44.x:57611:host::0:CS/8:vyXYqFe3wOkeT4vD2TAT0tZw:3:900:0]
[000:014][280503] (basic_port_allocator.cc:1143): UDPPort(Port[55de4a80::0:0:host:Net[pdp_ip0:100.81.44.x/32:Cellular:id=3]]): Port ready.
[000:014][280503] (basic_port_allocator.cc:1152): OnCandidateReady: UDPPort(Port[55de4a80::0:0:host:Net[pdp_ip0:100.81.44.x/32:Cellular:id=3]]): s:1 with candidates:1
[000:014][280503] (basic_port_allocator.cc:1259): UDPPort(Port[55de4a80::0:0:host:Net[pdp_ip0:100.81.44.x/32:Cellular:id=3]]): Port completed gathering candidates.
[000:014][280503] (openssl_key_pair.cc:36): Making key pair
[000:015][280503] (openssl_key_pair.cc:89): Returning key pair
[000:015][280503] (boringssl_certificate.cc:186): Making certificate for WebRTC
[000:016][280503] (boringssl_certificate.cc:242): Returning certificate
[000:017][31235] (sctp_data_channel.cc:387): DataChannelObserver - adapter needed
[000:018][329227] (rtp_transmission_manager.cc:242): Adding audio transceiver in response to a call to AddTrack.
[000:018][329491] (webrtc_voice_engine.cc:1304): Setting voice channel options: AudioOptions {audio_jitter_buffer_max_packets: 200, audio_jitter_buffer_fast_accelerate: 0, audio_jitter_buffer_min_delay_ms: 0, }
[000:018][329491] (webrtc_voice_engine.cc:606): WebRtcVoiceEngine::ApplyOptions: AudioOptions {audio_jitter_buffer_max_packets: 200, audio_jitter_buffer_fast_accelerate: 0, audio_jitter_buffer_min_delay_ms: 0, }
[000:018][329491] (webrtc_voice_engine.cc:621): Always disable AEC on iOS. Use built-in instead.
[000:018][329491] (webrtc_voice_engine.cc:629): Always disable AGC on iOS. Use built-in instead.
[000:018][329491] (audio_processing_impl.cc:680): AudioProcessing::ApplyConfig: AudioProcessing::Config{ pipeline: { maximum_internal_processing_rate: 32000, multi_channel_render: 1, multi_channel_capture: 1 }, pre_amplifier: { enabled: 0, fixed_gain_factor: 1 },capture_level_adjustment: { enabled: 0, pre_gain_factor: 1, post_gain_factor: 1, analog_mic_gain_emulation: { enabled: 0, initial_level: 255 }}, high_pass_filter: { enabled: 1 }, echo_canceller: { enabled: 0, enforce_high_pass_filtering: 1 }, noise_suppression: { enabled: 0, level: High }, transient_suppression: { enabled: 0 }, gain_controller1: { enabled: 0, mode: FixedDigital, target_level_dbfs: 3, compression_gain_db: 9, enable_limiter: 1, analog_gain_controller { enabled: 1, startup_min_volume: 0, clipped_level_min: 70, enable_digital_adaptive: 1, clipped_level_step: 15, clipped_ratio_threshold: 0.1, clipped_wait_frames: 300, clipping_predictor:  { enabled: 0, mode: 0, window_length: 5, reference_window_length: 5, reference_window_delay: 5, clipping_threshold: -1, crest_factor_margin: 3, use_predicted_step: 1 }}}, gain_controller2: { enabled: 0, fixed_digital: { gain_db: 0 }, adaptive_digital: { enabled: 0, headroom_db: 5, max_gain_db: 50, initial_gain_db: 15, max_gain_change_db_per_second: 6, max_output_noise_level_dbfs: -50 }, input_volume_control : { enabled 0}}
[000:018][329491] (webrtc_voice_engine.cc:1318): Set voice send channel options. Current options: AudioOptions {audio_jitter_buffer_max_packets: 200, audio_jitter_buffer_fast_accelerate: 0, audio_jitter_buffer_min_delay_ms: 0, }
[000:018][329491] (webrtc_voice_engine.cc:2264): Setting voice channel options: AudioOptions {audio_jitter_buffer_max_packets: 200, audio_jitter_buffer_fast_accelerate: 0, audio_jitter_buffer_min_delay_ms: 0, }
[000:018][329491] (webrtc_voice_engine.cc:606): WebRtcVoiceEngine::ApplyOptions: AudioOptions {audio_jitter_buffer_max_packets: 200, audio_jitter_buffer_fast_accelerate: 0, audio_jitter_buffer_min_delay_ms: 0, }
[000:018][329491] (webrtc_voice_engine.cc:621): Always disable AEC on iOS. Use built-in instead.
[000:018][329491] (webrtc_voice_engine.cc:629): Always disable AGC on iOS. Use built-in instead.
[000:018][329491] (audio_processing_impl.cc:680): AudioProcessing::ApplyConfig: AudioProcessing::Config{ pipeline: { maximum_internal_processing_rate: 32000, multi_channel_render: 1, multi_channel_capture: 1 }, pre_amplifier: { enabled: 0, fixed_gain_factor: 1 },capture_level_adjustment: { enabled: 0, pre_gain_factor: 1, post_gain_factor: 1, analog_mic_gain_emulation: { enabled: 0, initial_level: 255 }}, high_pass_filter: { enabled: 1 }, echo_canceller: { enabled: 0, enforce_high_pass_filtering: 1 }, noise_suppression: { enabled: 0, level: High }, transient_suppression: { enabled: 0 }, gain_controller1: { enabled: 0, mode: FixedDigital, target_level_dbfs: 3, compression_gain_db: 9, enable_limiter: 1, analog_gain_controller { enabled: 1, startup_min_volume: 0, clipped_level_min: 70, enable_digital_adaptive: 1, clipped_level_step: 15, clipped_ratio_threshold: 0.1, clipped_wait_frames: 300, clipping_predictor:  { enabled: 0, mode: 0, window_length: 5, reference_window_length: 5, reference_window_delay: 5, clipping_threshold: -1, crest_factor_margin: 3, use_predicted_step: 1 }}}, gain_controller2: { enabled: 0, fixed_digital: { gain_db: 0 }, adaptive_digital: { enabled: 0, headroom_db: 5, max_gain_db: 50, initial_gain_db: 15, max_gain_change_db_per_second: 6, max_output_noise_level_dbfs: -50 }, input_volume_control : { enabled 0}}
[000:018][329491] (webrtc_voice_engine.cc:2294): Set voice receive channel options. Current options: AudioOptions {audio_jitter_buffer_max_packets: 200, audio_jitter_buffer_fast_accelerate: 0, audio_jitter_buffer_min_delay_ms: 0, }
[000:019][31235] (RTCLogging.mm:34): (RTCDtmfSender.mm:78 -[RTCDtmfSender initWithNativeDtmfSender:]): RTC_OBJC_TYPE(RTCDtmfSender)(0x1240896b0): created DTMF sender: RTC_OBJC_TYPE(RTCDtmfSender) {
  remainingTones: 
  duration: 0.100000 sec
  interToneGap: 0.050000 sec
}
[000:019][31235] (RTCLogging.mm:34): (RTCRtpSender.mm:141 -[RTCRtpSender initWithFactory:nativeRtpSender:]): RTC_OBJC_TYPE(RTCRtpSender)(0x15223d5a0): created sender: RTC_OBJC_TYPE(RTCRtpSender) {
  senderId: audio_UTGMJUPAY7W
}
[000:019][31235] (RTCLogging.mm:34): (RTCDtmfSender.mm:78 -[RTCDtmfSender initWithNativeDtmfSender:]): RTC_OBJC_TYPE(RTCDtmfSender)(0x12408a590): created DTMF sender: RTC_OBJC_TYPE(RTCDtmfSender) {
  remainingTones: 
  duration: 0.100000 sec
  interToneGap: 0.050000 sec
}
[000:019][31235] (RTCLogging.mm:34): (RTCRtpSender.mm:141 -[RTCRtpSender initWithFactory:nativeRtpSender:]): RTC_OBJC_TYPE(RTCRtpSender)(0x15223d5a0): created sender: RTC_OBJC_TYPE(RTCRtpSender) {
  senderId: audio_UTGMJUPAY7W
}
[000:019][31235] (RTCLogging.mm:34): (RTCRtpReceiver.mm:150 -[RTCRtpReceiver initWithFactory:nativeRtpReceiver:]): RTC_OBJC_TYPE(RTCRtpReceiver)(0x1352b1fe0): created receiver: RTC_OBJC_TYPE(RTCRtpReceiver) {
  receiverId: a1913043-953b-4098-bea4-8ad8cdc851b4
}
[000:019][31235] (RTCLogging.mm:34): (RTCRtpTransceiver.mm:257 -[RTCRtpTransceiver initWithFactory:nativeRtpTransceiver:]): RTC_OBJC_TYPE(RTCRtpTransceiver)(0x1352b1a10): created transceiver: RTC_OBJC_TYPE(RTCRtpTransceiver) {
  sender: RTC_OBJC_TYPE(RTCRtpSender) {
  senderId: audio_UTGMJUPAY7W
}
  receiver: RTC_OBJC_TYPE(RTCRtpReceiver) {
  receiverId: a1913043-953b-4098-bea4-8ad8cdc851b4
}
}
[000:060][329227] (rtp_transmission_manager.cc:242): Adding video transceiver in response to a call to AddTrack.
[000:060][31235] (RTCLogging.mm:34): (RTCRtpSender.mm:141 -[RTCRtpSender initWithFactory:nativeRtpSender:]): RTC_OBJC_TYPE(RTCRtpSender)(0x136cb1820): created sender: RTC_OBJC_TYPE(RTCRtpSender) {
  senderId: video_UTGMJUPAY7W
}
[000:060][31235] (RTCLogging.mm:34): (RTCDtmfSender.mm:78 -[RTCDtmfSender initWithNativeDtmfSender:]): RTC_OBJC_TYPE(RTCDtmfSender)(0x125cccfd0): created DTMF sender: RTC_OBJC_TYPE(RTCDtmfSender) {
  remainingTones: 
  duration: 0.100000 sec
  interToneGap: 0.050000 sec
}
[000:060][31235] (RTCLogging.mm:34): (RTCRtpSender.mm:141 -[RTCRtpSender initWithFactory:nativeRtpSender:]): RTC_OBJC_TYPE(RTCRtpSender)(0x136cb1820): created sender: RTC_OBJC_TYPE(RTCRtpSender) {
  senderId: audio_UTGMJUPAY7W
}
[000:060][31235] (RTCLogging.mm:34): (RTCRtpReceiver.mm:150 -[RTCRtpReceiver initWithFactory:nativeRtpReceiver:]): RTC_OBJC_TYPE(RTCRtpReceiver)(0x1243a0390): created receiver: RTC_OBJC_TYPE(RTCRtpReceiver) {
  receiverId: a1913043-953b-4098-bea4-8ad8cdc851b4
}
[000:060][31235] (RTCLogging.mm:34): (RTCRtpTransceiver.mm:257 -[RTCRtpTransceiver initWithFactory:nativeRtpTransceiver:]): RTC_OBJC_TYPE(RTCRtpTransceiver)(0x1243a02d0): created transceiver: RTC_OBJC_TYPE(RTCRtpTransceiver) {
  sender: RTC_OBJC_TYPE(RTCRtpSender) {
  senderId: audio_UTGMJUPAY7W
}
  receiver: RTC_OBJC_TYPE(RTCRtpReceiver) {
  receiverId: a1913043-953b-4098-bea4-8ad8cdc851b4
}
}
[000:061][31235] (RTCLogging.mm:34): (RTCRtpSender.mm:141 -[RTCRtpSender initWithFactory:nativeRtpSender:]): RTC_OBJC_TYPE(RTCRtpSender)(0x136cb1b80): created sender: RTC_OBJC_TYPE(RTCRtpSender) {
  senderId: video_UTGMJUPAY7W
}
[000:061][31235] (RTCLogging.mm:34): (RTCRtpReceiver.mm:150 -[RTCRtpReceiver initWithFactory:nativeRtpReceiver:]): RTC_OBJC_TYPE(RTCRtpReceiver)(0x1243a04b0): created receiver: RTC_OBJC_TYPE(RTCRtpReceiver) {
  receiverId: 8d71f2ff-1310-406f-8abf-a14a24debb9f
}
[000:061][31235] (RTCLogging.mm:34): (RTCRtpTransceiver.mm:257 -[RTCRtpTransceiver initWithFactory:nativeRtpTransceiver:]): RTC_OBJC_TYPE(RTCRtpTransceiver)(0x1243a03f0): created transceiver: RTC_OBJC_TYPE(RTCRtpTransceiver) {
  sender: RTC_OBJC_TYPE(RTCRtpSender) {
  senderId: video_UTGMJUPAY7W
}
  receiver: RTC_OBJC_TYPE(RTCRtpReceiver) {
  receiverId: 8d71f2ff-1310-406f-8abf-a14a24debb9f
}
}
[000:063][31235] (RTCLogging.mm:34): (RTCDtmfSender.mm:78 -[RTCDtmfSender initWithNativeDtmfSender:]): RTC_OBJC_TYPE(RTCDtmfSender)(0x125cccfd0): created DTMF sender: RTC_OBJC_TYPE(RTCDtmfSender) {
  remainingTones: 
  duration: 0.100000 sec
  interToneGap: 0.050000 sec
}
[000:063][31235] (RTCLogging.mm:34): (RTCRtpSender.mm:141 -[RTCRtpSender initWithFactory:nativeRtpSender:]): RTC_OBJC_TYPE(RTCRtpSender)(0x1218a9200): created sender: RTC_OBJC_TYPE(RTCRtpSender) {
  senderId: audio_UTGMJUPAY7W
}
[000:063][31235] (RTCLogging.mm:34): (RTCRtpReceiver.mm:150 -[RTCRtpReceiver initWithFactory:nativeRtpReceiver:]): RTC_OBJC_TYPE(RTCRtpReceiver)(0x1243a1d10): created receiver: RTC_OBJC_TYPE(RTCRtpReceiver) {
  receiverId: a1913043-953b-4098-bea4-8ad8cdc851b4
}
[000:063][31235] (RTCLogging.mm:34): (RTCRtpTransceiver.mm:257 -[RTCRtpTransceiver initWithFactory:nativeRtpTransceiver:]): RTC_OBJC_TYPE(RTCRtpTransceiver)(0x1243a0450): created transceiver: RTC_OBJC_TYPE(RTCRtpTransceiver) {
  sender: RTC_OBJC_TYPE(RTCRtpSender) {
  senderId: audio_UTGMJUPAY7W
}
  receiver: RTC_OBJC_TYPE(RTCRtpReceiver) {
  receiverId: a1913043-953b-4098-bea4-8ad8cdc851b4
}
}
[000:063][31235] (RTCLogging.mm:34): (RTCRtpSender.mm:141 -[RTCRtpSender initWithFactory:nativeRtpSender:]): RTC_OBJC_TYPE(RTCRtpSender)(0x1218ab9c0): created sender: RTC_OBJC_TYPE(RTCRtpSender) {
  senderId: video_UTGMJUPAY7W
}
[000:063][31235] (RTCLogging.mm:34): (RTCRtpReceiver.mm:150 -[RTCRtpReceiver initWithFactory:nativeRtpReceiver:]): RTC_OBJC_TYPE(RTCRtpReceiver)(0x1243a0510): created receiver: RTC_OBJC_TYPE(RTCRtpReceiver) {
  receiverId: 8d71f2ff-1310-406f-8abf-a14a24debb9f
}
[000:063][31235] (RTCLogging.mm:34): (RTCRtpTransceiver.mm:257 -[RTCRtpTransceiver initWithFactory:nativeRtpTransceiver:]): RTC_OBJC_TYPE(RTCRtpTransceiver)(0x1243a1c80): created transceiver: RTC_OBJC_TYPE(RTCRtpTransceiver) {
  sender: RTC_OBJC_TYPE(RTCRtpSender) {
  senderId: video_UTGMJUPAY7W
}
  receiver: RTC_OBJC_TYPE(RTCRtpReceiver) {
  receiverId: 8d71f2ff-1310-406f-8abf-a14a24debb9f
}
}
[000:063][31235] (RTCLogging.mm:34): (RTCDtmfSender.mm:78 -[RTCDtmfSender initWithNativeDtmfSender:]): RTC_OBJC_TYPE(RTCDtmfSender)(0x125cccfd0): created DTMF sender: RTC_OBJC_TYPE(RTCDtmfSender) {
  remainingTones: 
  duration: 0.100000 sec
  interToneGap: 0.050000 sec
}
[000:063][31235] (RTCLogging.mm:34): (RTCRtpSender.mm:141 -[RTCRtpSender initWithFactory:nativeRtpSender:]): RTC_OBJC_TYPE(RTCRtpSender)(0x1218ab9c0): created sender: RTC_OBJC_TYPE(RTCRtpSender) {
  senderId: audio_UTGMJUPAY7W
}
[000:063][31235] (RTCLogging.mm:34): (RTCRtpReceiver.mm:150 -[RTCRtpReceiver initWithFactory:nativeRtpReceiver:]): RTC_OBJC_TYPE(RTCRtpReceiver)(0x1243a17d0): created receiver: RTC_OBJC_TYPE(RTCRtpReceiver) {
  receiverId: a1913043-953b-4098-bea4-8ad8cdc851b4
}
[000:063][31235] (RTCLogging.mm:34): (RTCRtpTransceiver.mm:257 -[RTCRtpTransceiver initWithFactory:nativeRtpTransceiver:]): RTC_OBJC_TYPE(RTCRtpTransceiver)(0x1243a1c80): created transceiver: RTC_OBJC_TYPE(RTCRtpTransceiver) {
  sender: RTC_OBJC_TYPE(RTCRtpSender) {
  senderId: audio_UTGMJUPAY7W
}
  receiver: RTC_OBJC_TYPE(RTCRtpReceiver) {
  receiverId: a1913043-953b-4098-bea4-8ad8cdc851b4
}
}
[000:063][31235] (RTCLogging.mm:34): (RTCRtpSender.mm:141 -[RTCRtpSender initWithFactory:nativeRtpSender:]): RTC_OBJC_TYPE(RTCRtpSender)(0x1218a9120): created sender: RTC_OBJC_TYPE(RTCRtpSender) {
  senderId: video_UTGMJUPAY7W
}
[000:063][31235] (RTCLogging.mm:34): (RTCRtpReceiver.mm:150 -[RTCRtpReceiver initWithFactory:nativeRtpReceiver:]): RTC_OBJC_TYPE(RTCRtpReceiver)(0x1243a1230): created receiver: RTC_OBJC_TYPE(RTCRtpReceiver) {
  receiverId: 8d71f2ff-1310-406f-8abf-a14a24debb9f
}
[000:063][31235] (RTCLogging.mm:34): (RTCRtpTransceiver.mm:257 -[RTCRtpTransceiver initWithFactory:nativeRtpTransceiver:]): RTC_OBJC_TYPE(RTCRtpTransceiver)(0x1243a18c0): created transceiver: RTC_OBJC_TYPE(RTCRtpTransceiver) {
  sender: RTC_OBJC_TYPE(RTCRtpSender) {
  senderId: video_UTGMJUPAY7W
}
  receiver: RTC_OBJC_TYPE(RTCRtpReceiver) {
  receiverId: 8d71f2ff-1310-406f-8abf-a14a24debb9f
}
}
[000:066][280503] (basic_port_allocator.cc:1576): AllocationSequence[539c95e0]Net[pdp_ip0:100.81.44.x/32:Cellular:id=3]: Allocation Phase=Relay
[000:066][280503] (port.cc:130): Port[52480500::1:0:relay:Net[pdp_ip0:100.81.44.x/32:Cellular:id=3]]: Port created with network cost 900
[000:066][280503] (basic_port_allocator.cc:1068): Adding Candidate allocated port for TurnPort(Port[52480500::1:0:relay:Net[pdp_ip0:100.81.44.x/32:Cellular:id=3]]-Remote[14.238.62.98:3478/udp] with name
[000:066][280503] (basic_port_allocator.cc:1093): TurnPort(Port[52480500::0:0:relay:Net[pdp_ip0:100.81.44.x/32:Cellular:id=3]]-Remote[14.238.62.98:3478/udp]: Added port to allocator
[000:066][280503] (turn_port.cc:552): TurnPort(Port[52480500::0:0:relay:Net[pdp_ip0:100.81.44.x/32:Cellular:id=3]]-Remote[14.238.62.98:3478/udp]: Trying to connect to TURN server via udp @ 14.238.62.x:3478
[000:066][329227] (sdp_offer_answer.cc:1687): SdpOfferAnswerHandler::CreateOffer.
[000:066][280503] (turn_port.cc:1666): TurnPort(Port[52480500::0:0:relay:Net[pdp_ip0:100.81.44.x/32:Cellular:id=3]]-Remote[14.238.62.98:3478/udp]: TURN probe request sent, id=6e344f7a5557567a74766a42
[000:066][280503] (turn_port.cc:1666): TurnPort(Port[52480500::0:0:relay:Net[pdp_ip0:100.81.44.x/32:Cellular:id=3]]-Remote[14.238.62.98:3478/udp]: TURN probe request sent, id=454e796353567a79562b4c4a
[000:066][280503] (turn_port.cc:1666): TurnPort(Port[52480500::0:0:relay:Net[pdp_ip0:100.81.44.x/32:Cellular:id=3]]-Remote[14.238.62.98:3478/udp]: TURN probe request sent, id=707165516e4f305166717468
[000:066][280503] (turn_port.cc:1666): TurnPort(Port[52480500::0:0:relay:Net[pdp_ip0:100.81.44.x/32:Cellular:id=3]]-Remote[14.238.62.98:3478/udp]: TURN probe request sent, id=756f424c3264754d46563944
[000:066][280503] (turn_port.cc:1666): TurnPort(Port[52480500::0:0:relay:Net[pdp_ip0:100.81.44.x/32:Cellular:id=3]]-Remote[14.238.62.98:3478/udp]: TURN probe request sent, id=4d423476556a2f6445767754
[000:066][280503] (port.cc:130): Port[52480000::1:0:relay:Net[pdp_ip0:100.81.44.x/32:Cellular:id=3]]: Port created with network cost 900
[000:066][280503] (basic_port_allocator.cc:1068): Adding Candidate allocated port for TurnPort(Port[52480000::1:0:relay:Net[pdp_ip0:100.81.44.x/32:Cellular:id=3]]-Remote[160.250.77.139:3478/udp] with name
[000:066][280503] (basic_port_allocator.cc:1093): TurnPort(Port[52480000::0:0:relay:Net[pdp_ip0:100.81.44.x/32:Cellular:id=3]]-Remote[160.250.77.139:3478/udp]: Added port to allocator
[000:066][280503] (turn_port.cc:552): TurnPort(Port[52480000::0:0:relay:Net[pdp_ip0:100.81.44.x/32:Cellular:id=3]]-Remote[160.250.77.139:3478/udp]: Trying to connect to TURN server via udp @ 160.250.77.x:3478
[000:066][280503] (turn_port.cc:1666): TurnPort(Port[52480000::0:0:relay:Net[pdp_ip0:100.81.44.x/32:Cellular:id=3]]-Remote[160.250.77.139:3478/udp]: TURN probe request sent, id=455a416644414f624664314b
[000:066][280503] (turn_port.cc:1666): TurnPort(Port[52480000::0:0:relay:Net[pdp_ip0:100.81.44.x/32:Cellular:id=3]]-Remote[160.250.77.139:3478/udp]: TURN probe request sent, id=7966505873584c30492f2b5a
[000:066][280503] (turn_port.cc:1666): TurnPort(Port[52480000::0:0:relay:Net[pdp_ip0:100.81.44.x/32:Cellular:id=3]]-Remote[160.250.77.139:3478/udp]: TURN probe request sent, id=755578364d56696e2b6b5372
[000:066][280503] (turn_port.cc:1666): TurnPort(Port[52480000::0:0:relay:Net[pdp_ip0:100.81.44.x/32:Cellular:id=3]]-Remote[160.250.77.139:3478/udp]: TURN probe request sent, id=594f7a45344f616c6c4f5379
[000:066][280503] (turn_port.cc:1666): TurnPort(Port[52480000::0:0:relay:Net[pdp_ip0:100.81.44.x/32:Cellular:id=3]]-Remote[160.250.77.139:3478/udp]: TURN probe request sent, id=6854617a432f706f4e377958
[000:066][280503] (port.cc:130): Port[52480a00::1:0:relay:Net[pdp_ip0:100.81.44.x/32:Cellular:id=3]]: Port created with network cost 900
[000:066][280503] (basic_port_allocator.cc:1068): Adding Candidate allocated port for TurnPort(Port[52480a00::1:0:relay:Net[pdp_ip0:100.81.44.x/32:Cellular:id=3]]-Remote[14.238.161.90:3478/udp] with name
[000:066][280503] (basic_port_allocator.cc:1093): TurnPort(Port[52480a00::0:0:relay:Net[pdp_ip0:100.81.44.x/32:Cellular:id=3]]-Remote[14.238.161.90:3478/udp]: Added port to allocator
[000:066][280503] (turn_port.cc:552): TurnPort(Port[52480a00::0:0:relay:Net[pdp_ip0:100.81.44.x/32:Cellular:id=3]]-Remote[14.238.161.90:3478/udp]: Trying to connect to TURN server via udp @ 14.238.161.x:3478
[000:066][280503] (turn_port.cc:1666): TurnPort(Port[52480a00::0:0:relay:Net[pdp_ip0:100.81.44.x/32:Cellular:id=3]]-Remote[14.238.161.90:3478/udp]: TURN probe request sent, id=38634e666865654e67305251
[000:066][280503] (turn_port.cc:1666): TurnPort(Port[52480a00::0:0:relay:Net[pdp_ip0:100.81.44.x/32:Cellular:id=3]]-Remote[14.238.161.90:3478/udp]: TURN probe request sent, id=5349564b472b544f757a4458
[000:066][280503] (turn_port.cc:1666): TurnPort(Port[52480a00::0:0:relay:Net[pdp_ip0:100.81.44.x/32:Cellular:id=3]]-Remote[14.238.161.90:3478/udp]: TURN probe request sent, id=56437a4d50356e394735794b
[000:066][280503] (turn_port.cc:1666): TurnPort(Port[52480a00::0:0:relay:Net[pdp_ip0:100.81.44.x/32:Cellular:id=3]]-Remote[14.238.161.90:3478/udp]: TURN probe request sent, id=6851476b7a6a614253715169
[000:066][280503] (turn_port.cc:1666): TurnPort(Port[52480a00::0:0:relay:Net[pdp_ip0:100.81.44.x/32:Cellular:id=3]]-Remote[14.238.161.90:3478/udp]: TURN probe request sent, id=7662614e676f566549345931
[000:066][280503] (port.cc:130): Port[52481900::1:0:relay:Net[pdp_ip0:100.81.44.x/32:Cellular:id=3]]: Port created with network cost 900
[000:066][280503] (basic_port_allocator.cc:1068): Adding Candidate allocated port for TurnPort(Port[52481900::1:0:relay:Net[pdp_ip0:100.81.44.x/32:Cellular:id=3]]-Remote[171.226.10.226:3478/udp] with name
[000:066][280503] (basic_port_allocator.cc:1093): TurnPort(Port[52481900::0:0:relay:Net[pdp_ip0:100.81.44.x/32:Cellular:id=3]]-Remote[171.226.10.226:3478/udp]: Added port to allocator
[000:066][280503] (turn_port.cc:552): TurnPort(Port[52481900::0:0:relay:Net[pdp_ip0:100.81.44.x/32:Cellular:id=3]]-Remote[171.226.10.226:3478/udp]: Trying to connect to TURN server via udp @ 171.226.10.x:3478
[000:066][280503] (turn_port.cc:1666): TurnPort(Port[52481900::0:0:relay:Net[pdp_ip0:100.81.44.x/32:Cellular:id=3]]-Remote[171.226.10.226:3478/udp]: TURN probe request sent, id=41356f65327578396e346c47
[000:066][280503] (turn_port.cc:1666): TurnPort(Port[52481900::0:0:relay:Net[pdp_ip0:100.81.44.x/32:Cellular:id=3]]-Remote[171.226.10.226:3478/udp]: TURN probe request sent, id=6f7a49717a712f6148707971
[000:066][280503] (turn_port.cc:1666): TurnPort(Port[52481900::0:0:relay:Net[pdp_ip0:100.81.44.x/32:Cellular:id=3]]-Remote[171.226.10.226:3478/udp]: TURN probe request sent, id=557342416343366178354434
[000:066][280503] (turn_port.cc:1666): TurnPort(Port[52481900::0:0:relay:Net[pdp_ip0:100.81.44.x/32:Cellular:id=3]]-Remote[171.226.10.226:3478/udp]: TURN probe request sent, id=567534556241585465764139
[000:066][280503] (turn_port.cc:1666): TurnPort(Port[52481900::0:0:relay:Net[pdp_ip0:100.81.44.x/32:Cellular:id=3]]-Remote[171.226.10.226:3478/udp]: TURN probe request sent, id=304d6d5a714a7438762f4b71
[000:067][329227] (sdp_payload_type_suggester.cc:63): SuggestPayloadType: FAILED to find remote mapping for [111:audio/opus/48000/2;minptime=10;useinbandfec=1]
[000:067][329227] (sdp_payload_type_suggester.cc:63): SuggestPayloadType: FAILED to find remote mapping for [9:audio/G722/8000/1]
[000:067][329227] (sdp_payload_type_suggester.cc:63): SuggestPayloadType: FAILED to find remote mapping for [0:audio/PCMU/8000/1]
[000:067][329227] (sdp_payload_type_suggester.cc:63): SuggestPayloadType: FAILED to find remote mapping for [8:audio/PCMA/8000/1]
[000:067][329227] (sdp_payload_type_suggester.cc:63): SuggestPayloadType: FAILED to find remote mapping for [13:audio/CN/8000/1]
[000:067][329227] (sdp_payload_type_suggester.cc:63): SuggestPayloadType: FAILED to find remote mapping for [110:audio/telephone-event/48000/1]
[000:067][329227] (sdp_payload_type_suggester.cc:63): SuggestPayloadType: FAILED to find remote mapping for [126:audio/telephone-event/8000/1]
[000:067][329227] (sdp_payload_type_suggester.cc:63): SuggestPayloadType: FAILED to find remote mapping for [63:audio/red/48000/2;=111/111]
[000:067][329227] (sdp_payload_type_suggester.cc:63): SuggestPayloadType: FAILED to find remote mapping for [96:video/H264/90000/0;level-asymmetry-allowed=1;packetization-mode=1;profile-level-id=640c29]
[000:067][329227] (sdp_payload_type_suggester.cc:63): SuggestPayloadType: FAILED to find remote mapping for [98:video/H264/90000/0;level-asymmetry-allowed=1;packetization-mode=1;profile-level-id=42e029]
[000:067][329227] (sdp_payload_type_suggester.cc:63): SuggestPayloadType: FAILED to find remote mapping for [35:video/H265/90000/0;level-id=123;profile-id=1;tier-flag=0;tx-mode=SRST]
[000:067][329227] (sdp_payload_type_suggester.cc:63): SuggestPayloadType: FAILED to find remote mapping for [100:video/VP8/90000/0]
[000:067][329227] (sdp_payload_type_suggester.cc:63): SuggestPayloadType: FAILED to find remote mapping for [37:video/AV1/90000/0]
[000:067][329227] (sdp_payload_type_suggester.cc:63): SuggestPayloadType: FAILED to find remote mapping for [107:video/ulpfec/90000/0]
[000:067][329227] (sdp_payload_type_suggester.cc:63): SuggestPayloadType: FAILED to find remote mapping for [39:video/flexfec-03/90000/0;repair-window=10000000]
[000:067][329227] (sdp_payload_type_suggester.cc:63): SuggestPayloadType: FAILED to find remote mapping for [97:video/rtx/90000/0;apt=96]
[000:067][329227] (sdp_payload_type_suggester.cc:63): SuggestPayloadType: FAILED to find remote mapping for [99:video/rtx/90000/0;apt=98]
[000:067][329227] (sdp_payload_type_suggester.cc:63): SuggestPayloadType: FAILED to find remote mapping for [36:video/rtx/90000/0;apt=35]
[000:067][329227] (sdp_payload_type_suggester.cc:63): SuggestPayloadType: FAILED to find remote mapping for [101:video/rtx/90000/0;apt=100]
[000:067][329227] (sdp_payload_type_suggester.cc:63): SuggestPayloadType: FAILED to find remote mapping for [38:video/rtx/90000/0;apt=37]
[000:067][329227] (sdp_payload_type_suggester.cc:63): SuggestPayloadType: FAILED to find remote mapping for [103:video/red/90000/0]
[000:067][329227] (sdp_payload_type_suggester.cc:63): SuggestPayloadType: FAILED to find remote mapping for [104:video/rtx/90000/0;apt=103]
[000:068][329227] (sdp_offer_answer.cc:2594): SdpOfferAnswerHandler::DoSetLocalDescription.
[000:068][329227] (sdp_offer_answer.cc:2630): SdpOfferAnswerHandler::check last.
[000:069][329227] (sdp_offer_answer.cc:2675): SdpOfferAnswerHandler::check codecs_mangled_to_raw.
[000:069][329227] (sdp_offer_answer.cc:2711): DoSetLocalDescription: offer
[000:069][280503] (jsep_transport_controller.cc:1096): MaybeCreateJsepTransport mid=0 begin create transport
[000:069][280503] (p2p_transport_channel.cc:787): Set WebRTC-IceFieldTrials:stop_gather_on_strongly_connected 0
[000:069][280503] (p2p_transport_channel.cc:799): Set skip_relay_to_non_relay_connections
[000:069][280503] (p2p_transport_channel.cc:555): Set continual_gathering_policy to 1
[000:069][280503] (p2p_transport_channel.cc:564): Set backup connection ping interval to 25 s milliseconds.
[000:069][280503] (p2p_transport_channel.cc:573): Set ICE receiving timeout to 2500 ms milliseconds
[000:069][280503] (p2p_transport_channel.cc:580): Set ping most likely connection to 0
[000:069][280503] (p2p_transport_channel.cc:587): Set stable_writable_connection_ping_interval to 2500 ms
[000:069][280503] (p2p_transport_channel.cc:600): Set presume writable when fully relayed to 0
[000:069][280503] (p2p_transport_channel.cc:618): Set regather_on_failed_networks_interval to 300 s
[000:069][280503] (p2p_transport_channel.cc:628): Set receiving_switching_delay to 1 s
[000:069][280503] (p2p_transport_channel.cc:642): Set strong ping interval to 480 ms
[000:069][280503] (p2p_transport_channel.cc:676): Set prune timeout to 10 s
[000:069][280503] (jsep_transport_controller.cc:587): Creating DtlsSrtpTransport.
[000:069][280503] (dtls_srtp_transport.cc:53): Setting RTP Transport on 0 transport 55de4000
[000:069][280503] (srtp_transport.cc:255): The params in SRTP transport are reset.
[000:069][280503] (jsep_transport_controller.cc:1155): MaybeCreateJsepTransport mid=0 end transport
[000:069][280503] (p2p_transport_channel.cc:498): Set ICE ufrag: CS/8 pwd: vyXYqFe3wOkeT4vD2TAT0tZw on transport 0
[000:069][329491] (webrtc_voice_engine.cc:1304): Setting voice channel options: AudioOptions {audio_jitter_buffer_max_packets: 200, audio_jitter_buffer_fast_accelerate: 0, audio_jitter_buffer_min_delay_ms: 0, }
[000:069][329491] (webrtc_voice_engine.cc:606): WebRtcVoiceEngine::ApplyOptions: AudioOptions {audio_jitter_buffer_max_packets: 200, audio_jitter_buffer_fast_accelerate: 0, audio_jitter_buffer_min_delay_ms: 0, }
[000:069][329491] (webrtc_voice_engine.cc:621): Always disable AEC on iOS. Use built-in instead.
[000:069][329491] (webrtc_voice_engine.cc:629): Always disable AGC on iOS. Use built-in instead.
[000:069][329491] (audio_processing_impl.cc:680): AudioProcessing::ApplyConfig: AudioProcessing::Config{ pipeline: { maximum_internal_processing_rate: 32000, multi_channel_render: 1, multi_channel_capture: 1 }, pre_amplifier: { enabled: 0, fixed_gain_factor: 1 },capture_level_adjustment: { enabled: 0, pre_gain_factor: 1, post_gain_factor: 1, analog_mic_gain_emulation: { enabled: 0, initial_level: 255 }}, high_pass_filter: { enabled: 1 }, echo_canceller: { enabled: 0, enforce_high_pass_filtering: 1 }, noise_suppression: { enabled: 0, level: High }, transient_suppression: { enabled: 0 }, gain_controller1: { enabled: 0, mode: FixedDigital, target_level_dbfs: 3, compression_gain_db: 9, enable_limiter: 1, analog_gain_controller { enabled: 1, startup_min_volume: 0, clipped_level_min: 70, enable_digital_adaptive: 1, clipped_level_step: 15, clipped_ratio_threshold: 0.1, clipped_wait_frames: 300, clipping_predictor:  { enabled: 0, mode: 0, window_length: 5, reference_window_length: 5, reference_window_delay: 5, clipping_threshold: -1, crest_factor_margin: 3, use_predicted_step: 1 }}}, gain_controller2: { enabled: 0, fixed_digital: { gain_db: 0 }, adaptive_digital: { enabled: 0, headroom_db: 5, max_gain_db: 50, initial_gain_db: 15, max_gain_change_db_per_second: 6, max_output_noise_level_dbfs: -50 }, input_volume_control : { enabled 0}}
[000:069][329491] (webrtc_voice_engine.cc:1318): Set voice send channel options. Current options: AudioOptions {audio_jitter_buffer_max_packets: 200, audio_jitter_buffer_fast_accelerate: 0, audio_jitter_buffer_min_delay_ms: 0, }
[000:069][329491] (webrtc_voice_engine.cc:2264): Setting voice channel options: AudioOptions {audio_jitter_buffer_max_packets: 200, audio_jitter_buffer_fast_accelerate: 0, audio_jitter_buffer_min_delay_ms: 0, }
[000:069][329491] (webrtc_voice_engine.cc:606): WebRtcVoiceEngine::ApplyOptions: AudioOptions {audio_jitter_buffer_max_packets: 200, audio_jitter_buffer_fast_accelerate: 0, audio_jitter_buffer_min_delay_ms: 0, }
[000:069][329491] (webrtc_voice_engine.cc:621): Always disable AEC on iOS. Use built-in instead.
[000:069][329491] (webrtc_voice_engine.cc:629): Always disable AGC on iOS. Use built-in instead.
[000:069][329491] (audio_processing_impl.cc:680): AudioProcessing::ApplyConfig: AudioProcessing::Config{ pipeline: { maximum_internal_processing_rate: 32000, multi_channel_render: 1, multi_channel_capture: 1 }, pre_amplifier: { enabled: 0, fixed_gain_factor: 1 },capture_level_adjustment: { enabled: 0, pre_gain_factor: 1, post_gain_factor: 1, analog_mic_gain_emulation: { enabled: 0, initial_level: 255 }}, high_pass_filter: { enabled: 1 }, echo_canceller: { enabled: 0, enforce_high_pass_filtering: 1 }, noise_suppression: { enabled: 0, level: High }, transient_suppression: { enabled: 0 }, gain_controller1: { enabled: 0, mode: FixedDigital, target_level_dbfs: 3, compression_gain_db: 9, enable_limiter: 1, analog_gain_controller { enabled: 1, startup_min_volume: 0, clipped_level_min: 70, enable_digital_adaptive: 1, clipped_level_step: 15, clipped_ratio_threshold: 0.1, clipped_wait_frames: 300, clipping_predictor:  { enabled: 0, mode: 0, window_length: 5, reference_window_length: 5, reference_window_delay: 5, clipping_threshold: -1, crest_factor_margin: 3, use_predicted_step: 1 }}}, gain_controller2: { enabled: 0, fixed_digital: { gain_db: 0 }, adaptive_digital: { enabled: 0, headroom_db: 5, max_gain_db: 50, initial_gain_db: 15, max_gain_change_db_per_second: 6, max_output_noise_level_dbfs: -50 }, input_volume_control : { enabled 0}}
[000:069][329491] (webrtc_voice_engine.cc:2294): Set voice receive channel options. Current options: AudioOptions {audio_jitter_buffer_max_packets: 200, audio_jitter_buffer_fast_accelerate: 0, audio_jitter_buffer_min_delay_ms: 0, }
[000:069][329491] (pacing_controller.cc:114): PacedSender paused.
[000:069][329227] (peer_connection.cc:2313): Creating data channel, mid=2
[000:069][329227] (sdp_offer_answer.cc:3285): SdpOfferAnswerHandler::UpdateSessionState with type: offer
[000:069][329227] (sdp_offer_answer.cc:3264): Session: 6590065330239080068 Old state: stable New state: have-local-offer
[000:069][329227] (sdp_offer_answer.cc:3310): SdpOfferAnswerHandler::UpdateSessionState ChangeSignalingState with source: 0
[000:069][329227] (sdp_offer_answer.cc:5242): SdpOfferAnswerHandler::PushdownMediaDescription
[000:069][329227] (sdp_offer_answer.cc:5257): SdpOfferAnswerHandler::UpdatePayloadTypeDemuxingState with rtp_transceivers:2
[000:069][329491] (webrtc_voice_engine.cc:2504): ResetUnsignaledRecvStream.
[000:069][329491] (webrtc_video_engine.cc:3152): ResetUnsignaledRecvStream.
[000:069][329227] (sdp_offer_answer.cc:5295): SdpOfferAnswerHandler::UpdatePayloadTypeDemuxingState transceiver with source: 0
[000:069][329227] (sdp_offer_answer.cc:5308): SdpOfferAnswerHandler::UpdatePayloadTypeDemuxingState batcher.
[000:069][329491] (webrtc_voice_engine.cc:2200): WebRtcVoiceMediaChannel::SetReceiverParameters: {codecs: [AudioCodec[111:opus:48000:0:2], AudioCodec[63:red:48000:0:2], AudioCodec[9:G722:8000:0:1], AudioCodec[0:PCMU:8000:0:1], AudioCodec[8:PCMA:8000:0:1], AudioCodec[13:CN:8000:0:1], AudioCodec[110:telephone-event:48000:0:1], AudioCodec[126:telephone-event:8000:0:1]], extensions: [{uri: http://www.ietf.org/id/draft-holmer-rmcat-transport-wide-cc-extensions-01, id: 3}, {uri: http://www.webrtc.org/experiments/rtp-hdrext/abs-send-time, id: 2}, {uri: urn:ietf:params:rtp-hdrext:sdes:mid, id: 4}, {uri: urn:ietf:params:rtp-hdrext:ssrc-audio-level, id: 1}], rtcp: {reduced_size:1, remote_estimate:0}}
[000:069][329491] (webrtc_voice_engine.cc:1618): AddSendStream: {id:audio_UTGMJUPAY7W;ssrcs:[964315844];ssrc_groups:;cname:xFtKJUxjP0UB6Faf;stream_ids:stream_UTGMJUPAY7W;}
[000:070][329491] (audio_coding_module.cc:221): Created
[000:070][329491] (audio_send_stream.cc:171): AudioSendStream: 964315844
[000:070][329491] (audio_send_stream.cc:233): AudioSendStream::ConfigureStream: {rtp: {ssrc: 964315844, csrcs: [], extmap-allow-mixed: true, extensions: [], c_name: xFtKJUxjP0UB6Faf}, rtcp_report_interval_ms: 5000, send_transport: (Transport), min_bitrate_bps: -1, max_bitrate_bps: -1, has audio_network_adaptor_config: false, has_dscp: false, send_codec_spec: <unset>}
[000:070][329491] (channel.cc:751): Add send stream ssrc: 964315844 into {mid: 0, media_type: audio}
[000:070][329491] (channel.cc:916): Changing voice state, recv=0 send=0 for {mid: 0, media_type: audio}
[000:070][329491] (webrtc_video_engine.cc:2987): SetReceiverParameters: {codecs: [VideoCodec[35:H265], VideoCodec[36:rtx], VideoCodec[96:H264], VideoCodec[97:rtx], VideoCodec[98:H264], VideoCodec[99:rtx], VideoCodec[100:VP8], VideoCodec[101:rtx], VideoCodec[103:red], VideoCodec[104:rtx], VideoCodec[107:ulpfec]], extensions: [{uri: http://www.ietf.org/id/draft-holmer-rmcat-transport-wide-cc-extensions-01, id: 3}, {uri: http://www.webrtc.org/experiments/rtp-hdrext/abs-send-time, id: 2}, {uri: http://www.webrtc.org/experiments/rtp-hdrext/color-space, id: 8}, {uri: http://www.webrtc.org/experiments/rtp-hdrext/playout-delay, id: 5}, {uri: http://www.webrtc.org/experiments/rtp-hdrext/video-content-type, id: 6}, {uri: http://www.webrtc.org/experiments/rtp-hdrext/video-timing, id: 7}, {uri: urn:3gpp:video-orientation, id: 13}, {uri: urn:ietf:params:rtp-hdrext:sdes:mid, id: 4}, {uri: urn:ietf:params:rtp-hdrext:sdes:repaired-rtp-stream-id, id: 11}, {uri: urn:ietf:params:rtp-hdrext:sdes:rtp-stream-id, id: 10}, {uri: urn:ietf:params:rtp-hdrext:toffset, id: 14}], rtcp: {reduced_size:1, remote_estimate:0}}
[000:070][329491] (webrtc_video_engine.cc:1579): AddSendStream: {id:video_UTGMJUPAY7W;ssrcs:[860390162,2832255577];ssrc_groups:{semantics:FID;ssrcs:[860390162,2832255577]};cname:xFtKJUxjP0UB6Faf;stream_ids:stream_UTGMJUPAY7W;}
[000:070][329491] (channel.cc:751): Add send stream ssrc: 860390162 into {mid: 1, media_type: video}
[000:070][329491] (channel.cc:1085): Changing video state, recv=0 send=0 for {mid: 1, media_type: video}
[000:070][329227] (sdp_offer_answer.cc:5378): SdpOfferAnswerHandler::UpdatePayloadTypeDemuxingState sctp
[000:070][329227] (sdp_offer_answer.cc:5408): SdpOfferAnswerHandler::UpdatePayloadTypeDemuxingState done
[000:070][329491] (webrtc_voice_engine.cc:1304): Setting voice channel options: AudioOptions {aec: 1, ns: 1, }
[000:070][329491] (webrtc_voice_engine.cc:606): WebRtcVoiceEngine::ApplyOptions: AudioOptions {aec: 1, ns: 1, audio_jitter_buffer_max_packets: 200, audio_jitter_buffer_fast_accelerate: 0, audio_jitter_buffer_min_delay_ms: 0, }
[000:070][329491] (webrtc_voice_engine.cc:621): Always disable AEC on iOS. Use built-in instead.
[000:070][329491] (webrtc_voice_engine.cc:629): Always disable AGC on iOS. Use built-in instead.
[000:070][329491] (audio_processing_impl.cc:680): AudioProcessing::ApplyConfig: AudioProcessing::Config{ pipeline: { maximum_internal_processing_rate: 32000, multi_channel_render: 1, multi_channel_capture: 1 }, pre_amplifier: { enabled: 0, fixed_gain_factor: 1 },capture_level_adjustment: { enabled: 0, pre_gain_factor: 1, post_gain_factor: 1, analog_mic_gain_emulation: { enabled: 0, initial_level: 255 }}, high_pass_filter: { enabled: 1 }, echo_canceller: { enabled: 0, enforce_high_pass_filtering: 1 }, noise_suppression: { enabled: 1, level: High }, transient_suppression: { enabled: 0 }, gain_controller1: { enabled: 0, mode: FixedDigital, target_level_dbfs: 3, compression_gain_db: 9, enable_limiter: 1, analog_gain_controller { enabled: 1, startup_min_volume: 0, clipped_level_min: 70, enable_digital_adaptive: 1, clipped_level_step: 15, clipped_ratio_threshold: 0.1, clipped_wait_frames: 300, clipping_predictor:  { enabled: 0, mode: 0, window_length: 5, reference_window_length: 5, reference_window_delay: 5, clipping_threshold: -1, crest_factor_margin: 3, use_predicted_step: 1 }}}, gain_controller2: { enabled: 0, fixed_digital: { gain_db: 0 }, adaptive_digital: { enabled: 0, headroom_db: 5, max_gain_db: 50, initial_gain_db: 15, max_gain_change_db_per_second: 6, max_output_noise_level_dbfs: -50 }, input_volume_control : { enabled 0}}
[000:070][329491] (webrtc_voice_engine.cc:1318): Set voice send channel options. Current options: AudioOptions {aec: 1, ns: 1, audio_jitter_buffer_max_packets: 200, audio_jitter_buffer_fast_accelerate: 0, audio_jitter_buffer_min_delay_ms: 0, }
[000:070][329491] (webrtc_video_engine.cc:1550): SetVideoSend (ssrc= 860390162, options: VideoOptions {noise reduction: 0, is_screencast : 0, }, source = (source))
[000:071][329227] (sdp_offer_answer.cc:2734): SdpOfferAnswerHandler::check ModifyVideoCodecs.
[000:071][329227] (sdp_offer_answer.cc:2739): SdpOfferAnswerHandler::check candidate_pool_size.
[000:071][329227] (sdp_offer_answer.cc:2766): OnSetLocalDescriptionComplete
[000:071][280503] (p2p_transport_channel.cc:883): P2PTransportChannel::MaybeStartGathering: CS/8 with: allocator_sessions:0
[000:071][329227] (sdp_offer_answer.cc:2791): SdpOfferAnswerHandler::done MaybeStartGathering.
[000:095][280503] (turn_port.cc:1728): TurnPort(Port[52480500:0:1:0:relay:Net[pdp_ip0:100.81.44.x/32:Cellular:id=3]]-Remote[14.238.62.98:3478/udp]: TURN allocate request sent, id=4e6743335744456e6b383644
[000:095][280503] (turn_port.cc:1728): TurnPort(Port[52480000:0:1:0:relay:Net[pdp_ip0:100.81.44.x/32:Cellular:id=3]]-Remote[160.250.77.139:3478/udp]: TURN allocate request sent, id=6562417453306a512b616d57
[000:095][280503] (turn_port.cc:1728): TurnPort(Port[52480a00:0:1:0:relay:Net[pdp_ip0:100.81.44.x/32:Cellular:id=3]]-Remote[14.238.161.90:3478/udp]: TURN allocate request sent, id=395a516f7974514e71374a59
[000:095][280503] (turn_port.cc:1728): TurnPort(Port[52481900:0:1:0:relay:Net[pdp_ip0:100.81.44.x/32:Cellular:id=3]]-Remote[171.226.10.226:3478/udp]: TURN allocate request sent, id=6c556c566e3634426d4c7643
[000:101][280503] (turn_port.cc:1687): TurnPort(Port[52480500:0:1:0:relay:Net[pdp_ip0:100.81.44.x/32:Cellular:id=3]]-Remote[14.238.62.98:3478/udp]: Received TURN probe error response, id=6e344f7a5557567a74766a42, code=401, rtt=35081 us
[000:101][280503] (turn_port.cc:1687): TurnPort(Port[52480500:0:1:0:relay:Net[pdp_ip0:100.81.44.x/32:Cellular:id=3]]-Remote[14.238.62.98:3478/udp]: Received TURN probe error response, id=454e796353567a79562b4c4a, code=401, rtt=34869 us
[000:101][280503] (turn_port.cc:1687): TurnPort(Port[52480500:0:1:0:relay:Net[pdp_ip0:100.81.44.x/32:Cellular:id=3]]-Remote[14.238.62.98:3478/udp]: Received TURN probe error response, id=707165516e4f305166717468, code=401, rtt=34876 us
[000:101][280503] (turn_port.cc:1687): TurnPort(Port[52480500:0:1:0:relay:Net[pdp_ip0:100.81.44.x/32:Cellular:id=3]]-Remote[14.238.62.98:3478/udp]: Received TURN probe error response, id=756f424c3264754d46563944, code=401, rtt=35046 us
[000:101][280503] (turn_port.cc:1687): TurnPort(Port[52480500:0:1:0:relay:Net[pdp_ip0:100.81.44.x/32:Cellular:id=3]]-Remote[14.238.62.98:3478/udp]: Received TURN probe error response, id=4d423476556a2f6445767754, code=401, rtt=35050 us
[000:109][280503] (turn_port.cc:1687): TurnPort(Port[52480000:0:1:0:relay:Net[pdp_ip0:100.81.44.x/32:Cellular:id=3]]-Remote[160.250.77.139:3478/udp]: Received TURN probe error response, id=455a416644414f624664314b, code=401, rtt=42974 us
[000:111][280503] (turn_port.cc:1687): TurnPort(Port[52480000:0:1:0:relay:Net[pdp_ip0:100.81.44.x/32:Cellular:id=3]]-Remote[160.250.77.139:3478/udp]: Received TURN probe error response, id=7966505873584c30492f2b5a, code=401, rtt=44662 us
[000:111][280503] (turn_port.cc:1687): TurnPort(Port[52480000:0:1:0:relay:Net[pdp_ip0:100.81.44.x/32:Cellular:id=3]]-Remote[160.250.77.139:3478/udp]: Received TURN probe error response, id=755578364d56696e2b6b5372, code=401, rtt=44663 us
[000:111][280503] (turn_port.cc:1687): TurnPort(Port[52480000:0:1:0:relay:Net[pdp_ip0:100.81.44.x/32:Cellular:id=3]]-Remote[160.250.77.139:3478/udp]: Received TURN probe error response, id=594f7a45344f616c6c4f5379, code=401, rtt=44661 us
[000:111][280503] (turn_port.cc:1687): TurnPort(Port[52480000:0:1:0:relay:Net[pdp_ip0:100.81.44.x/32:Cellular:id=3]]-Remote[160.250.77.139:3478/udp]: Received TURN probe error response, id=6854617a432f706f4e377958, code=401, rtt=44658 us
[000:112][280503] (turn_port.cc:1687): TurnPort(Port[52480a00:0:1:0:relay:Net[pdp_ip0:100.81.44.x/32:Cellular:id=3]]-Remote[14.238.161.90:3478/udp]: Received TURN probe error response, id=38634e666865654e67305251, code=401, rtt=46064 us
[000:115][280503] (turn_port.cc:1687): TurnPort(Port[52480a00:0:1:0:relay:Net[pdp_ip0:100.81.44.x/32:Cellular:id=3]]-Remote[14.238.161.90:3478/udp]: Received TURN probe error response, id=5349564b472b544f757a4458, code=401, rtt=48857 us
[000:115][280503] (turn_port.cc:1687): TurnPort(Port[52480a00:0:1:0:relay:Net[pdp_ip0:100.81.44.x/32:Cellular:id=3]]-Remote[14.238.161.90:3478/udp]: Received TURN probe error response, id=56437a4d50356e394735794b, code=401, rtt=48857 us
[000:115][280503] (turn_port.cc:1687): TurnPort(Port[52480a00:0:1:0:relay:Net[pdp_ip0:100.81.44.x/32:Cellular:id=3]]-Remote[14.238.161.90:3478/udp]: Received TURN probe error response, id=6851476b7a6a614253715169, code=401, rtt=48856 us
[000:115][280503] (turn_port.cc:1687): TurnPort(Port[52480a00:0:1:0:relay:Net[pdp_ip0:100.81.44.x/32:Cellular:id=3]]-Remote[14.238.161.90:3478/udp]: Received TURN probe error response, id=7662614e676f566549345931, code=401, rtt=48853 us
[000:115][280503] (turn_port.cc:1796): TurnPort(Port[52480500:0:1:0:relay:Net[pdp_ip0:100.81.44.x/32:Cellular:id=3]]-Remote[14.238.62.98:3478/udp]: Received TURN allocate error response, id=4e6743335744456e6b383644, code=401, rtt=19959 us
[000:115][280503] (turn_port.cc:1728): TurnPort(Port[52480500:0:1:0:relay:Net[pdp_ip0:100.81.44.x/32:Cellular:id=3]]-Remote[14.238.62.98:3478/udp]: TURN allocate request sent, id=57354a677079534970535363
[000:129][280503] (basic_port_allocator.cc:1576): AllocationSequence[539c95e0]Net[pdp_ip0:100.81.44.x/32:Cellular:id=3]: Allocation Phase=Tcp
[000:129][280503] (turn_port.cc:1796): TurnPort(Port[52480000:0:1:0:relay:Net[pdp_ip0:100.81.44.x/32:Cellular:id=3]]-Remote[160.250.77.139:3478/udp]: Received TURN allocate error response, id=6562417453306a512b616d57, code=401, rtt=33495 us
[000:136][280503] (turn_port.cc:1728): TurnPort(Port[52480000:0:1:0:relay:Net[pdp_ip0:100.81.44.x/32:Cellular:id=3]]-Remote[160.250.77.139:3478/udp]: TURN allocate request sent, id=767537675273715779496449
[000:136][280503] (turn_port.cc:1796): TurnPort(Port[52480a00:0:1:0:relay:Net[pdp_ip0:100.81.44.x/32:Cellular:id=3]]-Remote[14.238.161.90:3478/udp]: Received TURN allocate error response, id=395a516f7974514e71374a59, code=401, rtt=40991 us
[000:136][280503] (turn_port.cc:1728): TurnPort(Port[52480a00:0:1:0:relay:Net[pdp_ip0:100.81.44.x/32:Cellular:id=3]]-Remote[14.238.161.90:3478/udp]: TURN allocate request sent, id=434444614a5131504f774c50
[000:137][280503] (turn_port.cc:1737): TurnPort(Port[52480500:0:1:0:relay:Net[pdp_ip0:100.81.44.x/32:Cellular:id=3]]-Remote[14.238.62.98:3478/udp]: TURN allocate requested successfully, id=57354a677079534970535363, code=0, rtt=21378 us, time_initial=70764 us, time_handshake=70407 us
[000:137][280503] (turn_port.cc:1778): TurnPort(Port[52480500:0:1:0:relay:Net[pdp_ip0:100.81.44.x/32:Cellular:id=3]]-Remote[14.238.62.98:3478/udp]: Missing STUN_ATTR_TOKEN_ID attribute in allocate unauthorized response.
[000:137][280503] (turn_port.cc:1182): TurnPort(Port[52480500:0:1:0:relay:Net[pdp_ip0:100.81.44.x/32:Cellular:id=3]]-Remote[14.238.62.98:3478/udp]: AddAddress 14.238.62.98:21355 proble=1, max/send/recv=(55/5), time_initial_ms=71, rttArgv=35, rtt=21, score=76, server_priority=4, priority=76
[000:137][280503] (basic_port_allocator.cc:1110): TurnPort(Port[52480500:0:1:0:relay:Net[pdp_ip0:100.81.44.x/32:Cellular:id=3]]-Remote[14.238.62.98:3478/udp]: Gathered candidate: Cand[:2870078463:1:udp:58674431:14.238.62.x:21355:relay:42.115.218.x:20425:CS/8:vyXYqFe3wOkeT4vD2TAT0tZw:3:900:0]
[000:137][280503] (basic_port_allocator.cc:1143): TurnPort(Port[52480500:0:1:0:relay:Net[pdp_ip0:100.81.44.x/32:Cellular:id=3]]-Remote[14.238.62.98:3478/udp]: Port ready.
[000:137][280503] (p2p_transport_channel.cc:947): P2PTransportChannel::OnPortReady: TurnPort(Port[52480500:0:1:0:relay:Net[pdp_ip0:100.81.44.x/32:Cellular:id=3]]-Remote[14.238.62.98:3478/udp] remotes: 0
[000:137][280503] (wrapping_active_ice_controller.cc:223): Not switching selected connection due to: new candidate pairs created from a new local candidate
[000:137][280503] (basic_port_allocator.cc:1152): OnCandidateReady: TurnPort(Port[52480500:0:1:0:relay:Net[pdp_ip0:100.81.44.x/32:Cellular:id=3]]-Remote[14.238.62.98:3478/udp]: s:1 with candidates:1
[000:137][280503] (basic_port_allocator.cc:1259): TurnPort(Port[52480500:0:1:0:relay:Net[pdp_ip0:100.81.44.x/32:Cellular:id=3]]-Remote[14.238.62.98:3478/udp]: Port completed gathering candidates.
[000:137][280503] (turn_port.cc:1443): TurnPort(Port[52480500:0:1:0:relay:Net[pdp_ip0:100.81.44.x/32:Cellular:id=3]]-Remote[14.238.62.98:3478/udp]: Scheduled refresh in 540000ms.
[000:139][259] (RTCLogging.mm:34): (RTCAudioSession.mm:631 -[RTCAudioSession handleApplicationDidBecomeActive:]): Application became active after an interruption. Treating as interruption end. isInterrupted changed from 0 to 0.
[000:164][280503] (turn_port.cc:1737): TurnPort(Port[52480000:0:1:0:relay:Net[pdp_ip0:100.81.44.x/32:Cellular:id=3]]-Remote[160.250.77.139:3478/udp]: TURN allocate requested successfully, id=767537675273715779496449, code=0, rtt=35478 us, time_initial=98173 us, time_handshake=98118 us
[000:168][280503] (turn_port.cc:1778): TurnPort(Port[52480000:0:1:0:relay:Net[pdp_ip0:100.81.44.x/32:Cellular:id=3]]-Remote[160.250.77.139:3478/udp]: Missing STUN_ATTR_TOKEN_ID attribute in allocate unauthorized response.
[000:168][280503] (turn_port.cc:1182): TurnPort(Port[52480000:0:1:0:relay:Net[pdp_ip0:100.81.44.x/32:Cellular:id=3]]-Remote[160.250.77.139:3478/udp]: AddAddress 160.250.77.139:56418 proble=1, max/send/recv=(55/5), time_initial_ms=98, rttArgv=45, rtt=35, score=69, server_priority=3, priority=69
[000:168][280503] (basic_port_allocator.cc:1110): TurnPort(Port[52480000:0:1:0:relay:Net[pdp_ip0:100.81.44.x/32:Cellular:id=3]]-Remote[160.250.77.139:3478/udp]: Gathered candidate: Cand[:3552246798:1:udp:58672639:160.250.77.x:56418:relay:42.1.104.x:19843:CS/8:vyXYqFe3wOkeT4vD2TAT0tZw:3:900:0]
[000:168][280503] (basic_port_allocator.cc:1143): TurnPort(Port[52480000:0:1:0:relay:Net[pdp_ip0:100.81.44.x/32:Cellular:id=3]]-Remote[160.250.77.139:3478/udp]: Port ready.
[000:168][280503] (p2p_transport_channel.cc:947): P2PTransportChannel::OnPortReady: TurnPort(Port[52480000:0:1:0:relay:Net[pdp_ip0:100.81.44.x/32:Cellular:id=3]]-Remote[160.250.77.139:3478/udp] remotes: 0
[000:168][280503] (wrapping_active_ice_controller.cc:223): Not switching selected connection due to: new candidate pairs created from a new local candidate
[000:168][280503] (basic_port_allocator.cc:1152): OnCandidateReady: TurnPort(Port[52480000:0:1:0:relay:Net[pdp_ip0:100.81.44.x/32:Cellular:id=3]]-Remote[160.250.77.139:3478/udp]: s:1 with candidates:1
[000:168][280503] (basic_port_allocator.cc:1259): TurnPort(Port[52480000:0:1:0:relay:Net[pdp_ip0:100.81.44.x/32:Cellular:id=3]]-Remote[160.250.77.139:3478/udp]: Port completed gathering candidates.
[000:168][280503] (turn_port.cc:1443): TurnPort(Port[52480000:0:1:0:relay:Net[pdp_ip0:100.81.44.x/32:Cellular:id=3]]-Remote[160.250.77.139:3478/udp]: Scheduled refresh in 540000ms.
[000:168][280503] (turn_port.cc:1737): TurnPort(Port[52480a00:0:1:0:relay:Net[pdp_ip0:100.81.44.x/32:Cellular:id=3]]-Remote[14.238.161.90:3478/udp]: TURN allocate requested successfully, id=434444614a5131504f774c50, code=0, rtt=31316 us, time_initial=101463 us, time_handshake=101409 us
[000:168][280503] (turn_port.cc:1778): TurnPort(Port[52480a00:0:1:0:relay:Net[pdp_ip0:100.81.44.x/32:Cellular:id=3]]-Remote[14.238.161.90:3478/udp]: Missing STUN_ATTR_TOKEN_ID attribute in allocate unauthorized response.
[000:168][280503] (turn_port.cc:1182): TurnPort(Port[52480a00:0:1:0:relay:Net[pdp_ip0:100.81.44.x/32:Cellular:id=3]]-Remote[14.238.161.90:3478/udp]: AddAddress 14.238.161.90:26858 proble=1, max/send/recv=(55/5), time_initial_ms=101, rttArgv=49, rtt=31, score=68, server_priority=2, priority=68
[000:168][280503] (basic_port_allocator.cc:1110): TurnPort(Port[52480a00:0:1:0:relay:Net[pdp_ip0:100.81.44.x/32:Cellular:id=3]]-Remote[14.238.161.90:3478/udp]: Gathered candidate: Cand[:2735209112:1:udp:58672383:14.238.161.x:26858:relay:42.115.218.x:25752:CS/8:vyXYqFe3wOkeT4vD2TAT0tZw:3:900:0]
[000:168][280503] (basic_port_allocator.cc:1143): TurnPort(Port[52480a00:0:1:0:relay:Net[pdp_ip0:100.81.44.x/32:Cellular:id=3]]-Remote[14.238.161.90:3478/udp]: Port ready.
[000:168][280503] (p2p_transport_channel.cc:947): P2PTransportChannel::OnPortReady: TurnPort(Port[52480a00:0:1:0:relay:Net[pdp_ip0:100.81.44.x/32:Cellular:id=3]]-Remote[14.238.161.90:3478/udp] remotes: 0
[000:168][280503] (wrapping_active_ice_controller.cc:223): Not switching selected connection due to: new candidate pairs created from a new local candidate
[000:168][280503] (basic_port_allocator.cc:1152): OnCandidateReady: TurnPort(Port[52480a00:0:1:0:relay:Net[pdp_ip0:100.81.44.x/32:Cellular:id=3]]-Remote[14.238.161.90:3478/udp]: s:1 with candidates:1
[000:168][280503] (basic_port_allocator.cc:1259): TurnPort(Port[52480a00:0:1:0:relay:Net[pdp_ip0:100.81.44.x/32:Cellular:id=3]]-Remote[14.238.161.90:3478/udp]: Port completed gathering candidates.
[000:168][280503] (turn_port.cc:1443): TurnPort(Port[52480a00:0:1:0:relay:Net[pdp_ip0:100.81.44.x/32:Cellular:id=3]]-Remote[14.238.161.90:3478/udp]: Scheduled refresh in 540000ms.
[000:229][259] (RTCLogging.mm:34): (RTCAudioSession.mm:856 -[RTCAudioSession audioSessionDidActivate:]): Audio session was externally activated.
[000:229][259] (RTCLogging.mm:34): (RTCAudioSession.mm:680 -[RTCAudioSession incrementActivationCount]): Incrementing activation count.
[000:317][280503] (turn_port.cc:1695): TurnPort(Port[52481900:0:1:0:relay:Net[pdp_ip0:100.81.44.x/32:Cellular:id=3]]-Remote[171.226.10.226:3478/udp]: TURN probe request 41356f65327578396e346c47 timeout
[000:317][280503] (turn_port.cc:1695): TurnPort(Port[52481900:0:1:0:relay:Net[pdp_ip0:100.81.44.x/32:Cellular:id=3]]-Remote[171.226.10.226:3478/udp]: TURN probe request 6f7a49717a712f6148707971 timeout
[000:317][280503] (turn_port.cc:1695): TurnPort(Port[52481900:0:1:0:relay:Net[pdp_ip0:100.81.44.x/32:Cellular:id=3]]-Remote[171.226.10.226:3478/udp]: TURN probe request 557342416343366178354434 timeout
[000:317][280503] (turn_port.cc:1695): TurnPort(Port[52481900:0:1:0:relay:Net[pdp_ip0:100.81.44.x/32:Cellular:id=3]]-Remote[171.226.10.226:3478/udp]: TURN probe request 567534556241585465764139 timeout
[000:317][280503] (turn_port.cc:1695): TurnPort(Port[52481900:0:1:0:relay:Net[pdp_ip0:100.81.44.x/32:Cellular:id=3]]-Remote[171.226.10.226:3478/udp]: TURN probe request 304d6d5a714a7438762f4b71 timeout
[000:346][280503] (turn_port.cc:1728): TurnPort(Port[52481900:0:1:0:relay:Net[pdp_ip0:100.81.44.x/32:Cellular:id=3]]-Remote[171.226.10.226:3478/udp]: TURN allocate request sent, id=6c556c566e3634426d4c7643
[000:369][280579] (RTCLogging.mm:34): (RTCCameraVideoCapturer.m:176 -[RTCCameraVideoCapturer startCaptureWithDevice:format:fps:completionHandler:]_block_invoke): startCaptureWithDevice <AVCaptureDeviceFormat: 0x125cce3f0 'vide'/'420v' 1280x 720, { 1- 30 fps}, photo dims:{1280x720,4032x2268}, fov:73.699, supports vis (modes: standard, cinematic, extended) (max strength:Low), max zoom:128.88 (upscales @2.86), AF System:2, ISO:20.0-1920.0, SS:0.000039-1.000000, system exposure bias range:-2.0-2.0, supports HDR, supports high photo quality, supports Portrait Effect, supports Studio Lighting, supports Reactions> @ 20 fps
[000:546][280579] (RTCLogging.mm:34): (RTCCameraVideoCapturer.m:393 -[RTCCameraVideoCapturer handleCaptureSessionDidStartRunning:]): Capture session started.
[000:552][321575] (video_adapter.cc:285): Frame size changed: scaled 0 / out 1 / in 1 Changes: 1 Input: 720x404 Scale: 1/1 Output: 720x404 fps: 2147483647/-1 alignment: 2
[000:847][280503] (turn_port.cc:1728): TurnPort(Port[52481900:0:1:0:relay:Net[pdp_ip0:100.81.44.x/32:Cellular:id=3]]-Remote[171.226.10.226:3478/udp]: TURN allocate request sent, id=6c556c566e3634426d4c7643
[001:849][280503] (turn_port.cc:1728): TurnPort(Port[52481900:0:1:0:relay:Net[pdp_ip0:100.81.44.x/32:Cellular:id=3]]-Remote[171.226.10.226:3478/udp]: TURN allocate request sent, id=6c556c566e3634426d4c7643
[003:850][280503] (turn_port.cc:1728): TurnPort(Port[52481900:0:1:0:relay:Net[pdp_ip0:100.81.44.x/32:Cellular:id=3]]-Remote[171.226.10.226:3478/udp]: TURN allocate request sent, id=6c556c566e3634426d4c7643
[007:852][280503] (turn_port.cc:1728): TurnPort(Port[52481900:0:1:0:relay:Net[pdp_ip0:100.81.44.x/32:Cellular:id=3]]-Remote[171.226.10.226:3478/udp]: TURN allocate request sent, id=6c556c566e3634426d4c7643
[008:414][329227] (sdp_offer_answer.cc:2960): SdpOfferAnswerHandler::DoSetRemoteDescription.
[008:415][329227] (sdp_offer_answer.cc:2200): SdpOfferAnswerHandler::ApplyRemoteDescription
[008:415][280503] (jsep_transport_controller.cc:1091): MaybeCreateJsepTransport mid=0 exits
[008:415][280503] (dtls_srtp_transport.cc:53): Setting RTP Transport on 0 transport 55de4000
[008:415][280503] (p2p_transport_channel.cc:509): Received remote ICE parameters: ufrag=dTDZ, renomination enabled
[008:415][280503] (openssl_stream_adapter.cc:167): WebRTC-ForceDtls13 Disabled
[008:415][280503] (dtls_transport.cc:599): DtlsTransport[0|1|__]: DTLS setup complete, dtls_in_stun: 0
[008:415][280503] (wrapping_active_ice_controller.cc:223): Not switching selected connection due to: remote candidate generation maybe changed
[008:415][329227] (peer_connection.cc:2313): Creating data channel, mid=2
[008:415][329227] (sdp_offer_answer.cc:2217): SdpOfferAnswerHandler::UpdateChannels
[008:415][329227] (sdp_offer_answer.cc:3285): SdpOfferAnswerHandler::UpdateSessionState with type: answer
[008:415][329227] (sdp_offer_answer.cc:3264): Session: 6590065330239080068 Old state: have-local-offer New state: stable
[008:415][329227] (sdp_offer_answer.cc:3310): SdpOfferAnswerHandler::UpdateSessionState ChangeSignalingState with source: 1
[008:415][329227] (sdp_offer_answer.cc:5242): SdpOfferAnswerHandler::PushdownMediaDescription
[008:415][329491] (channel.cc:637): Channel enabled: {mid: 0, media_type: audio}
[008:415][329227] (sdp_offer_answer.cc:5257): SdpOfferAnswerHandler::UpdatePayloadTypeDemuxingState with rtp_transceivers:2
[008:415][329491] (channel.cc:916): Changing voice state, recv=1 send=0 for {mid: 0, media_type: audio}
[008:415][329491] (channel.cc:637): Channel enabled: {mid: 1, media_type: video}
[008:415][329491] (channel.cc:1085): Changing video state, recv=1 send=0 for {mid: 1, media_type: video}
[008:415][329491] (webrtc_voice_engine.cc:2504): ResetUnsignaledRecvStream.
[008:415][329491] (webrtc_video_engine.cc:3152): ResetUnsignaledRecvStream.
[008:415][329227] (sdp_offer_answer.cc:5295): SdpOfferAnswerHandler::UpdatePayloadTypeDemuxingState transceiver with source: 1
[008:415][329227] (sdp_offer_answer.cc:5308): SdpOfferAnswerHandler::UpdatePayloadTypeDemuxingState batcher.
[008:415][329491] (channel.cc:996): Setting remote voice description for {mid: 0, media_type: audio}
[008:415][329491] (webrtc_voice_engine.cc:1327): WebRtcVoiceMediaChannel::SetSenderParameters: {codecs: [AudioCodec[111:opus:48000:0:2], AudioCodec[63:red:48000:0:2], AudioCodec[9:G722:8000:0:1], AudioCodec[0:PCMU:8000:0:1], AudioCodec[8:PCMA:8000:0:1], AudioCodec[13:CN:8000:0:1], AudioCodec[110:telephone-event:48000:0:1], AudioCodec[126:telephone-event:8000:0:1]], extensions: [{uri: http://www.ietf.org/id/draft-holmer-rmcat-transport-wide-cc-extensions-01, id: 3}, {uri: http://www.webrtc.org/experiments/rtp-hdrext/abs-send-time, id: 2}, {uri: urn:ietf:params:rtp-hdrext:sdes:mid, id: 4}, {uri: urn:ietf:params:rtp-hdrext:ssrc-audio-level, id: 1}], extmap-allow-mixed: true, max_bandwidth_bps: -1, mid: 0, options: AudioOptions {}, rtcp: {reduced_size:1, remote_estimate:0}}
[008:415][329491] (audio_send_stream.cc:233): AudioSendStream::ConfigureStream: {rtp: {ssrc: 964315844, csrcs: [], extmap-allow-mixed: true, extensions: [], c_name: xFtKJUxjP0UB6Faf}, rtcp_report_interval_ms: 5000, send_transport: (Transport), min_bitrate_bps: 32000, max_bitrate_bps: 32000, has audio_network_adaptor_config: false, has_dscp: false, send_codec_spec: {nack_enabled: false, enable_non_sender_rtt: false, cng_payload_type: <unset>, red_payload_type: <unset>, payload_type: 111, format: {name: opus, clockrate_hz: 48000, num_channels: 2, parameters: {minptime: 10, useinbandfec: 1}}}}
[008:417][329491] (audio_send_stream.cc:233): AudioSendStream::ConfigureStream: {rtp: {ssrc: 964315844, csrcs: [], extmap-allow-mixed: true, extensions: [{uri: http://www.ietf.org/id/draft-holmer-rmcat-transport-wide-cc-extensions-01, id: 3}, {uri: http://www.webrtc.org/experiments/rtp-hdrext/abs-send-time, id: 2}, {uri: urn:ietf:params:rtp-hdrext:sdes:mid, id: 4}, {uri: urn:ietf:params:rtp-hdrext:ssrc-audio-level, id: 1}], c_name: xFtKJUxjP0UB6Faf}, rtcp_report_interval_ms: 5000, send_transport: (Transport), min_bitrate_bps: 32000, max_bitrate_bps: 32000, has audio_network_adaptor_config: false, has_dscp: false, send_codec_spec: {nack_enabled: false, enable_non_sender_rtt: false, cng_payload_type: <unset>, red_payload_type: <unset>, payload_type: 111, format: {name: opus, clockrate_hz: 48000, num_channels: 2, parameters: {minptime: 10, useinbandfec: 1}}}}
[008:417][329491] (audio_send_stream.cc:233): AudioSendStream::ConfigureStream: {rtp: {ssrc: 964315844, csrcs: [], extmap-allow-mixed: true, extensions: [{uri: http://www.ietf.org/id/draft-holmer-rmcat-transport-wide-cc-extensions-01, id: 3}, {uri: http://www.webrtc.org/experiments/rtp-hdrext/abs-send-time, id: 2}, {uri: urn:ietf:params:rtp-hdrext:sdes:mid, id: 4}, {uri: urn:ietf:params:rtp-hdrext:ssrc-audio-level, id: 1}], c_name: xFtKJUxjP0UB6Faf}, rtcp_report_interval_ms: 5000, send_transport: (Transport), min_bitrate_bps: 32000, max_bitrate_bps: 32000, has audio_network_adaptor_config: false, has_dscp: false, send_codec_spec: {nack_enabled: false, enable_non_sender_rtt: false, cng_payload_type: <unset>, red_payload_type: <unset>, payload_type: 111, format: {name: opus, clockrate_hz: 48000, num_channels: 2, parameters: {minptime: 10, useinbandfec: 1}}}}
[008:417][329491] (audio_send_stream.cc:233): AudioSendStream::ConfigureStream: {rtp: {ssrc: 964315844, mid: 0, csrcs: [], extmap-allow-mixed: true, extensions: [{uri: http://www.ietf.org/id/draft-holmer-rmcat-transport-wide-cc-extensions-01, id: 3}, {uri: http://www.webrtc.org/experiments/rtp-hdrext/abs-send-time, id: 2}, {uri: urn:ietf:params:rtp-hdrext:sdes:mid, id: 4}, {uri: urn:ietf:params:rtp-hdrext:ssrc-audio-level, id: 1}], c_name: xFtKJUxjP0UB6Faf}, rtcp_report_interval_ms: 5000, send_transport: (Transport), min_bitrate_bps: 32000, max_bitrate_bps: 32000, has audio_network_adaptor_config: false, has_dscp: false, send_codec_spec: {nack_enabled: false, enable_non_sender_rtt: false, cng_payload_type: <unset>, red_payload_type: <unset>, payload_type: 111, format: {name: opus, clockrate_hz: 48000, num_channels: 2, parameters: {minptime: 10, useinbandfec: 1}}}}
[008:417][329491] (webrtc_voice_engine.cc:1794): WebRtcVoiceMediaChannel::SetMaxSendBitrate.
[008:417][329491] (audio_send_stream.cc:233): AudioSendStream::ConfigureStream: {rtp: {ssrc: 964315844, mid: 0, csrcs: [], extmap-allow-mixed: true, extensions: [{uri: http://www.ietf.org/id/draft-holmer-rmcat-transport-wide-cc-extensions-01, id: 3}, {uri: http://www.webrtc.org/experiments/rtp-hdrext/abs-send-time, id: 2}, {uri: urn:ietf:params:rtp-hdrext:sdes:mid, id: 4}, {uri: urn:ietf:params:rtp-hdrext:ssrc-audio-level, id: 1}], c_name: xFtKJUxjP0UB6Faf}, rtcp_report_interval_ms: 5000, send_transport: (Transport), min_bitrate_bps: 32000, max_bitrate_bps: 32000, has audio_network_adaptor_config: false, has_dscp: false, send_codec_spec: {nack_enabled: false, enable_non_sender_rtt: false, cng_payload_type: <unset>, red_payload_type: <unset>, payload_type: 111, format: {name: opus, clockrate_hz: 48000, num_channels: 2, parameters: {minptime: 10, useinbandfec: 1}}}}
[008:417][329491] (webrtc_voice_engine.cc:1304): Setting voice channel options: AudioOptions {}
[008:417][329491] (webrtc_voice_engine.cc:606): WebRtcVoiceEngine::ApplyOptions: AudioOptions {aec: 1, ns: 1, audio_jitter_buffer_max_packets: 200, audio_jitter_buffer_fast_accelerate: 0, audio_jitter_buffer_min_delay_ms: 0, }
[008:417][329491] (webrtc_voice_engine.cc:621): Always disable AEC on iOS. Use built-in instead.
[008:417][329491] (webrtc_voice_engine.cc:629): Always disable AGC on iOS. Use built-in instead.
[008:417][329491] (audio_processing_impl.cc:680): AudioProcessing::ApplyConfig: AudioProcessing::Config{ pipeline: { maximum_internal_processing_rate: 32000, multi_channel_render: 1, multi_channel_capture: 1 }, pre_amplifier: { enabled: 0, fixed_gain_factor: 1 },capture_level_adjustment: { enabled: 0, pre_gain_factor: 1, post_gain_factor: 1, analog_mic_gain_emulation: { enabled: 0, initial_level: 255 }}, high_pass_filter: { enabled: 1 }, echo_canceller: { enabled: 0, enforce_high_pass_filtering: 1 }, noise_suppression: { enabled: 1, level: High }, transient_suppression: { enabled: 0 }, gain_controller1: { enabled: 0, mode: FixedDigital, target_level_dbfs: 3, compression_gain_db: 9, enable_limiter: 1, analog_gain_controller { enabled: 1, startup_min_volume: 0, clipped_level_min: 70, enable_digital_adaptive: 1, clipped_level_step: 15, clipped_ratio_threshold: 0.1, clipped_wait_frames: 300, clipping_predictor:  { enabled: 0, mode: 0, window_length: 5, reference_window_length: 5, reference_window_delay: 5, clipping_threshold: -1, crest_factor_margin: 3, use_predicted_step: 1 }}}, gain_controller2: { enabled: 0, fixed_digital: { gain_db: 0 }, adaptive_digital: { enabled: 0, headroom_db: 5, max_gain_db: 50, initial_gain_db: 15, max_gain_change_db_per_second: 6, max_output_noise_level_dbfs: -50 }, input_volume_control : { enabled 0}}
[008:417][329491] (webrtc_voice_engine.cc:1318): Set voice send channel options. Current options: AudioOptions {aec: 1, ns: 1, audio_jitter_buffer_max_packets: 200, audio_jitter_buffer_fast_accelerate: 0, audio_jitter_buffer_min_delay_ms: 0, }
[008:417][329491] (webrtc_voice_engine.cc:2200): WebRtcVoiceMediaChannel::SetReceiverParameters: {codecs: [AudioCodec[111:opus:48000:0:2], AudioCodec[63:red:48000:0:2], AudioCodec[9:G722:8000:0:1], AudioCodec[0:PCMU:8000:0:1], AudioCodec[8:PCMA:8000:0:1], AudioCodec[13:CN:8000:0:1], AudioCodec[110:telephone-event:48000:0:1], AudioCodec[126:telephone-event:8000:0:1]], extensions: [{uri: http://www.ietf.org/id/draft-holmer-rmcat-transport-wide-cc-extensions-01, id: 3}, {uri: http://www.webrtc.org/experiments/rtp-hdrext/abs-send-time, id: 2}, {uri: urn:ietf:params:rtp-hdrext:sdes:mid, id: 4}, {uri: urn:ietf:params:rtp-hdrext:ssrc-audio-level, id: 1}], rtcp: {reduced_size:1, remote_estimate:0}}
[008:417][329491] (webrtc_voice_engine.cc:2380): Changing RTCP mode on receive streams.
[008:417][329491] (webrtc_voice_engine.cc:2431): AddRecvStream: {id:audio_US43EGOIN7G;ssrcs:[1233186867];ssrc_groups:;cname:hHwAs/sUY9f6bueJ;stream_ids:stream_US43EGOIN7G;}
[008:417][329491] (neteq_impl.cc:160): NetEq config: sample_rate_hz=48000, max_packets_in_buffer=200, min_delay_ms=0, enable_fast_accelerate=false, enable_muted_state=true, enable_rtx_handling=false
[008:417][329491] (audio_receive_stream.cc:123): AudioReceiveStreamImpl: 1233186867
[008:417][329491] (audio_receive_stream.cc:194): AudioReceiveStreamImpl::Start: 1233186867
[008:417][329491] (audio_device_ios.mm:196): AudioDeviceIOS::InitPlayout
[008:417][329491] (audio_device_ios.mm:980): AudioDeviceIOS::InitPlayOrRecord
[008:484][329491] (RTCLogging.mm:34): (audio_device_ios.mm:945 ConfigureAudioSessionLocked): Configuring audio session.
[008:484][329491] (RTCLogging.mm:34): (RTCAudioSession.mm:744 -[RTCAudioSession configureWebRTCSession:]): Configuring audio session for WebRTC.
[008:489][329491] (RTCLogging.mm:34): (RTCAudioSession+Configuration.mm:83 -[RTCAudioSession(Configuration) setConfiguration:active:shouldSetActive:error:]): Set preferred sample rate to: 48000.00
[008:490][329491] (RTCLogging.mm:34): (RTCAudioSession+Configuration.mm:98 -[RTCAudioSession(Configuration) setConfiguration:active:shouldSetActive:error:]): Set preferred IO buffer duration to: 0.020000
[008:490][329491] (RTCLogging.mm:34): (RTCAudioSession.mm:680 -[RTCAudioSession incrementActivationCount]): Incrementing activation count.
[008:490][329491] (RTCLogging.mm:34): (RTCAudioSession.mm:419 -[RTCAudioSession setActive:error:]): Number of current activations: 3
[008:506][329491] (RTCLogging.mm:34): (audio_device_ios.mm:955 ConfigureAudioSessionLocked): Configured audio session.
[008:506][329491] (audio_device_ios.mm:758): AudioDeviceIOS::SetupAudioBuffersForActiveAudioSession
[008:509][329491] (RTCLogging.mm:34): (audio_device_ios.mm:764 SetupAudioBuffersForActiveAudioSession): RTC_OBJC_TYPE(RTCAudioSession): {
  category: AVAudioSessionCategoryPlayAndRecord
  categoryOptions: 109
  mode: AVAudioSessionModeVideoChat
  isActive: 1
  sampleRate: 48000.00
  IOBufferDuration: 0.020000
  outputNumberOfChannels: 2
  inputNumberOfChannels: 1
  outputLatency: 0.010146
  inputLatency: 0.001375
  outputVolume: 1.000000
}
[008:509][329491] (audio_device_ios.mm:799):  frames per I/O buffer: 960
[008:509][329491] (audio_device_ios.mm:801):  bytes per I/O buffer: 1920
[008:509][329491] (audio_device_ios.mm:741): AudioDeviceIOS::UpdateAudioDevicebuffer
[008:509][329491] (audio_device_buffer.cc:213): SetPlayoutSampleRate(48000)
[008:509][329491] (audio_device_buffer.cc:233): SetPlayoutChannels(1)
[008:509][329491] (audio_device_buffer.cc:207): SetRecordingSampleRate(48000)
[008:509][329491] (audio_device_buffer.cc:227): SetRecordingChannels(1)
[008:509][329491] (RTCLogging.mm:34): (voice_processing_audio_unit.mm:217 Initialize): Initializing audio unit with sample rate: 48000.000000
[008:621][259] (RTCLogging.mm:34): (RTCAudioSession.mm:557 -[RTCAudioSession handleRouteChangeNotification:]): Audio route changed:
[008:621][259] (RTCLogging.mm:34): (RTCAudioSession.mm:573 -[RTCAudioSession handleRouteChangeNotification:]): Audio route changed: Override
[008:622][259] (RTCLogging.mm:34): (RTCAudioSession.mm:590 -[RTCAudioSession handleRouteChangeNotification:]): Previous route: <AVAudioSessionRouteDescription: 0x152e8bb30, 
inputs = (
    "<AVAudioSessionPortDescription: 0x152e883d0, type = MicrophoneBuiltIn; name = Micr\U00f4 c\U1ee7a iPhone; UID = Built-In Microphone; selectedDataSource = D\U01b0\U1edbi c\U00f9ng>"
); 
outputs = (
    "<AVAudioSessionPortDescription: 0x152e8abe0, type = Speaker; name = Loa ngo\U00e0i; UID = Speaker; selectedDataSource = (null)>"
)>
Current route:<AVAudioSessionRouteDescription: 0x152e8a140, 
inputs = (
    "<AVAudioSessionPortDescription: 0x152e88e10, type = MicrophoneBuiltIn; name = Micr\U00f4 c\U1ee7a iPhone; UID = Built-In Microphone; selectedDataSource = Ph\U00eda tr\U01b0\U1edbc>"
); 
outputs = (
    "<AVAudioSessionPortDescription: 0x152e88fc0, type = Speaker; name = Loa ngo\U00e0i; UID = Speaker; selectedDataSource = (null)>"
)>
[008:628][329491] (RTCLogging.mm:34): (voice_processing_audio_unit.mm:277 Initialize): Voice Processing I/O unit is now initialized.
[008:629][329491] (RTCLogging.mm:34): (voice_processing_audio_unit.mm:72 GetAGCState): VPIO unit AGC: 1
[008:629][329491] (RTCLogging.mm:34): (voice_processing_audio_unit.mm:371 Initialize): WebRTC.Audio.BuiltInAGCWasEnabledByDefault: 1
[008:629][329491] (RTCLogging.mm:34): (voice_processing_audio_unit.mm:377 Initialize): WebRTC.Audio.BuiltInAGCIsEnabled: 1
[008:629][329491] (audio_device_ios.mm:236): AudioDeviceIOS::StartPlayout
[008:629][329491] (RTCLogging.mm:34): (voice_processing_audio_unit.mm:385 Start): Starting audio unit.
[008:715][329491] (RTCLogging.mm:34): (voice_processing_audio_unit.mm:392 Start): Started audio unit
[008:715][329491] (audio_device_ios.mm:258): Voice-Processing I/O audio unit is now started
[008:715][329491] (channel.cc:810): Add remote ssrc: 1233186867 to {mid: 0, media_type: audio}
[008:715][329491] (channel.cc:916): Changing voice state, recv=1 send=0 for {mid: 0, media_type: audio}
[008:716][329491] (thread.cc:557): Message to worker_thread 0x0x135234e00 took 301ms to dispatch.
[008:728][329491] (RTCLogging.mm:34): (audio_device_ios.mm:602 HandleValidRouteChange): RTC_OBJC_TYPE(RTCAudioSession): {
  category: AVAudioSessionCategoryPlayAndRecord
  categoryOptions: 109
  mode: AVAudioSessionModeVideoChat
  isActive: 1
  sampleRate: 48000.00
  IOBufferDuration: 0.020000
  outputNumberOfChannels: 2
  inputNumberOfChannels: 4
  outputLatency: 0.008958
  inputLatency: 0.001375
  outputVolume: 1.000000
}
[008:728][329491] (RTCLogging.mm:34): (audio_device_ios.mm:613 HandleSampleRateChange): Handling sample rate change.
[008:728][329491] (RTCLogging.mm:34): (audio_device_ios.mm:645 HandleSampleRateChange): Handling playout sample rate change:
  Session sample rate: 48000.000000 frames_per_buffer: 960
  ADM sample rate: 48000.000000 frames_per_buffer: 960
[008:728][329491] (RTCLogging.mm:34): (audio_device_ios.mm:652 HandleSampleRateChange): Ignoring sample rate change since audio parameters are intact.
[008:728][329491] (channel.cc:1176): Setting remote video description for {mid: 1, media_type: video}
[008:728][329491] (webrtc_video_engine.cc:1234): SetSenderParameters: {codecs: [VideoCodec[35:H265], VideoCodec[36:rtx], VideoCodec[96:H264], VideoCodec[97:rtx], VideoCodec[98:H264], VideoCodec[99:rtx], VideoCodec[100:VP8], VideoCodec[101:rtx], VideoCodec[103:red], VideoCodec[104:rtx], VideoCodec[107:ulpfec]], conference_mode: no, extensions: [{uri: http://www.ietf.org/id/draft-holmer-rmcat-transport-wide-cc-extensions-01, id: 3}, {uri: http://www.webrtc.org/experiments/rtp-hdrext/abs-send-time, id: 2}, {uri: http://www.webrtc.org/experiments/rtp-hdrext/color-space, id: 8}, {uri: http://www.webrtc.org/experiments/rtp-hdrext/playout-delay, id: 5}, {uri: http://www.webrtc.org/experiments/rtp-hdrext/video-content-type, id: 6}, {uri: http://www.webrtc.org/experiments/rtp-hdrext/video-timing, id: 7}, {uri: urn:3gpp:video-orientation, id: 13}, {uri: urn:ietf:params:rtp-hdrext:sdes:mid, id: 4}, {uri: urn:ietf:params:rtp-hdrext:sdes:repaired-rtp-stream-id, id: 11}, {uri: urn:ietf:params:rtp-hdrext:sdes:rtp-stream-id, id: 10}, {uri: urn:ietf:params:rtp-hdrext:toffset, id: 14}], extmap-allow-mixed: true, max_bandwidth_bps: -1, mid: 1, rtcp: {reduced_size:1, remote_estimate:0}}
[008:729][329491] (webrtc_video_engine.cc:1242): Negotiated codec: VideoCodec[35:H265]
[008:729][329491] (webrtc_video_engine.cc:1242): Negotiated codec: VideoCodec[96:H264]
[008:729][329491] (webrtc_video_engine.cc:1242): Negotiated codec: VideoCodec[98:H264]
[008:729][329491] (webrtc_video_engine.cc:1242): Negotiated codec: VideoCodec[100:VP8]
[008:729][329491] (webrtc_video_engine.cc:2116): RecreateWebRtcStream (send) because of SetCodec.
[008:729][329491] (rtp_video_sender.cc:145): Transmitting payload type without picture ID using NACK+ULPFEC is a waste of bandwidth since ULPFEC packets also have to be retransmitted. Disabling ULPFEC.
[008:729][329491] (rtp_video_sender.cc:145): Transmitting payload type without picture ID using NACK+ULPFEC is a waste of bandwidth since ULPFEC packets also have to be retransmitted. Disabling ULPFEC.
[008:729][329491] (video_send_stream_impl.cc:528): VideoSendStreamImpl: {encoder_settings: { experiment_cpu_load_estimator: off}}, rtp: {ssrcs: [860390162], rids: [], mid: '1', rtcp_mode: RtcpMode::kReducedSize, max_packet_size: 1200, extmap-allow-mixed: true, extensions: [{uri: http://www.ietf.org/id/draft-holmer-rmcat-transport-wide-cc-extensions-01, id: 3}, {uri: http://www.webrtc.org/experiments/rtp-hdrext/abs-send-time, id: 2}, {uri: http://www.webrtc.org/experiments/rtp-hdrext/color-space, id: 8}, {uri: http://www.webrtc.org/experiments/rtp-hdrext/playout-delay, id: 5}, {uri: http://www.webrtc.org/experiments/rtp-hdrext/video-content-type, id: 6}, {uri: http://www.webrtc.org/experiments/rtp-hdrext/video-timing, id: 7}, {uri: urn:3gpp:video-orientation, id: 13}, {uri: urn:ietf:params:rtp-hdrext:sdes:mid, id: 4}, {uri: urn:ietf:params:rtp-hdrext:sdes:repaired-rtp-stream-id, id: 11}, {uri: urn:ietf:params:rtp-hdrext:sdes:rtp-stream-id, id: 10}], lntf: {enabled: false}, nack: {rtp_history_ms: 1000}, ulpfec: {ulpfec_payload_type: 107, red_payload_type: 103, red_rtx_payload_type: 104}, payload_name: H265, payload_type: 35, raw_payload: false, stream_configs: [{ssrc: 860390162, rid: , payload_name: H265, payload_type: 35, raw_payload: false, rtx: {ssrc: 2832255577, payload_type: 36}}], flexfec: {payload_type: -1, ssrc: 0, protected_media_ssrcs: []}, rtx: {ssrcs: [2832255577], payload_type: 36}, c_name: xFtKJUxjP0UB6Faf}, rtcp_report_interval_ms: 1000, send_transport: (Transport), render_delay_ms: 0, target_delay_ms: 0, suspend_below_min_bitrate: off}
[008:730][329491] (video_send_stream_impl.cc:616): Encoder config: {codec_type: H265, content_type: kRealtimeVideo, frame_drop_enabled: 1, encoder_specific_settings: NULL, min_transmit_bitrate_bps: 0, number_of_streams: 1, legacy_conference_mode: 0, is_quality_scaling_allowed: 1, max_qp: -1, simulcast_layers[0]: {width: 0, height: 0, max_framerate: 20, min_bitrate_bps:300000, target_bitrate_bps:-1, max_bitrate_bps:900000, max_qp: -1, num_temporal_layers: 1, bitrate_priority: 0, active: 1, scale_down_by: 1}} VideoSendStream config: {encoder_settings: { experiment_cpu_load_estimator: off}}, rtp: {ssrcs: [860390162], rids: [], mid: '1', rtcp_mode: RtcpMode::kReducedSize, max_packet_size: 1200, extmap-allow-mixed: true, extensions: [{uri: http://www.ietf.org/id/draft-holmer-rmcat-transport-wide-cc-extensions-01, id: 3}, {uri: http://www.webrtc.org/experiments/rtp-hdrext/abs-send-time, id: 2}, {uri: http://www.webrtc.org/experiments/rtp-hdrext/color-space, id: 8}, {uri: http://www.webrtc.org/experiments/rtp-hdrext/playout-delay, id: 5}, {uri: http://www.webrtc.org/experiments/rtp-hdrext/video-content-type, id: 6}, {uri: http://www.webrtc.org/experiments/rtp-hdrext/video-timing, id: 7}, {uri: urn:3gpp:video-orientation, id: 13}, {uri: urn:ietf:params:rtp-hdrext:sdes:mid, id: 4}, {uri: urn:ietf:params:rtp-hdrext:sdes:repaired-rtp-stream-id, id: 11}, {uri: urn:ietf:params:rtp-hdrext:sdes:rtp-stream-id, id: 10}], lntf: {enabled: false}, nack: {rtp_history_ms: 1000}, ulpfec: {ulpfec_payload_type: 107, red_payload_type: 103, red_rtx_payload_type: 104}, payload_name: H265, payload_type: 35, raw_payload: false, stream_configs: [{ssrc: 860390162, rid: , payload_name: H265, payload_type: 35, raw_payload: false, rtx: {ssrc: 2832255577, payload_type: 36}}], flexfec: {payload_type: -1, ssrc: 0, protected_media_ssrcs: []}, rtx: {ssrcs: [2832255577], payload_type: 36}, c_name: xFtKJUxjP0UB6Faf}, rtcp_report_interval_ms: 1000, send_transport: (Transport), render_delay_ms: 0, target_delay_ms: 0, suspend_below_min_bitrate: off}
[008:730][328999] (video_stream_encoder.cc:941): SetStartBitrate 500000
[008:730][328999] (video_stream_encoder.cc:1013): ConfigureEncoder requested.
[008:730][329491] (video_send_stream_impl.cc:750): VideoSendStreamImpl::Stop
[008:730][329491] (webrtc_video_engine.cc:2987): SetReceiverParameters: {codecs: [VideoCodec[35:H265], VideoCodec[36:rtx], VideoCodec[96:H264], VideoCodec[97:rtx], VideoCodec[98:H264], VideoCodec[99:rtx], VideoCodec[100:VP8], VideoCodec[101:rtx], VideoCodec[103:red], VideoCodec[104:rtx], VideoCodec[107:ulpfec]], extensions: [{uri: http://www.ietf.org/id/draft-holmer-rmcat-transport-wide-cc-extensions-01, id: 3}, {uri: http://www.webrtc.org/experiments/rtp-hdrext/abs-send-time, id: 2}, {uri: http://www.webrtc.org/experiments/rtp-hdrext/color-space, id: 8}, {uri: http://www.webrtc.org/experiments/rtp-hdrext/playout-delay, id: 5}, {uri: http://www.webrtc.org/experiments/rtp-hdrext/video-content-type, id: 6}, {uri: http://www.webrtc.org/experiments/rtp-hdrext/video-timing, id: 7}, {uri: urn:3gpp:video-orientation, id: 13}, {uri: urn:ietf:params:rtp-hdrext:sdes:mid, id: 4}, {uri: urn:ietf:params:rtp-hdrext:sdes:repaired-rtp-stream-id, id: 11}, {uri: urn:ietf:params:rtp-hdrext:sdes:rtp-stream-id, id: 10}, {uri: urn:ietf:params:rtp-hdrext:toffset, id: 14}], rtcp: {reduced_size:1, remote_estimate:0}}
[008:730][329491] (webrtc_video_engine.cc:3054): AddRecvStream: {id:video_US43EGOIN7G;ssrcs:[3992556228,4098728860];ssrc_groups:{semantics:FID;ssrcs:[3992556228,4098728860]};cname:hHwAs/sUY9f6bueJ;stream_ids:stream_US43EGOIN7G;}
[008:731][329491] (corruption_classifier.cc:27): Calculating corruption probability using scale factor.
[008:731][329491] (video_receive_stream2.cc:273): VideoReceiveStream2: {decoders: [{payload_type: 35, payload_name: H265, codec_params: {level-id: 123, profile-id: 1, tier-flag: 0, tx-mode: SRST}}, {payload_type: 96, payload_name: H264, codec_params: {level-asymmetry-allowed: 1, packetization-mode: 1, profile-level-id: 640c29}}, {payload_type: 98, payload_name: H264, codec_params: {level-asymmetry-allowed: 1, packetization-mode: 1, profile-level-id: 42e029}}, {payload_type: 100, payload_name: VP8, codec_params: {}}], rtp: {remote_ssrc: 3992556228, rtcp_mode: RtcpMode::kCompound, rtcp_xr: {receiver_reference_time_report: off}, lntf: {enabled: false}, nack: {rtp_history_ms: 1000}, ulpfec_payload_type: 107, red_type: 103, rtx_ssrc: 4098728860, rtx_payload_types: {36 (pt) -> 35 (apt), 97 (pt) -> 96 (apt), 99 (pt) -> 98 (apt), 101 (pt) -> 100 (apt), 104 (pt) -> 103 (apt), }, raw_payload_types: {}}, renderer: (renderer), render_delay_ms: 10, sync_group: stream_US43EGOIN7G}
[008:731][329491] (channel.cc:810): Add remote ssrc: 3992556228 to {mid: 1, media_type: video}
[008:731][329491] (video_send_stream_impl.cc:750): VideoSendStreamImpl::Stop
[008:731][329491] (channel.cc:1085): Changing video state, recv=1 send=0 for {mid: 1, media_type: video}
[008:731][329227] (sdp_offer_answer.cc:5378): SdpOfferAnswerHandler::UpdatePayloadTypeDemuxingState sctp
[008:731][329227] (sdp_offer_answer.cc:5408): SdpOfferAnswerHandler::UpdatePayloadTypeDemuxingState done
[008:731][329227] (sdp_offer_answer.cc:2226): SdpOfferAnswerHandler::UpdateSessionState
[008:731][329227] (sdp_offer_answer.cc:2234): SdpOfferAnswerHandler::UseCandidatesInRemoteDescription
[008:731][329227] (sdp_offer_answer.cc:2271): SdpOfferAnswerHandler::old_remote_description no using
[008:731][329227] (sdp_offer_answer.cc:2278): SdpOfferAnswerHandler::operation->HaveSessionSuccess
[008:731][329227] (sdp_offer_answer.cc:2285): SdpOfferAnswerHandler::pt_suggester_.Update
[008:731][329227] (peer_connection.cc:2032): Changing IceConnectionState new => checking
[008:731][329227] (sdp_offer_answer.cc:2402): Processing the MSIDs for MID=0 (streams=[stream_US43EGOIN7G]).
[008:731][329227] (sdp_offer_answer.cc:2412): Processing the addition of a remote track for MID=0.
[008:731][329227] (rtp_transceiver.cc:884): Changing transceiver (MID=0) current direction from <not set> to kSendRecv
[008:731][329227] (sdp_offer_answer.cc:2402): Processing the MSIDs for MID=1 (streams=[stream_US43EGOIN7G]).
[008:731][329227] (sdp_offer_answer.cc:2412): Processing the addition of a remote track for MID=1.
[008:731][329227] (rtp_transceiver.cc:884): Changing transceiver (MID=1) current direction from <not set> to kSendRecv
[008:731][329491] (webrtc_voice_engine.cc:2581): SetBaseMinimumPlayoutDelayMs() to 0 for recv stream with ssrc 1233186867
[008:731][329491] (webrtc_voice_engine.cc:2532): WRVMC::SetOutputVolume({ssrc=1233186867}, {volume=1.00})
[008:731][329491] (webrtc_voice_engine.cc:2542): WRVMC::SetOutputVolume => (stream with SSRC 1233186867 now uses volume 1.00)
[008:731][329491] (webrtc_video_engine.cc:3196): SetSink: ssrc:3992556228 (ptr)
[008:731][329227] (RTCLogging.mm:34): (RTCDtmfSender.mm:78 -[RTCDtmfSender initWithNativeDtmfSender:]): RTC_OBJC_TYPE(RTCDtmfSender)(0x152e88580): created DTMF sender: RTC_OBJC_TYPE(RTCDtmfSender) {
  remainingTones: 
  duration: 0.100000 sec
  interToneGap: 0.050000 sec
}
[008:731][329227] (RTCLogging.mm:34): (RTCRtpSender.mm:141 -[RTCRtpSender initWithFactory:nativeRtpSender:]): RTC_OBJC_TYPE(RTCRtpSender)(0x152555e60): created sender: RTC_OBJC_TYPE(RTCRtpSender) {
  senderId: audio_UTGMJUPAY7W
}
[008:731][329227] (RTCLogging.mm:34): (RTCRtpReceiver.mm:150 -[RTCRtpReceiver initWithFactory:nativeRtpReceiver:]): RTC_OBJC_TYPE(RTCRtpReceiver)(0x154bc0b70): created receiver: RTC_OBJC_TYPE(RTCRtpReceiver) {
  receiverId: a1913043-953b-4098-bea4-8ad8cdc851b4
}
[008:731][329227] (RTCLogging.mm:34): (RTCRtpTransceiver.mm:257 -[RTCRtpTransceiver initWithFactory:nativeRtpTransceiver:]): RTC_OBJC_TYPE(RTCRtpTransceiver)(0x154bc2760): created transceiver: RTC_OBJC_TYPE(RTCRtpTransceiver) {
  sender: RTC_OBJC_TYPE(RTCRtpSender) {
  senderId: audio_UTGMJUPAY7W
}
  receiver: RTC_OBJC_TYPE(RTCRtpReceiver) {
  receiverId: a1913043-953b-4098-bea4-8ad8cdc851b4
}
}
[008:731][329227] (RTCLogging.mm:34): (RTCRtpSender.mm:141 -[RTCRtpSender initWithFactory:nativeRtpSender:]): RTC_OBJC_TYPE(RTCRtpSender)(0x152555e60): created sender: RTC_OBJC_TYPE(RTCRtpSender) {
  senderId: video_UTGMJUPAY7W
}
[008:731][329227] (RTCLogging.mm:34): (RTCRtpReceiver.mm:150 -[RTCRtpReceiver initWithFactory:nativeRtpReceiver:]): RTC_OBJC_TYPE(RTCRtpReceiver)(0x154bc2e20): created receiver: RTC_OBJC_TYPE(RTCRtpReceiver) {
  receiverId: 8d71f2ff-1310-406f-8abf-a14a24debb9f
}
[008:731][329227] (RTCLogging.mm:34): (RTCRtpTransceiver.mm:257 -[RTCRtpTransceiver initWithFactory:nativeRtpTransceiver:]): RTC_OBJC_TYPE(RTCRtpTransceiver)(0x154bc2760): created transceiver: RTC_OBJC_TYPE(RTCRtpTransceiver) {
  sender: RTC_OBJC_TYPE(RTCRtpSender) {
  senderId: video_UTGMJUPAY7W
}
  receiver: RTC_OBJC_TYPE(RTCRtpReceiver) {
  receiverId: 8d71f2ff-1310-406f-8abf-a14a24debb9f
}
}
[008:731][329227] (sdp_offer_answer.cc:2334): SdpOfferAnswerHandler::check operation: answer
[008:732][329227] (sdp_offer_answer.cc:2346): SdpOfferAnswerHandler::operation->SignalCompletion before
[008:732][329227] (sdp_offer_answer.cc:2354): SdpOfferAnswerHandler::ApplyRemoteDescription done
[008:732][329227] (thread.cc:557): Message to signaling_thread 0x0x13297ae00 took 318ms to dispatch.
[008:732][329227] (sdp_offer_answer.cc:5580): UseCandidate: mid: 0 with candidate: Cand[:389877598:1:udp:2122197248:[2402:9d80:456:a046:899e:b0f2:51c6:b9fe]:50628:host::0:dTDZ::5:900:0]
[008:732][280503] (p2p_transport_channel.cc:1531): Channel[0|1|__: skip creating connection relay to host, port: TurnPort(Port[52480a00:0:1:0:relay:Net[pdp_ip0:100.81.44.x/32:Cellular:id=3]]-Remote[14.238.161.90:3478/udp], remote: Cand[:389877598:1:udp:2122197248:[2402:9d80:456:a046:899e:b0f2:51c6:b9fe]:50628:host::0:dTDZ:IJa4GaopXWUIdSwA47LT3H5y:5:900:0]
[008:732][280503] (p2p_transport_channel.cc:1531): Channel[0|1|__: skip creating connection relay to host, port: TurnPort(Port[52480000:0:1:0:relay:Net[pdp_ip0:100.81.44.x/32:Cellular:id=3]]-Remote[160.250.77.139:3478/udp], remote: Cand[:389877598:1:udp:2122197248:[2402:9d80:456:a046:899e:b0f2:51c6:b9fe]:50628:host::0:dTDZ:IJa4GaopXWUIdSwA47LT3H5y:5:900:0]
[008:732][280503] (p2p_transport_channel.cc:1531): Channel[0|1|__: skip creating connection relay to host, port: TurnPort(Port[52480500:0:1:0:relay:Net[pdp_ip0:100.81.44.x/32:Cellular:id=3]]-Remote[14.238.62.98:3478/udp], remote: Cand[:389877598:1:udp:2122197248:[2402:9d80:456:a046:899e:b0f2:51c6:b9fe]:50628:host::0:dTDZ:IJa4GaopXWUIdSwA47LT3H5y:5:900:0]
[008:732][280503] (p2p_transport_channel.cc:1495): CreateConnections: candidate: Cand[:389877598:1:udp:2122197248:[2402:9d80:456:a046:899e:b0f2:51c6:b9fe]:50628:host::0:dTDZ:IJa4GaopXWUIdSwA47LT3H5y:5:900:0], port_size: 3, created = 0 with no origin_port
[008:732][280503] (wrapping_active_ice_controller.cc:223): Not switching selected connection due to: new candidate pairs created from a new remote candidate
[008:732][329227] (sdp_offer_answer.cc:5580): UseCandidate: mid: 0 with candidate: Cand[:4184520843:1:udp:58540288:14.238.152.70:45069:relay:42.115.225.23:10208:dTDZ::4:900:0]
[008:732][280503] (turn_port.cc:798): TurnPort(Port[52480a00:0:1:0:relay:Net[pdp_ip0:100.81.44.x/32:Cellular:id=3]]-Remote[14.238.161.90:3478/udp]: CreateConnection with candidate: Cand[:4184520843:1:udp:58540288:14.238.152.70:45069:relay:42.115.225.23:10208:dTDZ:IJa4GaopXWUIdSwA47LT3H5y:4:900:0], state: 2, local_candidate_size: 1
[008:732][329227] (sdp_offer_answer.cc:5580): UseCandidate: mid: 0 with candidate: Cand[:2131031749:1:udp:58540288:160.250.77.139:37348:relay:42.1.100.34:5351:dTDZ::4:900:0]
[008:732][280503] (connection.cc:269): Conn[47485800:0:Net[pdp_ip0:100.81.44.x/32:Cellular:id=3]:5Lvm4f+R:1:0:relay:udp:14.238.161.x:26858->2bCTpfuF:1:58540288:relay:udp:14.238.152.x:45069|C--W|-|0|0|-|251428622575766015|-][0 us][0 us]: Connection created
[008:732][329227] (sdp_offer_answer.cc:5580): UseCandidate: mid: 0 with candidate: Cand[:2131031749:1:udp:58672896:160.250.77.139:33849:relay:42.118.92.167:40322:dTDZ::1:10:0]
[008:732][329227] (sdp_offer_answer.cc:5580): UseCandidate: mid: 0 with candidate: Cand[:4184520843:1:udp:58674944:14.238.152.70:43559:relay:42.118.92.167:40322:dTDZ::1:10:0]
[008:732][280503] (turn_port.cc:2047): TurnPort(Port[52480a00:0:1:0:relay:Net[pdp_ip0:100.81.44.x/32:Cellular:id=3]]-Remote[14.238.161.90:3478/udp]: TURN create permission request sent, id=736653714836434e65497951 with address: 14.238.152.70:45069
[008:732][280503] (p2p_transport_channel.cc:1567): Channel[0|1|__: Created connection with origin: 2, total: 1
[008:732][280503] (turn_port.cc:798): TurnPort(Port[52480000:0:1:0:relay:Net[pdp_ip0:100.81.44.x/32:Cellular:id=3]]-Remote[160.250.77.139:3478/udp]: CreateConnection with candidate: Cand[:4184520843:1:udp:58540288:14.238.152.70:45069:relay:42.115.225.23:10208:dTDZ:IJa4GaopXWUIdSwA47LT3H5y:4:900:0], state: 2, local_candidate_size: 1
[008:732][280503] (connection.cc:269): Conn[47484c00:0:Net[pdp_ip0:100.81.44.x/32:Cellular:id=3]:WcSsaePS:1:0:relay:udp:160.250.77.x:56418->2bCTpfuF:1:58540288:relay:udp:14.238.152.x:45069|C--W|-|0|0|-|251428622575766527|-][0 us][0 us]: Connection created
[008:732][329227] (sdp_offer_answer.cc:5580): UseCandidate: mid: 0 with candidate: Cand[:2905498879:1:udp:58671872:58.186.3.44:60453:relay:42.118.92.167:40322:dTDZ::1:10:0]
[008:732][280503] (turn_port.cc:2047): TurnPort(Port[52480000:0:1:0:relay:Net[pdp_ip0:100.81.44.x/32:Cellular:id=3]]-Remote[160.250.77.139:3478/udp]: TURN create permission request sent, id=3866416a6c62627444677033 with address: 14.238.152.70:45069
[008:732][280503] (p2p_transport_channel.cc:1567): Channel[0|1|__: Created connection with origin: 2, total: 2
[008:732][280503] (turn_port.cc:798): TurnPort(Port[52480500:0:1:0:relay:Net[pdp_ip0:100.81.44.x/32:Cellular:id=3]]-Remote[14.238.62.98:3478/udp]: CreateConnection with candidate: Cand[:4184520843:1:udp:58540288:14.238.152.70:45069:relay:42.115.225.23:10208:dTDZ:IJa4GaopXWUIdSwA47LT3H5y:4:900:0], state: 2, local_candidate_size: 1
[008:732][280503] (connection.cc:269): Conn[47486400:0:Net[pdp_ip0:100.81.44.x/32:Cellular:id=3]:V1dUc03K:1:0:relay:udp:14.238.62.x:21355->2bCTpfuF:1:58540288:relay:udp:14.238.152.x:45069|C--W|-|0|0|-|251428622575770111|-][0 us][0 us]: Connection created
[008:732][280503] (turn_port.cc:2047): TurnPort(Port[52480500:0:1:0:relay:Net[pdp_ip0:100.81.44.x/32:Cellular:id=3]]-Remote[14.238.62.98:3478/udp]: TURN create permission request sent, id=43416871462f643064657373 with address: 14.238.152.70:45069
[008:732][280503] (p2p_transport_channel.cc:1567): Channel[0|1|__: Created connection with origin: 2, total: 3
[008:732][280503] (p2p_transport_channel.cc:1495): CreateConnections: candidate: Cand[:4184520843:1:udp:58540288:14.238.152.70:45069:relay:42.115.225.23:10208:dTDZ:IJa4GaopXWUIdSwA47LT3H5y:4:900:0], port_size: 3, created = 0 with no origin_port
[008:732][280503] (wrapping_active_ice_controller.cc:223): Not switching selected connection due to: new candidate pairs created from a new remote candidate
[008:732][329227] (sdp_offer_answer.cc:5580): UseCandidate: mid: 0 with candidate: Cand[:2905498879:1:udp:58540288:58.186.3.44:27363:relay:42.1.100.34:28583:dTDZ::4:900:0]
[008:732][280503] (p2p_transport_channel.cc:2027): Channel[0|1|__: Transport channel state changed from 0 to 1 with writable=0, receiving=0, iceCurrent=0, ice=1, conns=3, selected=0
[008:732][280503] (jsep_transport_controller.cc:1284): 0 Transport 1 state changed. Check if state is complete.
[008:732][329227] (peer_connection.cc:2054): Changing standardized IceConnectionState new => checking
[008:732][280503] (p2p_transport_channel.cc:1818): Channel[0|1|__: Have a pingable connection for the first time; starting to ping.
[008:732][280503] (turn_port.cc:798): TurnPort(Port[52480a00:0:1:0:relay:Net[pdp_ip0:100.81.44.x/32:Cellular:id=3]]-Remote[14.238.161.90:3478/udp]: CreateConnection with candidate: Cand[:2131031749:1:udp:58540288:160.250.77.139:37348:relay:42.1.100.34:5351:dTDZ:IJa4GaopXWUIdSwA47LT3H5y:4:900:0], state: 2, local_candidate_size: 1
[008:732][280503] (connection.cc:269): Conn[3ac00c00:0:Net[pdp_ip0:100.81.44.x/32:Cellular:id=3]:5Lvm4f+R:1:0:relay:udp:14.238.161.x:26858->DRXY/8+a:1:58540288:relay:udp:160.250.77.x:37348|C--W|-|0|0|-|251428622575766015|-][0 us][0 us]: Connection created
[008:732][280503] (turn_port.cc:2047): TurnPort(Port[52480a00:0:1:0:relay:Net[pdp_ip0:100.81.44.x/32:Cellular:id=3]]-Remote[14.238.161.90:3478/udp]: TURN create permission request sent, id=70766643795573546a31325a with address: 160.250.77.139:37348
[008:732][280503] (p2p_transport_channel.cc:1567): Channel[0|1|__: Created connection with origin: 2, total: 4
[008:732][280503] (turn_port.cc:798): TurnPort(Port[52480000:0:1:0:relay:Net[pdp_ip0:100.81.44.x/32:Cellular:id=3]]-Remote[160.250.77.139:3478/udp]: CreateConnection with candidate: Cand[:2131031749:1:udp:58540288:160.250.77.139:37348:relay:42.1.100.34:5351:dTDZ:IJa4GaopXWUIdSwA47LT3H5y:4:900:0], state: 2, local_candidate_size: 1
[008:732][280503] (connection.cc:269): Conn[32b98c00:0:Net[pdp_ip0:100.81.44.x/32:Cellular:id=3]:WcSsaePS:1:0:relay:udp:160.250.77.x:56418->DRXY/8+a:1:58540288:relay:udp:160.250.77.x:37348|C--W|-|0|0|-|251428622575766527|-][0 us][0 us]: Connection created
[008:733][280503] (turn_port.cc:2047): TurnPort(Port[52480000:0:1:0:relay:Net[pdp_ip0:100.81.44.x/32:Cellular:id=3]]-Remote[160.250.77.139:3478/udp]: TURN create permission request sent, id=3430574679614879715a2f72 with address: 160.250.77.139:37348
[008:733][280503] (p2p_transport_channel.cc:1567): Channel[0|1|__: Created connection with origin: 2, total: 5
[008:733][280503] (turn_port.cc:798): TurnPort(Port[52480500:0:1:0:relay:Net[pdp_ip0:100.81.44.x/32:Cellular:id=3]]-Remote[14.238.62.98:3478/udp]: CreateConnection with candidate: Cand[:2131031749:1:udp:58540288:160.250.77.139:37348:relay:42.1.100.34:5351:dTDZ:IJa4GaopXWUIdSwA47LT3H5y:4:900:0], state: 2, local_candidate_size: 1
[008:733][280503] (connection.cc:269): Conn[2192b000:0:Net[pdp_ip0:100.81.44.x/32:Cellular:id=3]:V1dUc03K:1:0:relay:udp:14.238.62.x:21355->DRXY/8+a:1:58540288:relay:udp:160.250.77.x:37348|C--W|-|0|0|-|251428622575770111|-][0 us][0 us]: Connection created
[008:733][280503] (turn_port.cc:2047): TurnPort(Port[52480500:0:1:0:relay:Net[pdp_ip0:100.81.44.x/32:Cellular:id=3]]-Remote[14.238.62.98:3478/udp]: TURN create permission request sent, id=624e34447463445953725241 with address: 160.250.77.139:37348
[008:733][280503] (p2p_transport_channel.cc:1567): Channel[0|1|__: Created connection with origin: 2, total: 6
[008:733][280503] (p2p_transport_channel.cc:1495): CreateConnections: candidate: Cand[:2131031749:1:udp:58540288:160.250.77.139:37348:relay:42.1.100.34:5351:dTDZ:IJa4GaopXWUIdSwA47LT3H5y:4:900:0], port_size: 3, created = 0 with no origin_port
[008:733][280503] (wrapping_active_ice_controller.cc:223): Not switching selected connection due to: new candidate pairs created from a new remote candidate
[008:733][280503] (turn_port.cc:798): TurnPort(Port[52480a00:0:1:0:relay:Net[pdp_ip0:100.81.44.x/32:Cellular:id=3]]-Remote[14.238.161.90:3478/udp]: CreateConnection with candidate: Cand[:2131031749:1:udp:58672896:160.250.77.139:33849:relay:42.118.92.167:40322:dTDZ:IJa4GaopXWUIdSwA47LT3H5y:1:10:0], state: 2, local_candidate_size: 1
[008:733][280503] (connection.cc:269): Conn[3ac1a400:0:Net[pdp_ip0:100.81.44.x/32:Cellular:id=3]:5Lvm4f+R:1:0:relay:udp:14.238.161.x:26858->8e91JizI:1:58672896:relay:udp:160.250.77.x:33849|C--W|-|0|0|-|251995966280732160|-][0 us][0 us]: Connection created
[008:733][280503] (turn_port.cc:2047): TurnPort(Port[52480a00:0:1:0:relay:Net[pdp_ip0:100.81.44.x/32:Cellular:id=3]]-Remote[14.238.161.90:3478/udp]: TURN create permission request sent, id=466e586d43574f512f612b6d with address: 160.250.77.139:33849
[008:733][280503] (p2p_transport_channel.cc:1567): Channel[0|1|__: Created connection with origin: 2, total: 7
[008:733][280503] (turn_port.cc:798): TurnPort(Port[52480000:0:1:0:relay:Net[pdp_ip0:100.81.44.x/32:Cellular:id=3]]-Remote[160.250.77.139:3478/udp]: CreateConnection with candidate: Cand[:2131031749:1:udp:58672896:160.250.77.139:33849:relay:42.118.92.167:40322:dTDZ:IJa4GaopXWUIdSwA47LT3H5y:1:10:0], state: 2, local_candidate_size: 1
[008:733][280503] (connection.cc:269): Conn[3ac19800:0:Net[pdp_ip0:100.81.44.x/32:Cellular:id=3]:WcSsaePS:1:0:relay:udp:160.250.77.x:56418->8e91JizI:1:58672896:relay:udp:160.250.77.x:33849|C--W|-|0|0|-|251997065792359936|-][0 us][0 us]: Connection created
[008:733][280503] (turn_port.cc:2047): TurnPort(Port[52480000:0:1:0:relay:Net[pdp_ip0:100.81.44.x/32:Cellular:id=3]]-Remote[160.250.77.139:3478/udp]: TURN create permission request sent, id=57426d563550474a6f4a3378 with address: 160.250.77.139:33849
[008:733][280503] (p2p_transport_channel.cc:1567): Channel[0|1|__: Created connection with origin: 2, total: 8
[008:733][280503] (turn_port.cc:798): TurnPort(Port[52480500:0:1:0:relay:Net[pdp_ip0:100.81.44.x/32:Cellular:id=3]]-Remote[14.238.62.98:3478/udp]: CreateConnection with candidate: Cand[:2131031749:1:udp:58672896:160.250.77.139:33849:relay:42.118.92.167:40322:dTDZ:IJa4GaopXWUIdSwA47LT3H5y:1:10:0], state: 2, local_candidate_size: 1
[008:733][280503] (connection.cc:269): Conn[53aa1800:0:Net[pdp_ip0:100.81.44.x/32:Cellular:id=3]:V1dUc03K:1:0:relay:udp:14.238.62.x:21355->8e91JizI:1:58672896:relay:udp:160.250.77.x:33849|C--W|-|0|0|-|251998169598958079|-][0 us][0 us]: Connection created
[008:733][280503] (turn_port.cc:2047): TurnPort(Port[52480500:0:1:0:relay:Net[pdp_ip0:100.81.44.x/32:Cellular:id=3]]-Remote[14.238.62.98:3478/udp]: TURN create permission request sent, id=61314f32444d416d6a527635 with address: 160.250.77.139:33849
[008:733][280503] (p2p_transport_channel.cc:1567): Channel[0|1|__: Created connection with origin: 2, total: 9
[008:733][280503] (p2p_transport_channel.cc:1495): CreateConnections: candidate: Cand[:2131031749:1:udp:58672896:160.250.77.139:33849:relay:42.118.92.167:40322:dTDZ:IJa4GaopXWUIdSwA47LT3H5y:1:10:0], port_size: 3, created = 0 with no origin_port
[008:733][280503] (wrapping_active_ice_controller.cc:223): Not switching selected connection due to: new candidate pairs created from a new remote candidate
[008:733][280503] (turn_port.cc:798): TurnPort(Port[52480a00:0:1:0:relay:Net[pdp_ip0:100.81.44.x/32:Cellular:id=3]]-Remote[14.238.161.90:3478/udp]: CreateConnection with candidate: Cand[:4184520843:1:udp:58674944:14.238.152.70:43559:relay:42.118.92.167:40322:dTDZ:IJa4GaopXWUIdSwA47LT3H5y:1:10:0], state: 2, local_candidate_size: 1
[008:733][280503] (connection.cc:269): Conn[53aa0000:0:Net[pdp_ip0:100.81.44.x/32:Cellular:id=3]:5Lvm4f+R:1:0:relay:udp:14.238.161.x:26858->u4zQDfFM:1:58674944:relay:udp:14.238.152.x:43559|C--W|-|0|0|-|251995966280736256|-][0 us][0 us]: Connection created
[008:733][280503] (turn_port.cc:2047): TurnPort(Port[52480a00:0:1:0:relay:Net[pdp_ip0:100.81.44.x/32:Cellular:id=3]]-Remote[14.238.161.90:3478/udp]: TURN create permission request sent, id=70566265565075524569706f with address: 14.238.152.70:43559
[008:733][280503] (p2p_transport_channel.cc:1567): Channel[0|1|__: Created connection with origin: 2, total: 10
[008:733][280503] (turn_port.cc:798): TurnPort(Port[52480000:0:1:0:relay:Net[pdp_ip0:100.81.44.x/32:Cellular:id=3]]-Remote[160.250.77.139:3478/udp]: CreateConnection with candidate: Cand[:4184520843:1:udp:58674944:14.238.152.70:43559:relay:42.118.92.167:40322:dTDZ:IJa4GaopXWUIdSwA47LT3H5y:1:10:0], state: 2, local_candidate_size: 1
[008:733][280503] (connection.cc:269): Conn[35224c00:0:Net[pdp_ip0:100.81.44.x/32:Cellular:id=3]:WcSsaePS:1:0:relay:udp:160.250.77.x:56418->u4zQDfFM:1:58674944:relay:udp:14.238.152.x:43559|C--W|-|0|0|-|251997065792364032|-][0 us][0 us]: Connection created
[008:733][280503] (turn_port.cc:2047): TurnPort(Port[52480000:0:1:0:relay:Net[pdp_ip0:100.81.44.x/32:Cellular:id=3]]-Remote[160.250.77.139:3478/udp]: TURN create permission request sent, id=654266317253516c746a6375 with address: 14.238.152.70:43559
[008:733][280503] (p2p_transport_channel.cc:1567): Channel[0|1|__: Created connection with origin: 2, total: 11
[008:733][280503] (turn_port.cc:798): TurnPort(Port[52480500:0:1:0:relay:Net[pdp_ip0:100.81.44.x/32:Cellular:id=3]]-Remote[14.238.62.98:3478/udp]: CreateConnection with candidate: Cand[:4184520843:1:udp:58674944:14.238.152.70:43559:relay:42.118.92.167:40322:dTDZ:IJa4GaopXWUIdSwA47LT3H5y:1:10:0], state: 2, local_candidate_size: 1
[008:733][280503] (connection.cc:269): Conn[35227000:0:Net[pdp_ip0:100.81.44.x/32:Cellular:id=3]:V1dUc03K:1:0:relay:udp:14.238.62.x:21355->u4zQDfFM:1:58674944:relay:udp:14.238.152.x:43559|C--W|-|0|0|-|252004762373758464|-][0 us][0 us]: Connection created
[008:733][280503] (turn_port.cc:2047): TurnPort(Port[52480500:0:1:0:relay:Net[pdp_ip0:100.81.44.x/32:Cellular:id=3]]-Remote[14.238.62.98:3478/udp]: TURN create permission request sent, id=4d632b6359455a48547a3566 with address: 14.238.152.70:43559
[008:733][280503] (p2p_transport_channel.cc:1567): Channel[0|1|__: Created connection with origin: 2, total: 12
[008:733][280503] (p2p_transport_channel.cc:1495): CreateConnections: candidate: Cand[:4184520843:1:udp:58674944:14.238.152.70:43559:relay:42.118.92.167:40322:dTDZ:IJa4GaopXWUIdSwA47LT3H5y:1:10:0], port_size: 3, created = 0 with no origin_port
[008:733][280503] (wrapping_active_ice_controller.cc:223): Not switching selected connection due to: new candidate pairs created from a new remote candidate
[008:733][280503] (turn_port.cc:798): TurnPort(Port[52480a00:0:1:0:relay:Net[pdp_ip0:100.81.44.x/32:Cellular:id=3]]-Remote[14.238.161.90:3478/udp]: CreateConnection with candidate: Cand[:2905498879:1:udp:58671872:58.186.3.44:60453:relay:42.118.92.167:40322:dTDZ:IJa4GaopXWUIdSwA47LT3H5y:1:10:0], state: 2, local_candidate_size: 1
[008:733][280503] (connection.cc:269): Conn[35226400:0:Net[pdp_ip0:100.81.44.x/32:Cellular:id=3]:5Lvm4f+R:1:0:relay:udp:14.238.161.x:26858->8IJaqXHY:1:58671872:relay:udp:58.186.3.x:60453|C--W|-|0|0|-|251993771552442879|-][0 us][0 us]: Connection created
[008:733][280503] (turn_port.cc:2047): TurnPort(Port[52480a00:0:1:0:relay:Net[pdp_ip0:100.81.44.x/32:Cellular:id=3]]-Remote[14.238.161.90:3478/udp]: TURN create permission request sent, id=686e73776646715434374c49 with address: 58.186.3.44:60453
[008:733][280503] (p2p_transport_channel.cc:1567): Channel[0|1|__: Created connection with origin: 2, total: 13
[008:733][280503] (turn_port.cc:798): TurnPort(Port[52480000:0:1:0:relay:Net[pdp_ip0:100.81.44.x/32:Cellular:id=3]]-Remote[160.250.77.139:3478/udp]: CreateConnection with candidate: Cand[:2905498879:1:udp:58671872:58.186.3.44:60453:relay:42.118.92.167:40322:dTDZ:IJa4GaopXWUIdSwA47LT3H5y:1:10:0], state: 2, local_candidate_size: 1
[008:733][280503] (connection.cc:269): Conn[35224000:0:Net[pdp_ip0:100.81.44.x/32:Cellular:id=3]:WcSsaePS:1:0:relay:udp:160.250.77.x:56418->8IJaqXHY:1:58671872:relay:udp:58.186.3.x:60453|C--W|-|0|0|-|251993771552443391|-][0 us][0 us]: Connection created
[008:733][280503] (turn_port.cc:2047): TurnPort(Port[52480000:0:1:0:relay:Net[pdp_ip0:100.81.44.x/32:Cellular:id=3]]-Remote[160.250.77.139:3478/udp]: TURN create permission request sent, id=394c3162734d453143583535 with address: 58.186.3.44:60453
[008:733][280503] (p2p_transport_channel.cc:1567): Channel[0|1|__: Created connection with origin: 2, total: 14
[008:733][280503] (turn_port.cc:798): TurnPort(Port[52480500:0:1:0:relay:Net[pdp_ip0:100.81.44.x/32:Cellular:id=3]]-Remote[14.238.62.98:3478/udp]: CreateConnection with candidate: Cand[:2905498879:1:udp:58671872:58.186.3.44:60453:relay:42.118.92.167:40322:dTDZ:IJa4GaopXWUIdSwA47LT3H5y:1:10:0], state: 2, local_candidate_size: 1
[008:733][280503] (connection.cc:269): Conn[36eaf000:0:Net[pdp_ip0:100.81.44.x/32:Cellular:id=3]:V1dUc03K:1:0:relay:udp:14.238.62.x:21355->8IJaqXHY:1:58671872:relay:udp:58.186.3.x:60453|C--W|-|0|0|-|251993771552446975|-][0 us][0 us]: Connection created
[008:733][280503] (turn_port.cc:2047): TurnPort(Port[52480500:0:1:0:relay:Net[pdp_ip0:100.81.44.x/32:Cellular:id=3]]-Remote[14.238.62.98:3478/udp]: TURN create permission request sent, id=5752637630564f4a796f7531 with address: 58.186.3.44:60453
[008:733][280503] (p2p_transport_channel.cc:1567): Channel[0|1|__: Created connection with origin: 2, total: 15
[008:733][280503] (p2p_transport_channel.cc:1495): CreateConnections: candidate: Cand[:2905498879:1:udp:58671872:58.186.3.44:60453:relay:42.118.92.167:40322:dTDZ:IJa4GaopXWUIdSwA47LT3H5y:1:10:0], port_size: 3, created = 0 with no origin_port
[008:733][280503] (wrapping_active_ice_controller.cc:223): Not switching selected connection due to: new candidate pairs created from a new remote candidate
[008:733][280503] (turn_port.cc:798): TurnPort(Port[52480a00:0:1:0:relay:Net[pdp_ip0:100.81.44.x/32:Cellular:id=3]]-Remote[14.238.161.90:3478/udp]: CreateConnection with candidate: Cand[:2905498879:1:udp:58540288:58.186.3.44:27363:relay:42.1.100.34:28583:dTDZ:IJa4GaopXWUIdSwA47LT3H5y:4:900:0], state: 2, local_candidate_size: 1
[008:733][280503] (connection.cc:269): Conn[53a8e400:0:Net[pdp_ip0:100.81.44.x/32:Cellular:id=3]:5Lvm4f+R:1:0:relay:udp:14.238.161.x:26858->5n/jsvBp:1:58540288:relay:udp:58.186.3.x:27363|C--W|-|0|0|-|251428622575766015|-][0 us][0 us]: Connection created
[008:733][280503] (turn_port.cc:2047): TurnPort(Port[52480a00:0:1:0:relay:Net[pdp_ip0:100.81.44.x/32:Cellular:id=3]]-Remote[14.238.161.90:3478/udp]: TURN create permission request sent, id=71557666544c4564396c6658 with address: 58.186.3.44:27363
[008:733][280503] (p2p_transport_channel.cc:1567): Channel[0|1|__: Created connection with origin: 2, total: 16
[008:733][280503] (turn_port.cc:798): TurnPort(Port[52480000:0:1:0:relay:Net[pdp_ip0:100.81.44.x/32:Cellular:id=3]]-Remote[160.250.77.139:3478/udp]: CreateConnection with candidate: Cand[:2905498879:1:udp:58540288:58.186.3.44:27363:relay:42.1.100.34:28583:dTDZ:IJa4GaopXWUIdSwA47LT3H5y:4:900:0], state: 2, local_candidate_size: 1
[008:733][280503] (connection.cc:269): Conn[53a8cc00:0:Net[pdp_ip0:100.81.44.x/32:Cellular:id=3]:WcSsaePS:1:0:relay:udp:160.250.77.x:56418->5n/jsvBp:1:58540288:relay:udp:58.186.3.x:27363|C--W|-|0|0|-|251428622575766527|-][0 us][0 us]: Connection created
[008:733][280503] (turn_port.cc:2047): TurnPort(Port[52480000:0:1:0:relay:Net[pdp_ip0:100.81.44.x/32:Cellular:id=3]]-Remote[160.250.77.139:3478/udp]: TURN create permission request sent, id=55547955665075437962686b with address: 58.186.3.44:27363
[008:733][280503] (p2p_transport_channel.cc:1567): Channel[0|1|__: Created connection with origin: 2, total: 17
[008:733][280503] (turn_port.cc:798): TurnPort(Port[52480500:0:1:0:relay:Net[pdp_ip0:100.81.44.x/32:Cellular:id=3]]-Remote[14.238.62.98:3478/udp]: CreateConnection with candidate: Cand[:2905498879:1:udp:58540288:58.186.3.44:27363:relay:42.1.100.34:28583:dTDZ:IJa4GaopXWUIdSwA47LT3H5y:4:900:0], state: 2, local_candidate_size: 1
[008:733][280503] (connection.cc:269): Conn[53a8c000:0:Net[pdp_ip0:100.81.44.x/32:Cellular:id=3]:V1dUc03K:1:0:relay:udp:14.238.62.x:21355->5n/jsvBp:1:58540288:relay:udp:58.186.3.x:27363|C--W|-|0|0|-|251428622575770111|-][0 us][0 us]: Connection created
[008:733][280503] (turn_port.cc:2047): TurnPort(Port[52480500:0:1:0:relay:Net[pdp_ip0:100.81.44.x/32:Cellular:id=3]]-Remote[14.238.62.98:3478/udp]: TURN create permission request sent, id=75346d375779374f54367730 with address: 58.186.3.44:27363
[008:733][280503] (p2p_transport_channel.cc:1567): Channel[0|1|__: Created connection with origin: 2, total: 18
[008:733][280503] (p2p_transport_channel.cc:1495): CreateConnections: candidate: Cand[:2905498879:1:udp:58540288:58.186.3.44:27363:relay:42.1.100.34:28583:dTDZ:IJa4GaopXWUIdSwA47LT3H5y:4:900:0], port_size: 3, created = 0 with no origin_port
[008:733][280503] (wrapping_active_ice_controller.cc:223): Not switching selected connection due to: new candidate pairs created from a new remote candidate
[008:733][280503] (connection.cc:1824): Conn[35227000C--W|-|0|0|-|-]: Sent STUN BINDING request, id=566163467277674a43616845, use_candidate=0, nomination=0
[008:733][280503] (connection.cc:1824): Conn[53aa1800C--W|-|0|0|-|-]: Sent STUN BINDING request, id=6d696547707638735859584c, use_candidate=0, nomination=0
[008:734][280503] (connection.cc:1824): Conn[35224c00C--W|-|0|0|-|-]: Sent STUN BINDING request, id=416d374c65474e4b78495565, use_candidate=0, nomination=0
[008:734][280503] (connection.cc:1824): Conn[3ac19800C--W|-|0|0|-|-]: Sent STUN BINDING request, id=7659304c6846782b34435152, use_candidate=0, nomination=0
[008:734][280503] (connection.cc:1824): Conn[53aa0000C--W|-|0|0|-|-]: Sent STUN BINDING request, id=5357334f2b44694841646f67, use_candidate=0, nomination=0
[008:734][280503] (connection.cc:1824): Conn[3ac1a400C--W|-|0|0|-|-]: Sent STUN BINDING request, id=71396f617a50716464553366, use_candidate=0, nomination=0
[008:734][280503] (connection.cc:1824): Conn[36eaf000C--W|-|0|0|-|-]: Sent STUN BINDING request, id=67654f315a6d5245486b4d54, use_candidate=0, nomination=0
[008:734][280503] (connection.cc:1824): Conn[35224000C--W|-|0|0|-|-]: Sent STUN BINDING request, id=3972344f6c6a702b43357079, use_candidate=0, nomination=0
[008:734][280503] (connection.cc:1824): Conn[35226400C--W|-|0|0|-|-]: Sent STUN BINDING request, id=49444d38792b466477313772, use_candidate=0, nomination=0
[008:734][280503] (connection.cc:1824): Conn[2192b000C--W|-|0|0|-|-]: Sent STUN BINDING request, id=314447343836684d746d5456, use_candidate=0, nomination=0
[008:734][280503] (connection.cc:1824): Conn[53a8c000C--W|-|0|0|-|-]: Sent STUN BINDING request, id=6a525664307237662b39646e, use_candidate=0, nomination=0
[008:734][257051] (RTCLogging.mm:34): (audio_device_ios.mm:494 OnGetPlayoutData): Possible playout audio glitch detected.
  Time since last OnGetPlayoutData was 6675005 ms.

[008:734][257051] (RTCLogging.mm:34): (audio_device_ios.mm:503 OnGetPlayoutData): Glitch warning is ignored. Probably caused by device switch.
[008:734][257051] (audio_device_buffer.cc:347): Size of playout buffer: 480
[008:734][280503] (connection.cc:1824): Conn[47486400C--W|-|0|0|-|-]: Sent STUN BINDING request, id=6c772b344d6630516f524b6f, use_candidate=0, nomination=0
[008:735][280503] (connection.cc:1824): Conn[32b98c00C--W|-|0|0|-|-]: Sent STUN BINDING request, id=525866443244666a41695179, use_candidate=0, nomination=0
[008:735][280503] (connection.cc:1824): Conn[53a8cc00C--W|-|0|0|-|-]: Sent STUN BINDING request, id=363344385858566750493036, use_candidate=0, nomination=0
[008:735][280503] (connection.cc:1824): Conn[47484c00C--W|-|0|0|-|-]: Sent STUN BINDING request, id=7067374f4c7a6d6565507739, use_candidate=0, nomination=0
[008:735][280503] (connection.cc:1824): Conn[3ac00c00C--W|-|0|0|-|-]: Sent STUN BINDING request, id=5a4f5751574f68776e672f38, use_candidate=0, nomination=0
[008:735][280503] (connection.cc:1824): Conn[53a8e400C--W|-|0|0|-|-]: Sent STUN BINDING request, id=73396b59596c307a52436b59, use_candidate=0, nomination=0
[008:735][280503] (connection.cc:1824): Conn[47485800C--W|-|0|0|-|-]: Sent STUN BINDING request, id=2b32636c48466b4152654650, use_candidate=0, nomination=0
[008:739][234703] (video_stream_encoder.cc:1962): Video frame parameters changed: dimensions=720x404, texture=1.
[008:739][234703] (video_stream_encoder.cc:1074): [VSE] ReconfigureEncoder [encoder_config={codec_type: H265, content_type: kRealtimeVideo, frame_drop_enabled: 1, encoder_specific_settings: NULL, min_transmit_bitrate_bps: 0, number_of_streams: 1, legacy_conference_mode: 0, is_quality_scaling_allowed: 1, max_qp: -1, simulcast_layers[0]: {width: 0, height: 0, max_framerate: 20, min_bitrate_bps:300000, target_bitrate_bps:-1, max_bitrate_bps:900000, max_qp: -1, num_temporal_layers: 1, bitrate_priority: 0, active: 1, scale_down_by: 1}}]
[008:739][234703] (video_stream_encoder.cc:1335): [VSE] ReconfigureEncoder: simulcast streams: {0: 720x404 L1T1, min_kbps: 300, target_kbps: 900, max_kbps: 900, max_fps: 20, max_qp: 51, num_tl: 1, active: true}, spatial layers: {0: 720x404, min_kbps: 300, target_kbps: 900, max_kbps: 900, max_fps: 20, max_qp: 0, num_tl: 1, active: true}
[008:754][234703] (resource_adaptation_processor.cc:128): Registered resource "EncoderUsageResource".
[008:754][234703] (resource_adaptation_processor.cc:128): Registered resource "BandwidthQualityScalerResource".
[008:768][280503] (turn_port.cc:2055): TurnPort(Port[52480500:0:1:0:relay:Net[pdp_ip0:100.81.44.x/32:Cellular:id=3]]-Remote[14.238.62.98:3478/udp]: TURN permission requested successfully, id=43416871462f643064657373, code=0, rtt=35128 us
[008:768][280503] (turn_port.cc:2271): TurnEntry(538b1a40:0:TurnPort(Port[52480500:0:1:0:relay:Net[pdp_ip0:100.81.44.x/32:Cellular:id=3]]-Remote[14.238.62.98:3478/udp][Ext:14.238.152.x:45069][Conn(1)[47486400]]): Create permission for 14.238.152.x:45069 succeeded
[008:768][280503] (connection.cc:439): Conn[47486400:0:Net[pdp_ip0:100.81.44.x/32:Cellular:id=3]:V1dUc03K:1:0:relay:udp:14.238.62.x:21355->2bCTpfuF:1:58540288:relay:udp:14.238.152.x:45069|C--I|-|0|0|p|251428622575770111|-][6675004359 us][0 us]: SetTurnPermissioned
[008:768][280503] (connection.cc:1824): Conn[47486400C--I|-|0|0|p|-]: Sent STUN BINDING request, id=6d716a68714f386556327534, use_candidate=0, nomination=0
[008:769][280503] (turn_port.cc:2055): TurnPort(Port[52480500:0:1:0:relay:Net[pdp_ip0:100.81.44.x/32:Cellular:id=3]]-Remote[14.238.62.98:3478/udp]: TURN permission requested successfully, id=624e34447463445953725241, code=0, rtt=36758 us
[008:769][280503] (turn_port.cc:2271): TurnEntry(538b0e60:0:TurnPort(Port[52480500:0:1:0:relay:Net[pdp_ip0:100.81.44.x/32:Cellular:id=3]]-Remote[14.238.62.98:3478/udp][Ext:160.250.77.x:37348][Conn(1)[2192b000]]): Create permission for 160.250.77.x:37348 succeeded
[008:769][280503] (connection.cc:439): Conn[2192b000:0:Net[pdp_ip0:100.81.44.x/32:Cellular:id=3]:V1dUc03K:1:0:relay:udp:14.238.62.x:21355->DRXY/8+a:1:58540288:relay:udp:160.250.77.x:37348|C--I|-|0|0|p|251428622575770111|-][6675004321 us][0 us]: SetTurnPermissioned
[008:769][280503] (connection.cc:1824): Conn[2192b000C--I|-|0|0|p|-]: Sent STUN BINDING request, id=4a424b55696f694c47736964, use_candidate=0, nomination=0
[008:769][280503] (turn_port.cc:2055): TurnPort(Port[52480500:0:1:0:relay:Net[pdp_ip0:100.81.44.x/32:Cellular:id=3]]-Remote[14.238.62.98:3478/udp]: TURN permission requested successfully, id=61314f32444d416d6a527635, code=0, rtt=36637 us
[008:769][280503] (turn_port.cc:2271): TurnEntry(538b1540:0:TurnPort(Port[52480500:0:1:0:relay:Net[pdp_ip0:100.81.44.x/32:Cellular:id=3]]-Remote[14.238.62.98:3478/udp][Ext:160.250.77.x:33849][Conn(1)[53aa1800]]): Create permission for 160.250.77.x:33849 succeeded
[008:769][280503] (connection.cc:439): Conn[53aa1800:0:Net[pdp_ip0:100.81.44.x/32:Cellular:id=3]:V1dUc03K:1:0:relay:udp:14.238.62.x:21355->8e91JizI:1:58672896:relay:udp:160.250.77.x:33849|C--I|-|0|0|p|251998169598958079|-][6675003979 us][0 us]: SetTurnPermissioned
[008:769][280503] (connection.cc:1824): Conn[53aa1800C--I|-|0|0|p|-]: Sent STUN BINDING request, id=49706b4676626b4264684478, use_candidate=0, nomination=0
[008:769][280503] (turn_port.cc:2055): TurnPort(Port[52480500:0:1:0:relay:Net[pdp_ip0:100.81.44.x/32:Cellular:id=3]]-Remote[14.238.62.98:3478/udp]: TURN permission requested successfully, id=4d632b6359455a48547a3566, code=0, rtt=36502 us
[008:769][280503] (turn_port.cc:2271): TurnEntry(538b3700:0:TurnPort(Port[52480500:0:1:0:relay:Net[pdp_ip0:100.81.44.x/32:Cellular:id=3]]-Remote[14.238.62.98:3478/udp][Ext:14.238.152.x:43559][Conn(1)[35227000]]): Create permission for 14.238.152.x:43559 succeeded
[008:769][280503] (connection.cc:439): Conn[35227000:0:Net[pdp_ip0:100.81.44.x/32:Cellular:id=3]:V1dUc03K:1:0:relay:udp:14.238.62.x:21355->u4zQDfFM:1:58674944:relay:udp:14.238.152.x:43559|C--I|-|0|0|p|252004762373758464|-][6675003957 us][0 us]: SetTurnPermissioned
[008:769][280503] (connection.cc:1824): Conn[35227000C--I|-|0|0|p|-]: Sent STUN BINDING request, id=64736e7a59525a7556776574, use_candidate=0, nomination=0
[008:775][280503] (turn_port.cc:2055): TurnPort(Port[52480500:0:1:0:relay:Net[pdp_ip0:100.81.44.x/32:Cellular:id=3]]-Remote[14.238.62.98:3478/udp]: TURN permission requested successfully, id=5752637630564f4a796f7531, code=0, rtt=41632 us
[008:775][280503] (turn_port.cc:2271): TurnEntry(459c8aa0:0:TurnPort(Port[52480500:0:1:0:relay:Net[pdp_ip0:100.81.44.x/32:Cellular:id=3]]-Remote[14.238.62.98:3478/udp][Ext:58.186.3.x:60453][Conn(1)[36eaf000]]): Create permission for 58.186.3.x:60453 succeeded
[008:775][280503] (connection.cc:439): Conn[36eaf000:0:Net[pdp_ip0:100.81.44.x/32:Cellular:id=3]:V1dUc03K:1:0:relay:udp:14.238.62.x:21355->8IJaqXHY:1:58671872:relay:udp:58.186.3.x:60453|C--I|-|0|0|p|251993771552446975|-][6675004140 us][0 us]: SetTurnPermissioned
[008:775][280503] (connection.cc:1824): Conn[36eaf000C--I|-|0|0|p|-]: Sent STUN BINDING request, id=565442736a72774d37654131, use_candidate=0, nomination=0
[008:775][280503] (turn_port.cc:2055): TurnPort(Port[52480500:0:1:0:relay:Net[pdp_ip0:100.81.44.x/32:Cellular:id=3]]-Remote[14.238.62.98:3478/udp]: TURN permission requested successfully, id=75346d375779374f54367730, code=0, rtt=41580 us
[008:775][280503] (turn_port.cc:2271): TurnEntry(150f05a0:0:TurnPort(Port[52480500:0:1:0:relay:Net[pdp_ip0:100.81.44.x/32:Cellular:id=3]]-Remote[14.238.62.98:3478/udp][Ext:58.186.3.x:27363][Conn(1)[53a8c000]]): Create permission for 58.186.3.x:27363 succeeded
[008:775][280503] (connection.cc:439): Conn[53a8c000:0:Net[pdp_ip0:100.81.44.x/32:Cellular:id=3]:V1dUc03K:1:0:relay:udp:14.238.62.x:21355->5n/jsvBp:1:58540288:relay:udp:58.186.3.x:27363|C--I|-|0|0|p|251428622575770111|-][6675004343 us][0 us]: SetTurnPermissioned
[008:775][280503] (connection.cc:1824): Conn[53a8c000C--I|-|0|0|p|-]: Sent STUN BINDING request, id=6e584754787a654565696554, use_candidate=0, nomination=0
[008:780][280503] (turn_port.cc:2055): TurnPort(Port[52480000:0:1:0:relay:Net[pdp_ip0:100.81.44.x/32:Cellular:id=3]]-Remote[160.250.77.139:3478/udp]: TURN permission requested successfully, id=3866416a6c62627444677033, code=0, rtt=47863 us
[008:780][280503] (turn_port.cc:2271): TurnEntry(538b12c0:0:TurnPort(Port[52480000:0:1:0:relay:Net[pdp_ip0:100.81.44.x/32:Cellular:id=3]]-Remote[160.250.77.139:3478/udp][Ext:14.238.152.x:45069][Conn(1)[47484c00]]): Create permission for 14.238.152.x:45069 succeeded
[008:780][280503] (connection.cc:439): Conn[47484c00:0:Net[pdp_ip0:100.81.44.x/32:Cellular:id=3]:WcSsaePS:1:0:relay:udp:160.250.77.x:56418->2bCTpfuF:1:58540288:relay:udp:14.238.152.x:45069|C--I|-|0|0|p|251428622575766527|-][6675005031 us][0 us]: SetTurnPermissioned
[008:780][280503] (connection.cc:1824): Conn[47484c00C--I|-|0|0|p|-]: Sent STUN BINDING request, id=7830756655516b7750717068, use_candidate=0, nomination=0
[008:780][280503] (turn_port.cc:2055): TurnPort(Port[52480000:0:1:0:relay:Net[pdp_ip0:100.81.44.x/32:Cellular:id=3]]-Remote[160.250.77.139:3478/udp]: TURN permission requested successfully, id=3430574679614879715a2f72, code=0, rtt=47995 us
[008:781][280503] (turn_port.cc:2271): TurnEntry(538b03c0:0:TurnPort(Port[52480000:0:1:0:relay:Net[pdp_ip0:100.81.44.x/32:Cellular:id=3]]-Remote[160.250.77.139:3478/udp][Ext:160.250.77.x:37348][Conn(1)[32b98c00]]): Create permission for 160.250.77.x:37348 succeeded
[008:781][280503] (connection.cc:439): Conn[32b98c00:0:Net[pdp_ip0:100.81.44.x/32:Cellular:id=3]:WcSsaePS:1:0:relay:udp:160.250.77.x:56418->DRXY/8+a:1:58540288:relay:udp:160.250.77.x:37348|C--I|-|0|0|p|251428622575766527|-][6675004991 us][0 us]: SetTurnPermissioned
[008:781][280503] (connection.cc:1824): Conn[32b98c00C--I|-|0|0|p|-]: Sent STUN BINDING request, id=346162452f626c632f33656f, use_candidate=0, nomination=0
[008:781][280503] (turn_port.cc:2055): TurnPort(Port[52480000:0:1:0:relay:Net[pdp_ip0:100.81.44.x/32:Cellular:id=3]]-Remote[160.250.77.139:3478/udp]: TURN permission requested successfully, id=57426d563550474a6f4a3378, code=0, rtt=47879 us
[008:781][280503] (turn_port.cc:2271): TurnEntry(538b2d00:0:TurnPort(Port[52480000:0:1:0:relay:Net[pdp_ip0:100.81.44.x/32:Cellular:id=3]]-Remote[160.250.77.139:3478/udp][Ext:160.250.77.x:33849][Conn(1)[3ac19800]]): Create permission for 160.250.77.x:33849 succeeded
[008:781][280503] (connection.cc:439): Conn[3ac19800:0:Net[pdp_ip0:100.81.44.x/32:Cellular:id=3]:WcSsaePS:1:0:relay:udp:160.250.77.x:56418->8e91JizI:1:58672896:relay:udp:160.250.77.x:33849|C--I|-|0|0|p|251997065792359936|-][6675004014 us][0 us]: SetTurnPermissioned
[008:781][280503] (connection.cc:1824): Conn[3ac19800C--I|-|0|0|p|-]: Sent STUN BINDING request, id=564278584964434f4b353331, use_candidate=0, nomination=0
[008:781][280503] (turn_port.cc:2055): TurnPort(Port[52480000:0:1:0:relay:Net[pdp_ip0:100.81.44.x/32:Cellular:id=3]]-Remote[160.250.77.139:3478/udp]: TURN permission requested successfully, id=654266317253516c746a6375, code=0, rtt=47731 us
[008:781][280503] (turn_port.cc:2271): TurnEntry(538b14a0:0:TurnPort(Port[52480000:0:1:0:relay:Net[pdp_ip0:100.81.44.x/32:Cellular:id=3]]-Remote[160.250.77.139:3478/udp][Ext:14.238.152.x:43559][Conn(1)[35224c00]]): Create permission for 14.238.152.x:43559 succeeded
[008:781][280503] (connection.cc:439): Conn[35224c00:0:Net[pdp_ip0:100.81.44.x/32:Cellular:id=3]:WcSsaePS:1:0:relay:udp:160.250.77.x:56418->u4zQDfFM:1:58674944:relay:udp:14.238.152.x:43559|C--I|-|0|0|p|251997065792364032|-][6675003993 us][0 us]: SetTurnPermissioned
[008:781][280503] (connection.cc:1824): Conn[35224c00C--I|-|0|0|p|-]: Sent STUN BINDING request, id=703350737834452f2f4a4543, use_candidate=0, nomination=0
[008:781][280503] (turn_port.cc:2055): TurnPort(Port[52480000:0:1:0:relay:Net[pdp_ip0:100.81.44.x/32:Cellular:id=3]]-Remote[160.250.77.139:3478/udp]: TURN permission requested successfully, id=394c3162734d453143583535, code=0, rtt=47349 us
[008:781][280503] (turn_port.cc:2271): TurnEntry(151166c0:0:TurnPort(Port[52480000:0:1:0:relay:Net[pdp_ip0:100.81.44.x/32:Cellular:id=3]]-Remote[160.250.77.139:3478/udp][Ext:58.186.3.x:60453][Conn(1)[35224000]]): Create permission for 58.186.3.x:60453 succeeded
[008:781][280503] (connection.cc:439): Conn[35224000:0:Net[pdp_ip0:100.81.44.x/32:Cellular:id=3]:WcSsaePS:1:0:relay:udp:160.250.77.x:56418->8IJaqXHY:1:58671872:relay:udp:58.186.3.x:60453|C--I|-|0|0|p|251993771552443391|-][6675004216 us][0 us]: SetTurnPermissioned
[008:781][280503] (connection.cc:1824): Conn[35224000C--I|-|0|0|p|-]: Sent STUN BINDING request, id=4e6b4e5a74666a69772f3878, use_candidate=0, nomination=0
[008:781][280503] (turn_port.cc:2055): TurnPort(Port[52480000:0:1:0:relay:Net[pdp_ip0:100.81.44.x/32:Cellular:id=3]]-Remote[160.250.77.139:3478/udp]: TURN permission requested successfully, id=55547955665075437962686b, code=0, rtt=47254 us
[008:781][280503] (turn_port.cc:2271): TurnEntry(150f0640:0:TurnPort(Port[52480000:0:1:0:relay:Net[pdp_ip0:100.81.44.x/32:Cellular:id=3]]-Remote[160.250.77.139:3478/udp][Ext:58.186.3.x:27363][Conn(1)[53a8cc00]]): Create permission for 58.186.3.x:27363 succeeded
[008:781][280503] (connection.cc:439): Conn[53a8cc00:0:Net[pdp_ip0:100.81.44.x/32:Cellular:id=3]:WcSsaePS:1:0:relay:udp:160.250.77.x:56418->5n/jsvBp:1:58540288:relay:udp:58.186.3.x:27363|C--I|-|0|0|p|251428622575766527|-][6675005019 us][0 us]: SetTurnPermissioned
[008:781][280503] (connection.cc:1824): Conn[53a8cc00C--I|-|0|0|p|-]: Sent STUN BINDING request, id=692f38547a706d4b73374c45, use_candidate=0, nomination=0
[008:781][280503] (turn_port.cc:2055): TurnPort(Port[52480a00:0:1:0:relay:Net[pdp_ip0:100.81.44.x/32:Cellular:id=3]]-Remote[14.238.161.90:3478/udp]: TURN permission requested successfully, id=736653714836434e65497951, code=0, rtt=48528 us
[008:781][280503] (turn_port.cc:2271): TurnEntry(538b2440:0:TurnPort(Port[52480a00:0:1:0:relay:Net[pdp_ip0:100.81.44.x/32:Cellular:id=3]]-Remote[14.238.161.90:3478/udp][Ext:14.238.152.x:45069][Conn(1)[47485800]]): Create permission for 14.238.152.x:45069 succeeded
[008:781][280503] (connection.cc:439): Conn[47485800:0:Net[pdp_ip0:100.81.44.x/32:Cellular:id=3]:5Lvm4f+R:1:0:relay:udp:14.238.161.x:26858->2bCTpfuF:1:58540288:relay:udp:14.238.152.x:45069|C--I|-|0|0|p|251428622575766015|-][6675005203 us][0 us]: SetTurnPermissioned
[008:781][280503] (connection.cc:1824): Conn[47485800C--I|-|0|0|p|-]: Sent STUN BINDING request, id=4a714c304778554a744a4e38, use_candidate=0, nomination=0
[008:781][280503] (turn_port.cc:2055): TurnPort(Port[52480a00:0:1:0:relay:Net[pdp_ip0:100.81.44.x/32:Cellular:id=3]]-Remote[14.238.161.90:3478/udp]: TURN permission requested successfully, id=70766643795573546a31325a, code=0, rtt=48202 us
[008:781][280503] (turn_port.cc:2271): TurnEntry(538b2580:0:TurnPort(Port[52480a00:0:1:0:relay:Net[pdp_ip0:100.81.44.x/32:Cellular:id=3]]-Remote[14.238.161.90:3478/udp][Ext:160.250.77.x:37348][Conn(1)[3ac00c00]]): Create permission for 160.250.77.x:37348 succeeded
[008:781][280503] (connection.cc:439): Conn[3ac00c00:0:Net[pdp_ip0:100.81.44.x/32:Cellular:id=3]:5Lvm4f+R:1:0:relay:udp:14.238.161.x:26858->DRXY/8+a:1:58540288:relay:udp:160.250.77.x:37348|C--I|-|0|0|p|251428622575766015|-][6675005041 us][0 us]: SetTurnPermissioned
[008:781][280503] (connection.cc:1824): Conn[3ac00c00C--I|-|0|0|p|-]: Sent STUN BINDING request, id=524c4a7031507252375a4b47, use_candidate=0, nomination=0
[008:781][280503] (turn_port.cc:2055): TurnPort(Port[52480a00:0:1:0:relay:Net[pdp_ip0:100.81.44.x/32:Cellular:id=3]]-Remote[14.238.161.90:3478/udp]: TURN permission requested successfully, id=466e586d43574f512f612b6d, code=0, rtt=48074 us
[008:781][280503] (turn_port.cc:2271): TurnEntry(538b0820:0:TurnPort(Port[52480a00:0:1:0:relay:Net[pdp_ip0:100.81.44.x/32:Cellular:id=3]]-Remote[14.238.161.90:3478/udp][Ext:160.250.77.x:33849][Conn(1)[3ac1a400]]): Create permission for 160.250.77.x:33849 succeeded
[008:781][280503] (connection.cc:439): Conn[3ac1a400:0:Net[pdp_ip0:100.81.44.x/32:Cellular:id=3]:5Lvm4f+R:1:0:relay:udp:14.238.161.x:26858->8e91JizI:1:58672896:relay:udp:160.250.77.x:33849|C--I|-|0|0|p|251995966280732160|-][6675004117 us][0 us]: SetTurnPermissioned
[008:781][280503] (connection.cc:1824): Conn[3ac1a400C--I|-|0|0|p|-]: Sent STUN BINDING request, id=53326e674e535a4a656a4266, use_candidate=0, nomination=0
[008:781][280503] (turn_port.cc:2055): TurnPort(Port[52480a00:0:1:0:relay:Net[pdp_ip0:100.81.44.x/32:Cellular:id=3]]-Remote[14.238.161.90:3478/udp]: TURN permission requested successfully, id=70566265565075524569706f, code=0, rtt=47936 us
[008:781][280503] (turn_port.cc:2271): TurnEntry(538b38e0:0:TurnPort(Port[52480a00:0:1:0:relay:Net[pdp_ip0:100.81.44.x/32:Cellular:id=3]]-Remote[14.238.161.90:3478/udp][Ext:14.238.152.x:43559][Conn(1)[53aa0000]]): Create permission for 14.238.152.x:43559 succeeded
[008:781][280503] (connection.cc:439): Conn[53aa0000:0:Net[pdp_ip0:100.81.44.x/32:Cellular:id=3]:5Lvm4f+R:1:0:relay:udp:14.238.161.x:26858->u4zQDfFM:1:58674944:relay:udp:14.238.152.x:43559|C--I|-|0|0|p|251995966280736256|-][6675004096 us][0 us]: SetTurnPermissioned
[008:781][280503] (connection.cc:1824): Conn[53aa0000C--I|-|0|0|p|-]: Sent STUN BINDING request, id=4150667355706f332b386833, use_candidate=0, nomination=0
[008:786][280503] (turn_port.cc:2055): TurnPort(Port[52480a00:0:1:0:relay:Net[pdp_ip0:100.81.44.x/32:Cellular:id=3]]-Remote[14.238.161.90:3478/udp]: TURN permission requested successfully, id=686e73776646715434374c49, code=0, rtt=52690 us
[008:786][280503] (turn_port.cc:2271): TurnEntry(538b2e40:0:TurnPort(Port[52480a00:0:1:0:relay:Net[pdp_ip0:100.81.44.x/32:Cellular:id=3]]-Remote[14.238.161.90:3478/udp][Ext:58.186.3.x:60453][Conn(1)[35226400]]): Create permission for 58.186.3.x:60453 succeeded
[008:786][280503] (connection.cc:439): Conn[35226400:0:Net[pdp_ip0:100.81.44.x/32:Cellular:id=3]:5Lvm4f+R:1:0:relay:udp:14.238.161.x:26858->8IJaqXHY:1:58671872:relay:udp:58.186.3.x:60453|C--I|-|0|0|p|251993771552442879|-][6675004236 us][0 us]: SetTurnPermissioned
[008:786][280503] (connection.cc:1824): Conn[35226400C--I|-|0|0|p|-]: Sent STUN BINDING request, id=46462f437a74457a4e686b54, use_candidate=0, nomination=0
[008:786][280503] (turn_port.cc:2055): TurnPort(Port[52480a00:0:1:0:relay:Net[pdp_ip0:100.81.44.x/32:Cellular:id=3]]-Remote[14.238.161.90:3478/udp]: TURN permission requested successfully, id=71557666544c4564396c6658, code=0, rtt=52620 us
[008:786][280503] (turn_port.cc:2271): TurnEntry(150f0500:0:TurnPort(Port[52480a00:0:1:0:relay:Net[pdp_ip0:100.81.44.x/32:Cellular:id=3]]-Remote[14.238.161.90:3478/udp][Ext:58.186.3.x:27363][Conn(1)[53a8e400]]): Create permission for 58.186.3.x:27363 succeeded
[008:786][280503] (connection.cc:439): Conn[53a8e400:0:Net[pdp_ip0:100.81.44.x/32:Cellular:id=3]:5Lvm4f+R:1:0:relay:udp:14.238.161.x:26858->5n/jsvBp:1:58540288:relay:udp:58.186.3.x:27363|C--I|-|0|0|p|251428622575766015|-][6675005121 us][0 us]: SetTurnPermissioned
[008:786][280503] (connection.cc:1824): Conn[53a8e400C--I|-|0|0|p|-]: Sent STUN BINDING request, id=4a434559773244304a485878, use_candidate=0, nomination=0
[008:798][280503] (connection.cc:1702): Conn[35227000C--I|-|0|0|p|-]: Received STUN BINDING response, id=566163467277674a43616845, code=0, rtt=64576 us, pings_since_last_response=566163467277674a43616845 64736e7a59525a7556776574 
[008:798][280503] (connection.cc:407): Conn[35227000C--I|-|0|0|p|-]: set_receiving to 1
[008:798][280503] (connection.cc:380): Conn[35227000CRWI|-|0|0|p|-]: set_write_state from: 2 to 0
[008:798][280503] (connection.cc:1702): Conn[35224c00C--I|-|0|0|p|-]: Received STUN BINDING response, id=416d374c65474e4b78495565, code=0, rtt=64560 us, pings_since_last_response=416d374c65474e4b78495565 703350737834452f2f4a4543 
[008:798][280503] (connection.cc:407): Conn[35224c00C--I|-|0|0|p|-]: set_receiving to 1
[008:798][280503] (connection.cc:380): Conn[35224c00CRWI|-|0|0|p|-]: set_write_state from: 2 to 0
[008:798][280503] (wrapping_active_ice_controller.cc:216): Switching selected connection due to: first candidate pair selected with connect:Conn[35227000:0:Net[pdp_ip0:100.81.44.x/32:Cellular:id=3]:V1dUc03K:1:0:relay:udp:14.238.62.x:21355->u4zQDfFM:1:58674944:relay:udp:14.238.152.x:43559|CRWS|-|0|0|p|252004762373758464|65][6675039896 us][0 us]
[008:798][280503] (p2p_transport_channel.cc:1942): Channel[0|1|__: New selected connection: Conn[35227000:0:Net[pdp_ip0:100.81.44.x/32:Cellular:id=3]:V1dUc03K:1:0:relay:udp:14.238.62.x:21355->u4zQDfFM:1:58674944:relay:udp:14.238.152.x:43559|CRWS|S|0|0|p|252004762373758464|65][6675039896 us][0 us]
[008:798][280503] (channel.cc:392): Network route changed for {mid: 0, media_type: audio}
[008:798][280503] (channel.cc:392): Network route changed for {mid: 1, media_type: video}
[008:798][329491] (rtp_transport_controller_send.cc:370): Network route changed on transport 0: new_route = [ connected: 1 local: [ 4/3 Cellular turn: 1 ] remote: [ 2/1 Wifi turn: 1 ] packet_overhead_bytes: 28 ]
[008:798][280503] (dtls_transport.cc:814): DtlsTransport[0|1|__]: ice_transport writable state changed to 1 dtls_state: kNew
[008:798][280503] (dtls_transport.cc:1217): DtlsTransport[0|1|__]: configuring DTLS handshake timeout 130ms based on ICE RTT 65
[008:798][280503] (dtls_transport.cc:1067): DtlsTransport[0|1|__]: DtlsTransportInternalImpl: Start DTLS handshake active=1 role=server
[008:799][280503] (openssl_adapter.cc:811): TLS server start_accept
[008:799][280503] (openssl_adapter.cc:811): TLS server read_client_hello
[008:799][280503] (openssl_adapter.cc:811): TLS server read_client_hello
[008:799][280503] (srtp_transport.cc:255): The params in SRTP transport are reset.
[008:799][280503] (jsep_transport_controller.cc:1284): 0 Transport 1 state changed. Check if state is complete.
[008:799][329227] (peer_connection.cc:2054): Changing standardized IceConnectionState checking => connected
[008:815][280503] (connection.cc:634): Conn[3ac19800C--I|-|0|0|p|-]: Received STUN BINDING request, id=494b48484d51585478324b79
[008:815][280503] (connection.cc:407): Conn[3ac19800C--I|-|0|0|p|-]: set_receiving to 1
[008:815][280503] (connection.cc:957): Conn[3ac19800CR-I|-|0|0|p|-]: Sent STUN BINDING response, to=160.250.77.x:33849, writable=0, id=494b48484d51585478324b79
[008:815][280503] (connection.cc:1702): Conn[36eaf000C--I|-|0|0|p|-]: Received STUN BINDING response, id=67654f315a6d5245486b4d54, code=0, rtt=81778 us, pings_since_last_response=67654f315a6d5245486b4d54 565442736a72774d37654131 
[008:815][280503] (connection.cc:407): Conn[36eaf000C--I|-|0|0|p|-]: set_receiving to 1
[008:815][280503] (connection.cc:380): Conn[36eaf000CRWI|-|0|0|p|-]: set_write_state from: 2 to 0
[008:815][280503] (wrapping_active_ice_controller.cc:223): Not switching selected connection due to: candidate pair state changed
[008:815][280503] (connection.cc:1702): Conn[35226400C--I|-|0|0|p|-]: Received STUN BINDING response, id=49444d38792b466477313772, code=0, rtt=81738 us, pings_since_last_response=49444d38792b466477313772 46462f437a74457a4e686b54 
[008:815][280503] (connection.cc:407): Conn[35226400C--I|-|0|0|p|-]: set_receiving to 1
[008:815][280503] (connection.cc:380): Conn[35226400CRWI|-|0|0|p|-]: set_write_state from: 2 to 0
[008:816][280503] (wrapping_active_ice_controller.cc:223): Not switching selected connection due to: candidate pair state changed
[008:826][280503] (connection.cc:1702): Conn[3ac19800CR-I|-|0|0|p|-]: Received STUN BINDING response, id=7659304c6846782b34435152, code=0, rtt=92516 us, pings_since_last_response=7659304c6846782b34435152 564278584964434f4b353331 
[008:826][280503] (connection.cc:380): Conn[3ac19800CRWI|-|0|0|p|-]: set_write_state from: 2 to 0
[008:826][280503] (connection.cc:1702): Conn[53aa1800C--I|-|0|0|p|-]: Received STUN BINDING response, id=6d696547707638735859584c, code=0, rtt=92698 us, pings_since_last_response=6d696547707638735859584c 49706b4676626b4264684478 
[008:826][280503] (connection.cc:407): Conn[53aa1800C--I|-|0|0|p|-]: set_receiving to 1
[008:826][280503] (connection.cc:380): Conn[53aa1800CRWI|-|0|0|p|-]: set_write_state from: 2 to 0
[008:826][280503] (wrapping_active_ice_controller.cc:223): Not switching selected connection due to: candidate pair state changed
[008:826][280503] (connection.cc:1702): Conn[35227000CRWS|S|0|0|p|65]: Received STUN BINDING response, id=64736e7a59525a7556776574, code=0, rtt=56839 us, pings_since_last_response=
[008:826][280503] (connection.cc:1702): Conn[32b98c00C--I|-|0|0|p|-]: Received STUN BINDING response, id=525866443244666a41695179, code=0, rtt=91760 us, pings_since_last_response=525866443244666a41695179 346162452f626c632f33656f 
[008:826][280503] (connection.cc:407): Conn[32b98c00C--I|-|0|0|p|-]: set_receiving to 1
[008:826][280503] (connection.cc:380): Conn[32b98c00CRWI|-|0|0|p|-]: set_write_state from: 2 to 0
[008:826][280503] (connection.cc:1702): Conn[53aa0000C--I|-|0|0|p|-]: Received STUN BINDING response, id=5357334f2b44694841646f67, code=0, rtt=92672 us, pings_since_last_response=5357334f2b44694841646f67 4150667355706f332b386833 
[008:826][280503] (connection.cc:407): Conn[53aa0000C--I|-|0|0|p|-]: set_receiving to 1
[008:826][280503] (connection.cc:380): Conn[53aa0000CRWI|-|0|0|p|-]: set_write_state from: 2 to 0
[008:826][280503] (wrapping_active_ice_controller.cc:223): Not switching selected connection due to: candidate pair state changed
[008:826][280503] (connection.cc:1702): Conn[47486400C--I|-|0|0|p|-]: Received STUN BINDING response, id=6c772b344d6630516f524b6f, code=0, rtt=92429 us, pings_since_last_response=6c772b344d6630516f524b6f 6d716a68714f386556327534 
[008:826][280503] (connection.cc:407): Conn[47486400C--I|-|0|0|p|-]: set_receiving to 1
[008:826][280503] (connection.cc:380): Conn[47486400CRWI|-|0|0|p|-]: set_write_state from: 2 to 0
[008:826][280503] (connection.cc:1702): Conn[47484c00C--I|-|0|0|p|-]: Received STUN BINDING response, id=7067374f4c7a6d6565507739, code=0, rtt=91805 us, pings_since_last_response=7067374f4c7a6d6565507739 7830756655516b7750717068 
[008:826][280503] (connection.cc:407): Conn[47484c00C--I|-|0|0|p|-]: set_receiving to 1
[008:826][280503] (connection.cc:380): Conn[47484c00CRWI|-|0|0|p|-]: set_write_state from: 2 to 0
[008:826][280503] (wrapping_active_ice_controller.cc:223): Not switching selected connection due to: candidate pair state changed
[008:826][280503] (connection.cc:1702): Conn[2192b000C--I|-|0|0|p|-]: Received STUN BINDING response, id=314447343836684d746d5456, code=0, rtt=92582 us, pings_since_last_response=314447343836684d746d5456 4a424b55696f694c47736964 
[008:826][280503] (connection.cc:407): Conn[2192b000C--I|-|0|0|p|-]: set_receiving to 1
[008:826][280503] (connection.cc:380): Conn[2192b000CRWI|-|0|0|p|-]: set_write_state from: 2 to 0
[008:826][280503] (wrapping_active_ice_controller.cc:223): Not switching selected connection due to: candidate pair state changed
[008:831][280503] (connection.cc:1702): Conn[53a8e400C--I|-|0|0|p|-]: Received STUN BINDING response, id=73396b59596c307a52436b59, code=0, rtt=96389 us, pings_since_last_response=73396b59596c307a52436b59 4a434559773244304a485878 
[008:831][280503] (connection.cc:407): Conn[53a8e400C--I|-|0|0|p|-]: set_receiving to 1
[008:831][280503] (connection.cc:380): Conn[53a8e400CRWI|-|0|0|p|-]: set_write_state from: 2 to 0
[008:831][280503] (connection.cc:1702): Conn[35224c00CRWS|-|0|0|p|65]: Received STUN BINDING response, id=703350737834452f2f4a4543, code=0, rtt=50475 us, pings_since_last_response=
[008:831][280503] (wrapping_active_ice_controller.cc:223): Not switching selected connection due to: candidate pair state changed
[008:831][280503] (connection.cc:1702): Conn[53a8c000C--I|-|0|0|p|-]: Received STUN BINDING response, id=6a525664307237662b39646e, code=0, rtt=97243 us, pings_since_last_response=6a525664307237662b39646e 6e584754787a654565696554 
[008:831][280503] (connection.cc:407): Conn[53a8c000C--I|-|0|0|p|-]: set_receiving to 1
[008:831][280503] (connection.cc:380): Conn[53a8c000CRWI|-|0|0|p|-]: set_write_state from: 2 to 0
[008:831][280503] (wrapping_active_ice_controller.cc:223): Not switching selected connection due to: candidate pair state changed
[008:837][280503] (connection.cc:1702): Conn[35224000C--I|-|0|0|p|-]: Received STUN BINDING response, id=3972344f6c6a702b43357079, code=0, rtt=103217 us, pings_since_last_response=3972344f6c6a702b43357079 4e6b4e5a74666a69772f3878 
[008:837][280503] (connection.cc:407): Conn[35224000C--I|-|0|0|p|-]: set_receiving to 1
[008:837][280503] (connection.cc:380): Conn[35224000CRWI|-|0|0|p|-]: set_write_state from: 2 to 0
[008:837][280503] (connection.cc:1702): Conn[2192b000CRWS|-|0|0|p|93]: Received STUN BINDING response, id=4a424b55696f694c47736964, code=0, rtt=67619 us, pings_since_last_response=
[008:837][280503] (wrapping_active_ice_controller.cc:223): Not switching selected connection due to: candidate pair state changed
[008:847][280503] (connection.cc:1702): Conn[36eaf000CRWS|-|0|0|p|82]: Received STUN BINDING response, id=565442736a72774d37654131, code=0, rtt=72234 us, pings_since_last_response=
[008:847][280503] (connection.cc:1702): Conn[47486400CRWS|-|0|0|p|92]: Received STUN BINDING response, id=6d716a68714f386556327534, code=0, rtt=79630 us, pings_since_last_response=
[008:847][280503] (connection.cc:1702): Conn[3ac1a400C--I|-|0|0|p|-]: Received STUN BINDING response, id=71396f617a50716464553366, code=0, rtt=113561 us, pings_since_last_response=71396f617a50716464553366 53326e674e535a4a656a4266 
[008:847][280503] (connection.cc:407): Conn[3ac1a400C--I|-|0|0|p|-]: set_receiving to 1
[008:847][280503] (connection.cc:380): Conn[3ac1a400CRWI|-|0|0|p|-]: set_write_state from: 2 to 0
[008:847][280503] (connection.cc:1702): Conn[53aa1800CRWS|-|0|0|p|93]: Received STUN BINDING response, id=49706b4676626b4264684478, code=0, rtt=77837 us, pings_since_last_response=
[008:847][280503] (wrapping_active_ice_controller.cc:223): Not switching selected connection due to: candidate pair state changed
[008:847][280503] (connection.cc:1702): Conn[47485800C--I|-|0|0|p|-]: Received STUN BINDING response, id=2b32636c48466b4152654650, code=0, rtt=112561 us, pings_since_last_response=2b32636c48466b4152654650 4a714c304778554a744a4e38 
[008:847][280503] (connection.cc:407): Conn[47485800C--I|-|0|0|p|-]: set_receiving to 1
[008:847][280503] (connection.cc:380): Conn[47485800CRWI|-|0|0|p|-]: set_write_state from: 2 to 0
[008:847][280503] (connection.cc:1702): Conn[3ac00c00C--I|-|0|0|p|-]: Received STUN BINDING response, id=5a4f5751574f68776e672f38, code=0, rtt=112742 us, pings_since_last_response=5a4f5751574f68776e672f38 524c4a7031507252375a4b47 
[008:847][280503] (connection.cc:407): Conn[3ac00c00C--I|-|0|0|p|-]: set_receiving to 1
[008:847][280503] (connection.cc:380): Conn[3ac00c00CRWI|-|0|0|p|-]: set_write_state from: 2 to 0
[008:847][280503] (wrapping_active_ice_controller.cc:223): Not switching selected connection due to: candidate pair state changed
[008:847][280503] (connection.cc:1702): Conn[32b98c00CRWS|-|0|0|p|92]: Received STUN BINDING response, id=346162452f626c632f33656f, code=0, rtt=66843 us, pings_since_last_response=
[008:858][280503] (connection.cc:1702): Conn[47484c00CRWS|-|0|0|p|92]: Received STUN BINDING response, id=7830756655516b7750717068, code=0, rtt=77277 us, pings_since_last_response=
[008:858][280503] (connection.cc:1702): Conn[3ac19800CRWS|-|0|0|p|93]: Received STUN BINDING response, id=564278584964434f4b353331, code=0, rtt=76978 us, pings_since_last_response=
[008:858][280503] (connection.cc:1702): Conn[53a8c000CRWS|-|0|0|p|97]: Received STUN BINDING response, id=6e584754787a654565696554, code=0, rtt=82549 us, pings_since_last_response=
[008:858][280503] (connection.cc:1702): Conn[53a8cc00C--I|-|0|0|p|-]: Received STUN BINDING response, id=363344385858566750493036, code=0, rtt=123005 us, pings_since_last_response=363344385858566750493036 692f38547a706d4b73374c45 
[008:858][280503] (connection.cc:407): Conn[53a8cc00C--I|-|0|0|p|-]: set_receiving to 1
[008:858][280503] (connection.cc:380): Conn[53a8cc00CRWI|-|0|0|p|-]: set_write_state from: 2 to 0
[008:858][280503] (connection.cc:957): Conn[35226400CRWS|-|0|0|p|82]: Sent STUN BINDING response, to=58.186.3.x:60453, writable=1, id=474a33637032564577485156
[008:858][280503] (wrapping_active_ice_controller.cc:223): Not switching selected connection due to: candidate pair state changed
[008:858][280503] (connection.cc:1702): Conn[35226400CRWS|-|0|0|p|82]: Received STUN BINDING response, id=46462f437a74457a4e686b54, code=0, rtt=71716 us, pings_since_last_response=
[008:864][280503] (connection.cc:1702): Conn[53a8e400CRWS|-|0|0|p|96]: Received STUN BINDING response, id=4a434559773244304a485878, code=0, rtt=77902 us, pings_since_last_response=
[008:875][280503] (connection.cc:1702): Conn[53aa0000CRWS|-|0|0|p|93]: Received STUN BINDING response, id=4150667355706f332b386833, code=0, rtt=94759 us, pings_since_last_response=
[008:875][280503] (connection.cc:1702): Conn[35224000CRWS|-|0|0|p|103]: Received STUN BINDING response, id=4e6b4e5a74666a69772f3878, code=0, rtt=94905 us, pings_since_last_response=
[008:879][280503] (connection.cc:1824): Conn[35227000CRWS|S|0|1|p|63]: Sent STUN BINDING request, id=69315a734d612f556a69636a, use_candidate=0, nomination=1
[008:882][280503] (connection.cc:1702): Conn[3ac1a400CRWS|-|0|0|p|114]: Received STUN BINDING response, id=53326e674e535a4a656a4266, code=0, rtt=100797 us, pings_since_last_response=
[008:882][280503] (connection.cc:1702): Conn[47485800CRWS|-|0|0|p|113]: Received STUN BINDING response, id=4a714c304778554a744a4e38, code=0, rtt=100922 us, pings_since_last_response=
[008:882][280503] (connection.cc:1702): Conn[53a8cc00CRWS|-|0|0|p|123]: Received STUN BINDING response, id=692f38547a706d4b73374c45, code=0, rtt=100956 us, pings_since_last_response=
[008:882][280503] (connection.cc:1702): Conn[3ac00c00CRWS|-|0|0|p|113]: Received STUN BINDING response, id=524c4a7031507252375a4b47, code=0, rtt=100903 us, pings_since_last_response=
[008:897][280503] (openssl_adapter.cc:811): TLS server read_client_hello_after_ech
[008:897][280503] (openssl_adapter.cc:811): TLS server cert_callback
[008:897][280503] (openssl_adapter.cc:811): TLS server select_parameters
[008:897][280503] (openssl_adapter.cc:811): TLS server send_server_hello
[008:897][280503] (openssl_adapter.cc:811): TLS server send_server_certificate
[008:898][280503] (openssl_adapter.cc:811): TLS server send_server_key_exchange
[008:898][280503] (openssl_adapter.cc:811): TLS server send_server_hello_done
[008:898][280503] (openssl_adapter.cc:811): TLS server read_client_certificate
[008:898][280503] (turn_port.cc:2123): TurnPort(Port[52480500:0:1:0:relay:Net[pdp_ip0:100.81.44.x/32:Cellular:id=3]]-Remote[14.238.62.98:3478/udp]: TURN channel bind request sent, id=7370452f68706c6a32443437 with address: 14.238.152.70:43559
[008:898][280503] (openssl_adapter.cc:811): TLS server read_client_certificate
[008:913][280503] (connection.cc:957): Conn[53aa1800CRWS|-|0|0|p|89]: Sent STUN BINDING response, to=160.250.77.x:33849, writable=1, id=796659785a3671566e764d45
[008:927][280503] (connection.cc:1824): Conn[47486400CRWS|-|0|0|p|89]: Sent STUN BINDING request, id=5775764530576d6f4c52746c, use_candidate=0, nomination=0
[008:931][280503] (connection.cc:1702): Conn[35227000CRWI|S|0|1|p|63]: Received STUN BINDING response, id=69315a734d612f556a69636a, code=0, rtt=52028 us, pings_since_last_response=69315a734d612f556a69636a 
[008:941][280503] (turn_port.cc:2131): TurnPort(Port[52480500:0:1:0:relay:Net[pdp_ip0:100.81.44.x/32:Cellular:id=3]]-Remote[14.238.62.98:3478/udp]: TURN channel bind requested successfully, id=7370452f68706c6a32443437, code=0, rtt=43078 us
[008:941][280503] (turn_port.cc:2319): TurnEntry(538b3700:1:TurnPort(Port[52480500:0:1:0:relay:Net[pdp_ip0:100.81.44.x/32:Cellular:id=3]]-Remote[14.238.62.98:3478/udp][Ext:14.238.152.x:43559][Conn(1)[35227000]]): Successful channel bind for 14.238.152.x:43559
[008:941][280503] (turn_port.cc:2146): TurnPort(Port[52480500:0:1:0:relay:Net[pdp_ip0:100.81.44.x/32:Cellular:id=3]]-Remote[14.238.62.98:3478/udp]: Scheduled channel bind in 240000ms.
[008:958][280503] (connection.cc:957): Conn[47486400CRWI|-|0|0|p|89]: Sent STUN BINDING response, to=14.238.152.x:45069, writable=1, id=56374b49753065674f7a4465
[008:976][280503] (connection.cc:1824): Conn[2192b000CRWS|-|0|0|p|86]: Sent STUN BINDING request, id=33375036794943532b344e36, use_candidate=0, nomination=0
[008:981][280503] (openssl_adapter.cc:811): TLS server verify_client_certificate
[008:981][280503] (openssl_adapter.cc:811): TLS server read_client_key_exchange
[008:981][280503] (openssl_adapter.cc:811): TLS server read_client_certificate_verify
[008:982][280503] (openssl_adapter.cc:811): TLS server read_change_cipher_spec
[008:982][280503] (openssl_adapter.cc:811): TLS server process_change_cipher_spec
[008:982][280503] (openssl_adapter.cc:811): TLS server read_next_proto
[008:982][280503] (openssl_adapter.cc:811): TLS server read_channel_id
[008:982][280503] (openssl_adapter.cc:811): TLS server read_client_finished
[008:982][280503] (openssl_adapter.cc:811): TLS server send_server_finished
[008:982][280503] (openssl_adapter.cc:811): TLS server finish_server_handshake
[008:982][280503] (openssl_adapter.cc:811): TLS server done
[008:982][280503] (openssl_adapter.cc:811): TLS server done
[008:982][280503] (openssl_adapter.cc:811): TLS server done
[008:982][280503] (dtls_transport.cc:993): DtlsTransport[0|1|__]: DTLS handshake complete.
[008:982][280503] (jsep_transport_controller.cc:1222):  Transport 0 writability changed to 1.
[008:982][280503] (dtls_srtp_transport.cc:253): Extracting keys from transport: 0
[008:982][329491] (call.cc:1215): UpdateAggregateNetworkState: aggregate_state change to up
[008:982][329491] (pacing_controller.cc:121): PacedSender resumed.
[008:982][329491] (rtp_transport_controller_send.cc:868): Creating Goog CC Factory.
[008:982][329227] (peer_connection.cc:2613): Changing to ICE connected state because all transports are writable.
[008:982][329227] (peer_connection.cc:2032): Changing IceConnectionState checking => connected
[008:982][329491] (alr_experiment.cc:69): Using ALR experiment settings: pacing factor: 1, max pacer queue length: 2875, ALR bandwidth usage percent: 80, ALR start budget level percent: 40, ALR end budget level percent: -60, ALR experiment group ID: 3
[008:982][329491] (trendline_estimator.cc:200): Using Trendline filter for delay change estimation with settings sort:false,cap:false,beginning_packets:7,end_packets:7,cap_uncertainty:0,window_size:40 and no network state predictor
[008:982][329491] (trendline_estimator.cc:200): Using Trendline filter for delay change estimation with settings sort:false,cap:false,beginning_packets:7,end_packets:7,cap_uncertainty:0,window_size:40 and no network state predictor
[008:982][329491] (aimd_rate_control.cc:114): Using aimd rate control with back off factor 0.9
[008:982][329491] (delay_based_bwe.cc:105): Initialized DelayBasedBwe with separate audio overuse detectionenabled:false,packet_threshold:10,time_threshold:1 s
[008:982][329491] (delay_based_bwe.cc:443): BWE Setting start bitrate to: 500 kbps
[008:983][329491] (bitrate_allocator.cc:500): Current BWE 500000
[008:983][329491] (bitrate_prober.cc:130): Probe cluster (bitrate_bps:min bytes:min packets): (1000 kbps:1875:5, Inactive)
[008:983][329491] (bitrate_prober.cc:130): Probe cluster (bitrate_bps:min bytes:min packets): (2000 kbps:3750:5, Inactive)
[008:983][329491] (pacing_controller.cc:327): Elapsed time (8972521 us) longer than expected, limiting to 2 s
[009:000][280503] (srtp_transport.cc:200): SRTP activated with negotiated parameters: send crypto_suite 1 recv crypto_suite 1
[009:000][280503] (channel.cc:667): Channel writable ({mid: 0, media_type: audio}) for the first time
[009:000][280503] (channel.cc:667): Channel writable ({mid: 1, media_type: video}) for the first time
[009:000][329491] (webrtc_voice_engine.cc:606): WebRtcVoiceEngine::ApplyOptions: AudioOptions {aec: 1, ns: 1, audio_jitter_buffer_max_packets: 200, audio_jitter_buffer_fast_accelerate: 0, audio_jitter_buffer_min_delay_ms: 0, }
[009:000][329491] (webrtc_voice_engine.cc:621): Always disable AEC on iOS. Use built-in instead.
[009:000][329491] (webrtc_voice_engine.cc:629): Always disable AGC on iOS. Use built-in instead.
[009:000][329491] (audio_processing_impl.cc:680): AudioProcessing::ApplyConfig: AudioProcessing::Config{ pipeline: { maximum_internal_processing_rate: 32000, multi_channel_render: 1, multi_channel_capture: 1 }, pre_amplifier: { enabled: 0, fixed_gain_factor: 1 },capture_level_adjustment: { enabled: 0, pre_gain_factor: 1, post_gain_factor: 1, analog_mic_gain_emulation: { enabled: 0, initial_level: 255 }}, high_pass_filter: { enabled: 1 }, echo_canceller: { enabled: 0, enforce_high_pass_filtering: 1 }, noise_suppression: { enabled: 1, level: High }, transient_suppression: { enabled: 0 }, gain_controller1: { enabled: 0, mode: FixedDigital, target_level_dbfs: 3, compression_gain_db: 9, enable_limiter: 1, analog_gain_controller { enabled: 1, startup_min_volume: 0, clipped_level_min: 70, enable_digital_adaptive: 1, clipped_level_step: 15, clipped_ratio_threshold: 0.1, clipped_wait_frames: 300, clipping_predictor:  { enabled: 0, mode: 0, window_length: 5, reference_window_length: 5, reference_window_delay: 5, clipping_threshold: -1, crest_factor_margin: 3, use_predicted_step: 1 }}}, gain_controller2: { enabled: 0, fixed_digital: { gain_db: 0 }, adaptive_digital: { enabled: 0, headroom_db: 5, max_gain_db: 50, initial_gain_db: 15, max_gain_change_db_per_second: 6, max_output_noise_level_dbfs: -50 }, input_volume_control : { enabled 0}}
[009:000][329491] (audio_send_stream.cc:365): AudioSendStream::Start: 964315844
[009:000][329491] (bitrate_allocator.cc:727): UpdateAllocationLimits : total_requested_min_bitrate: 60800 bps, total_requested_padding_bitrate: 0 bps, total_requested_max_bitrate: 60800 bps
[009:001][280503] (connection.cc:957): Conn[2192b000CRWI|-|0|0|p|86]: Sent STUN BINDING response, to=160.250.77.x:37348, writable=1, id=6241766c693239506e5a4b6a
[009:001][329491] (audio_device_ios.mm:301): AudioDeviceIOS::StartRecording
[009:001][329491] (channel.cc:916): Changing voice state, recv=1 send=1 for {mid: 0, media_type: audio}
[009:002][329491] (bitrate_allocator.cc:727): UpdateAllocationLimits : total_requested_min_bitrate: 360800 bps, total_requested_padding_bitrate: 0 bps, total_requested_max_bitrate: 960800 bps
[009:002][329491] (channel.cc:1085): Changing video state, recv=1 send=1 for {mid: 1, media_type: video}
[009:014][257051] (audio_device_buffer.cc:272): Size of recording buffer: 480
[009:015][280503] (connection.cc:1702): Conn[47486400CRWI|-|0|0|p|89]: Received STUN BINDING response, id=5775764530576d6f4c52746c, code=0, rtt=87489 us, pings_since_last_response=5775764530576d6f4c52746c 
[009:024][263795] (video_stream_encoder.cc:2602): Video suspend state changed to: not suspended
[009:025][329491] (rtp_sender_audio.cc:270): First audio RTP packet sent to pacer
[009:026][280503] (connection.cc:1824): Conn[53aa1800CRWS|-|0|0|p|89]: Sent STUN BINDING request, id=54466d644f6d5a6c4e395031, use_candidate=0, nomination=0
[009:040][207179] (video_stream_encoder.cc:2121): [VSE] Encoder info changed to EncoderInfo { ScalingSettings { Thresholds { low = 28, high = 39}, min_pixels_per_frame = 57600 }, requested_resolution_alignment = 1, apply_alignment_to_all_simulcast_layers = 0, supports_native_handle = 1, implementation_name = 'VideoToolbox', has_trusted_rate_controller = 0, is_hardware_accelerated = 1, enable_cpu_overuse_detection = 1, fps_allocation = [[ 1] ], resolution_bitrate_limits = [] , supports_simulcast = 0, preferred_pixel_formats = [kI420]}
[009:040][207179] (RTCVideoEncoderH265.mm:1023): Resetting HEVC compression session due to non-matching pixel format.
[009:056][280503] (connection.cc:957): Conn[36eaf000CRWS|-|0|0|p|79]: Sent STUN BINDING response, to=58.186.3.x:60453, writable=1, id=30356630675a78785873436f
[009:056][280503] (connection.cc:1702): Conn[2192b000CRWI|-|0|0|p|86]: Received STUN BINDING response, id=33375036794943532b344e36, code=0, rtt=80077 us, pings_since_last_response=33375036794943532b344e36 
[009:062][329491] (video_send_stream_impl.cc:841): SignalEncoderActive, Encoder is active.
[009:062][291599] (rtp_sender_video.cc:775): Sent first RTP packet of the first video frame (pre-pacer)
[009:062][291599] (rtp_sender_video.cc:779): Sent last RTP packet of the first video frame (pre-pacer)
[009:074][280503] (connection.cc:1824): Conn[36eaf000CRWS|-|0|0|p|79]: Sent STUN BINDING request, id=464c5266562b4e5353736442, use_candidate=0, nomination=0
[009:095][280503] (connection.cc:957): Conn[35224c00CRWS|-|0|0|p|61]: Sent STUN BINDING response, to=14.238.152.x:43559, writable=1, id=4954494d687461506b4a5339
[009:107][280503] (connection.cc:1702): Conn[53aa1800CRWI|-|0|0|p|89]: Received STUN BINDING response, id=54466d644f6d5a6c4e395031, code=0, rtt=81396 us, pings_since_last_response=54466d644f6d5a6c4e395031 
[009:123][280503] (connection.cc:1824): Conn[53a8c000CRWS|-|0|0|p|94]: Sent STUN BINDING request, id=474b6b6d4e2b786646653751, use_candidate=0, nomination=0
[009:174][280503] (connection.cc:1824): Conn[47484c00CRWS|-|0|0|p|88]: Sent STUN BINDING request, id=6d5031486a6f633067594457, use_candidate=0, nomination=0
[009:223][280503] (connection.cc:1824): Conn[32b98c00CRWS|-|0|0|p|86]: Sent STUN BINDING request, id=4c68595068676f4d64754675, use_candidate=0, nomination=0
[009:245][280503] (connection.cc:1702): Conn[53a8c000CRWI|-|0|0|p|94]: Received STUN BINDING response, id=474b6b6d4e2b786646653751, code=0, rtt=122131 us, pings_since_last_response=474b6b6d4e2b786646653751 
[009:245][280503] (connection.cc:1702): Conn[36eaf000CRWI|-|0|0|p|79]: Received STUN BINDING response, id=464c5266562b4e5353736442, code=0, rtt=170899 us, pings_since_last_response=464c5266562b4e5353736442 
[009:246][329491] (trendline_estimator.cc:200): Using Trendline filter for delay change estimation with settings sort:false,cap:false,beginning_packets:7,end_packets:7,cap_uncertainty:0,window_size:40 and no network state predictor
[009:246][329491] (trendline_estimator.cc:200): Using Trendline filter for delay change estimation with settings sort:false,cap:false,beginning_packets:7,end_packets:7,cap_uncertainty:0,window_size:40 and no network state predictor
[009:247][329491] (probe_controller.cc:356): Measured bitrate: 501 kbps Minimum to probe further: 1400 kbps upper limit: +inf bps
[009:247][280503] (connection.cc:957): Conn[32b98c00CRWI|-|0|0|p|86]: Sent STUN BINDING response, to=160.250.77.x:37348, writable=1, id=3378564966325a4530374d61
[009:247][280503] (data_channel_controller.cc:483): AllocateSctpSids: Id assigned, ready to send.
[009:251][280503] (connection.cc:1702): Conn[47484c00CRWI|-|0|0|p|88]: Received STUN BINDING response, id=6d5031486a6f633067594457, code=0, rtt=78371 us, pings_since_last_response=6d5031486a6f633067594457 
[009:273][280503] (connection.cc:1824): Conn[3ac19800CRWS|-|0|0|p|89]: Sent STUN BINDING request, id=37534d7a4b64544257416362, use_candidate=0, nomination=0
[009:274][329491] (probe_bitrate_estimator.cc:191): Probing successful [cluster id: 1] [send: 1542 bytes / 12 ms = 1028 kbps ] [receive: 2269 bytes / 25 ms = 726080 bps]
[009:274][329491] (probe_bitrate_estimator.cc:191): Probing successful [cluster id: 1] [send: 2580 bytes / 20 ms = 1032 kbps ] [receive: 2404 bytes / 25 ms = 769280 bps]
[009:274][329491] (probe_bitrate_estimator.cc:191): Probing successful [cluster id: 1] [send: 3618 bytes / 20 ms = 1447200 bps ] [receive: 3442 bytes / 25 ms = 1101440 bps]
[009:274][329491] (probe_bitrate_estimator.cc:191): Probing successful [cluster id: 1] [send: 3753 bytes / 30 ms = 1000800 bps ] [receive: 4481 bytes / 41 ms = 874341 bps]
[009:274][329491] (probe_bitrate_estimator.cc:191): Probing successful [cluster id: 2] [send: 2521 bytes / 11 ms = 1833454 bps ] [receive: 3228 bytes / 9 ms = 2869333 bps]
[009:274][329491] (probe_bitrate_estimator.cc:191): Probing successful [cluster id: 2] [send: 3539 bytes / 14 ms = 2022285 bps ] [receive: 4248 bytes / 22 ms = 1544727 bps]
[009:274][329491] (probe_bitrate_estimator.cc:191): Probing successful [cluster id: 2] [send: 4559 bytes / 18 ms = 2026222 bps ] [receive: 4379 bytes / 22 ms = 1592363 bps]
[009:274][329491] (probe_bitrate_estimator.cc:191): Probing successful [cluster id: 2] [send: 5579 bytes / 18 ms = 2479555 bps ] [receive: 5399 bytes / 22 ms = 1963272 bps]
[009:274][329491] (probe_controller.cc:356): Measured bitrate: 1865108 bps Minimum to probe further: 1400 kbps upper limit: +inf bps
[009:274][329491] (bitrate_prober.cc:130): Probe cluster (bitrate_bps:min bytes:min packets): (1921600 bps:3603:5, Inactive)
[009:305][280503] (connection.cc:1702): Conn[32b98c00CRWI|-|0|0|p|86]: Received STUN BINDING response, id=4c68595068676f4d64754675, code=0, rtt=81554 us, pings_since_last_response=4c68595068676f4d64754675 
[009:316][280503] (sctp_data_channel.cc:714): DataChannel received OPEN_ACK message, sid = 1
[009:321][280503] (connection.cc:1824): Conn[35224c00CRWS|-|0|0|p|61]: Sent STUN BINDING request, id=76546978797450777768472b, use_candidate=0, nomination=0
[009:346][280503] (connection.cc:1702): Conn[3ac19800CRWI|-|0|0|p|89]: Received STUN BINDING response, id=37534d7a4b64544257416362, code=0, rtt=73485 us, pings_since_last_response=37534d7a4b64544257416362 
[009:355][280503] (connection.cc:957): Conn[3ac1a400CRWS|-|0|0|p|110]: Sent STUN BINDING response, to=160.250.77.x:33849, writable=1, id=6e2b4947774d353551513668
[009:366][280503] (connection.cc:1702): Conn[35224c00CRWI|-|0|0|p|61]: Received STUN BINDING response, id=76546978797450777768472b, code=0, rtt=44535 us, pings_since_last_response=76546978797450777768472b 
[009:370][280503] (connection.cc:1824): Conn[35224000CRWS|-|0|0|p|101]: Sent STUN BINDING request, id=6d2f614452786d4b5330362f, use_candidate=0, nomination=0
[009:391][280503] (connection.cc:957): Conn[35224000CRWI|-|0|0|p|101]: Sent STUN BINDING response, to=58.186.3.x:60453, writable=1, id=5969586d7348736730715436
[009:421][280503] (connection.cc:1824): Conn[53a8cc00CRWS|-|0|0|p|117]: Sent STUN BINDING request, id=656437614f5556695a327a4f, use_candidate=0, nomination=0
[009:426][329491] (probe_bitrate_estimator.cc:191): Probing successful [cluster id: 3] [send: 2729 bytes / 12 ms = 1819333 bps ] [receive: 3627 bytes / 9 ms = 3224 kbps]
[009:426][329491] (probe_bitrate_estimator.cc:191): Probing successful [cluster id: 3] [send: 3938 bytes / 16 ms = 1969 kbps ] [receive: 3726 bytes / 9 ms = 3312 kbps]
[009:426][329491] (probe_bitrate_estimator.cc:191): Probing successful [cluster id: 3] [send: 5148 bytes / 16 ms = 2574 kbps ] [receive: 4936 bytes / 13 ms = 3037538 bps]
[009:426][329491] (probe_bitrate_estimator.cc:191): Probing successful [cluster id: 3] [send: 5247 bytes / 22 ms = 1908 kbps ] [receive: 6146 bytes / 20 ms = 2458400 bps]
[009:439][280503] (connection.cc:957): Conn[53a8e400CRWS|-|0|0|p|92]: Sent STUN BINDING response, to=58.186.3.x:27363, writable=1, id=665a2f686a3643316c694d4d
[009:460][280503] (connection.cc:1702): Conn[35224000CRWI|-|0|0|p|101]: Received STUN BINDING response, id=6d2f614452786d4b5330362f, code=0, rtt=91198 us, pings_since_last_response=6d2f614452786d4b5330362f 
[009:471][280503] (connection.cc:1824): Conn[47485800CRWS|-|0|0|p|110]: Sent STUN BINDING request, id=656b6365747439397a4b5952, use_candidate=0, nomination=0
[009:493][280503] (connection.cc:957): Conn[47485800CRWI|-|0|0|p|110]: Sent STUN BINDING response, to=14.238.152.x:45069, writable=1, id=567a54776450446675594a4f
[009:516][280503] (connection.cc:1702): Conn[53a8cc00CRWI|-|0|0|p|117]: Received STUN BINDING response, id=656437614f5556695a327a4f, code=0, rtt=95557 us, pings_since_last_response=656437614f5556695a327a4f 
[009:520][280503] (connection.cc:1824): Conn[3ac00c00CRWS|-|0|0|p|110]: Sent STUN BINDING request, id=6a517756626a7556512b4d34, use_candidate=0, nomination=0
[009:541][329491] (rtp_video_stream_receiver2.cc:1449): Packet received on SSRC: 3992556228 with payload type: 35, timestamp: 1357308796, sequence number: 18178, arrival time: 6675811495 us, abs send time: 13383441
[009:548][280503] (connection.cc:957): Conn[3ac00c00CRWI|-|0|0|p|110]: Sent STUN BINDING response, to=160.250.77.x:37348, writable=1, id=644b55635167743777583965
[009:554][207179] (generic_decoder.cc:307): Decoder implementation: DecoderInfo { prefers_late_decoding = implementation_name = 'VideoToolbox', is_hardware_accelerated = false }
[009:559][280503] (connection.cc:1702): Conn[47485800CRWI|-|0|0|p|110]: Received STUN BINDING response, id=656b6365747439397a4b5952, code=0, rtt=89135 us, pings_since_last_response=656b6365747439397a4b5952 
[009:569][280503] (connection.cc:1824): Conn[3ac1a400CRWS|-|0|0|p|110]: Sent STUN BINDING request, id=33415353326c54586b6b4a41, use_candidate=0, nomination=0
[009:578][280503] (connection.cc:957): Conn[53aa0000CRWS|-|0|0|p|93]: Sent STUN BINDING response, to=14.238.152.x:43559, writable=1, id=6948695453415357446e4d7a
[009:618][280503] (connection.cc:1824): Conn[53aa0000CRWS|-|0|0|p|93]: Sent STUN BINDING request, id=74436d7470786a74787a464a, use_candidate=0, nomination=0
[009:623][280503] (connection.cc:957): Conn[35227000CRWS|S|0|1|p|60]: Sent STUN BINDING response, to=14.238.152.x:43559, writable=1, id=7a7238663861476c6d795239
[009:628][280503] (connection.cc:1702): Conn[3ac00c00CRWI|-|0|0|p|110]: Received STUN BINDING response, id=6a517756626a7556512b4d34, code=0, rtt=107718 us, pings_since_last_response=6a517756626a7556512b4d34 
[009:667][280503] (connection.cc:1824): Conn[35226400CRWS|-|0|0|p|79]: Sent STUN BINDING request, id=54533635534d49577232594f, use_candidate=0, nomination=0
[009:674][280503] (connection.cc:1702): Conn[3ac1a400CRWI|-|0|0|p|110]: Received STUN BINDING response, id=33415353326c54586b6b4a41, code=0, rtt=104945 us, pings_since_last_response=33415353326c54586b6b4a41 
[009:690][280503] (connection.cc:957): Conn[53a8c000CRWS|-|0|0|p|101]: Sent STUN BINDING response, to=58.186.3.x:27363, writable=1, id=676b637444582f5756376757
[009:696][280503] (connection.cc:1702): Conn[53aa0000CRWI|-|0|0|p|93]: Received STUN BINDING response, id=74436d7470786a74787a464a, code=0, rtt=78361 us, pings_since_last_response=74436d7470786a74787a464a 
[009:718][280503] (connection.cc:1824): Conn[53a8e400CRWS|-|0|0|p|92]: Sent STUN BINDING request, id=39434d736863693750725861, use_candidate=0, nomination=0
[009:737][329491] (webrtc_video_engine.cc:2519): VideoSendStream stats: 6676007, {input_fps: 20.0, encode_fps: 14, encode_ms: 0, encode_usage_perc: 0, target_bps: 900000, media_bps: 653709, suspended: false, bw_adapted_res: false, cpu_adapted_res: false, bw_adapted_fps: false, cpu_adapted_fps: false, #cpu_adaptations: 0, #quality_adaptations: 0} {ssrc: 860390162, type: media, width: 720, height: 404, key: 1, delta: 13, total_bps: 713360, retransmit_bps: 0, avg_delay_ms: 28, max_delay_ms: 89, cum_loss: 0, max_ext_seq: 7138, nack: 0, fir: 0, pli: 0}
[009:737][329491] (webrtc_video_engine.cc:1690): Call stats: 6676007, {send_bw_bps: 1908000, recv_bw_bps: 0, max_pad_bps: 0, pacer_delay_ms: 0, rtt_ms: 67}
[009:737][329491] (webrtc_video_engine.cc:3974): VideoReceiveStreamInterface stats: 6676007, {ssrc: 3992556228, total_bps: 979198, frameWidth: 720, frameHeight: 404, key: 1, delta: 5, framesAssembledFromMultiplePackets: 4, framesDecoded: 4, framesDropped: 0, network_fps: 5, decode_fps: 24, render_fps: 24, decode_ms: 3, max_decode_ms: 0, first_frame_received_to_decoded_ms: 20, current_delay_ms: 24, target_delay_ms: 78, jitter_delay_ms: 78, totalAssemblyTime: 0.019266, jitterBufferDelay: 0.079996, jitterBufferTargetDelay: 0.138346, jitterBufferEmittedCount: 4, jitterBufferMinimumDelay: 0.138346, totalDecodeTime: 0.029371, totalProcessingDelay: 0.109979, min_playout_delay_ms: 0, sync_offset_ms: 2147483647, cum_loss: 0, nackCount: 0, firCount: 0, pliCount: 0}
[009:740][280503] (connection.cc:1702): Conn[35226400CRWI|-|0|0|p|79]: Received STUN BINDING response, id=54533635534d49577232594f, code=0, rtt=72732 us, pings_since_last_response=54533635534d49577232594f 
[009:770][280503] (connection.cc:957): Conn[47484c00CRWS|-|0|0|p|86]: Sent STUN BINDING response, to=14.238.152.x:45069, writable=1, id=5158563876617244646f314f
[009:810][280503] (connection.cc:1702): Conn[53a8e400CRWI|-|0|0|p|92]: Received STUN BINDING response, id=39434d736863693750725861, code=0, rtt=93695 us, pings_since_last_response=39434d736863693750725861 
[009:840][280503] (connection.cc:957): Conn[53a8cc00CRWS|-|0|0|p|112]: Sent STUN BINDING response, to=58.186.3.x:27363, writable=1, id=6962693232366937397a2b70
[010:267][280503] (connection.cc:1824): Conn[35227000CRWS|S|0|1|p|60]: Sent STUN BINDING request, id=37623544737976426f426c72, use_candidate=0, nomination=1
[010:319][280503] (connection.cc:1702): Conn[35227000CRWI|S|0|1|p|60]: Received STUN BINDING response, id=37623544737976426f426c72, code=0, rtt=52487 us, pings_since_last_response=37623544737976426f426c72 
[010:376][280503] (connection.cc:957): Conn[3ac19800CRWS|-|0|0|p|85]: Sent STUN BINDING response, to=160.250.77.x:33849, writable=1, id=55476b31785879624e6e3967
[010:719][329491] (bitrate_allocator.cc:727): UpdateAllocationLimits : total_requested_min_bitrate: 354400 bps, total_requested_padding_bitrate: 0 bps, total_requested_max_bitrate: 954400 bps
[010:768][280503] (connection.cc:1824): Conn[47486400CRWS|-|0|0|p|89]: Sent STUN BINDING request, id=6b714d775032506246524773, use_candidate=0, nomination=0
[010:794][329491] (remote_ntp_time_estimator.cc:94): RTP timestamp: 1357425616 in NTP clock: 3998689652316 estimated time in receiver NTP clock: 3998689652310
[010:855][280503] (connection.cc:957): Conn[35227000CRWS|S|0|1|p|58]: Sent STUN BINDING response, to=14.238.152.x:43559, writable=1, id=716767737233504451305173
[011:150][280503] (connection.cc:1702): Conn[47486400CRWI|-|0|0|p|89]: Received STUN BINDING response, id=6b714d775032506246524773, code=0, rtt=381703 us, pings_since_last_response=6b714d775032506246524773 
[011:269][280503] (connection.cc:1824): Conn[35227000CRWS|S|0|1|p|58]: Sent STUN BINDING request, id=50682f502f612f34386f6757, use_candidate=0, nomination=1
[011:323][280503] (connection.cc:1702): Conn[35227000CRWI|S|0|1|p|58]: Received STUN BINDING response, id=50682f502f612f34386f6757, code=0, rtt=54340 us, pings_since_last_response=50682f502f612f34386f6757 
[011:373][280503] (connection.cc:957): Conn[35226400CRWS|-|0|0|p|78]: Sent STUN BINDING response, to=58.186.3.x:60453, writable=1, id=376c3975647836582b46524c
[011:770][280503] (connection.cc:1824): Conn[2192b000CRWS|-|0|0|p|85]: Sent STUN BINDING request, id=6b4147514761544e374f4176, use_candidate=0, nomination=0
[011:860][280503] (connection.cc:957): Conn[35227000CRWS|S|0|1|p|57]: Sent STUN BINDING response, to=14.238.152.x:43559, writable=1, id=484f4a466a306a4d3538716e
[011:866][280503] (connection.cc:1702): Conn[2192b000CRWI|-|0|0|p|85]: Received STUN BINDING response, id=6b4147514761544e374f4176, code=0, rtt=95541 us, pings_since_last_response=6b4147514761544e374f4176 
[012:272][280503] (connection.cc:1824): Conn[53aa1800CRWS|-|0|0|p|87]: Sent STUN BINDING request, id=734f2b4953375665677a414b, use_candidate=0, nomination=0
[012:348][280503] (connection.cc:1702): Conn[53aa1800CRWI|-|0|0|p|87]: Received STUN BINDING response, id=734f2b4953375665677a414b, code=0, rtt=76208 us, pings_since_last_response=734f2b4953375665677a414b 
[012:392][280503] (connection.cc:957): Conn[53aa1800CRWS|-|0|0|p|84]: Sent STUN BINDING response, to=160.250.77.x:33849, writable=1, id=4c6368495757586b39333150
[012:775][280503] (connection.cc:1824): Conn[36eaf000CRWS|-|0|0|p|102]: Sent STUN BINDING request, id=447363434f6b6a495665736e, use_candidate=0, nomination=0
[012:838][280503] (connection.cc:1702): Conn[36eaf000CRWI|-|0|0|p|102]: Received STUN BINDING response, id=447363434f6b6a495665736e, code=0, rtt=63331 us, pings_since_last_response=447363434f6b6a495665736e 
[012:862][280503] (connection.cc:957): Conn[35227000CRWS|S|0|1|p|57]: Sent STUN BINDING response, to=14.238.152.x:43559, writable=1, id=692b6b5a76474e6844673467
[013:277][280503] (connection.cc:1824): Conn[53a8c000CRWS|-|0|0|p|101]: Sent STUN BINDING request, id=62466d4a6c51736e62647130, use_candidate=0, nomination=0
[013:359][280503] (connection.cc:1702): Conn[53a8c000CRWI|-|0|0|p|101]: Received STUN BINDING response, id=62466d4a6c51736e62647130, code=0, rtt=82995 us, pings_since_last_response=62466d4a6c51736e62647130 
[013:384][280503] (connection.cc:957): Conn[47486400CRWS|-|0|0|p|162]: Sent STUN BINDING response, to=14.238.152.x:45069, writable=1, id=684c4e7463464556342f4a74
[013:779][280503] (connection.cc:1824): Conn[35227000CRWS|S|0|1|p|57]: Sent STUN BINDING request, id=37345257462f71306d71476d, use_candidate=0, nomination=1
[013:819][327947] (resource_adaptation_processor.cc:226): Resource "BandwidthQualityScalerResource" signalled kUnderuse. Not adapting up because VideoStreamAdapter returned kAdaptationDisabled
[013:830][280503] (connection.cc:1702): Conn[35227000CRWI|S|0|1|p|57]: Received STUN BINDING response, id=37345257462f71306d71476d, code=0, rtt=51006 us, pings_since_last_response=37345257462f71306d71476d 
[013:865][280503] (connection.cc:957): Conn[35227000CRWS|S|0|1|p|56]: Sent STUN BINDING response, to=14.238.152.x:43559, writable=1, id=5a6b364b444c4b6a70533457
[014:134][329491] (bitrate_allocator.cc:500): Current BWE 1908000
[014:280][280503] (connection.cc:1824): Conn[47484c00CRWS|-|0|0|p|86]: Sent STUN BINDING request, id=5a2f6574785a453762626b45, use_candidate=0, nomination=0
[014:401][280503] (connection.cc:957): Conn[2192b000CRWS|-|0|0|p|87]: Sent STUN BINDING response, to=160.250.77.x:37348, writable=1, id=42526179445179435970696e
[014:416][280503] (connection.cc:1702): Conn[47484c00CRWI|-|0|0|p|86]: Received STUN BINDING response, id=5a2f6574785a453762626b45, code=0, rtt=136458 us, pings_since_last_response=5a2f6574785a453762626b45 
[014:785][280503] (connection.cc:1824): Conn[32b98c00CRWS|-|0|0|p|85]: Sent STUN BINDING request, id=727a6f3362576731684b6b47, use_candidate=0, nomination=0
[014:870][280503] (connection.cc:1702): Conn[32b98c00CRWI|-|0|0|p|85]: Received STUN BINDING response, id=727a6f3362576731684b6b47, code=0, rtt=84698 us, pings_since_last_response=727a6f3362576731684b6b47 
[014:881][280503] (connection.cc:957): Conn[36eaf000CRWS|-|0|0|p|93]: Sent STUN BINDING response, to=58.186.3.x:60453, writable=1, id=45384c7a426d394f506c7845
[015:286][280503] (connection.cc:1824): Conn[3ac19800CRWS|-|0|0|p|85]: Sent STUN BINDING request, id=42766b4e587a665642423849, use_candidate=0, nomination=0
[015:367][280503] (connection.cc:1702): Conn[3ac19800CRWI|-|0|0|p|85]: Received STUN BINDING response, id=42766b4e587a665642423849, code=0, rtt=80717 us, pings_since_last_response=42766b4e587a665642423849 
[015:372][280503] (connection.cc:957): Conn[35224c00CRWS|-|0|0|p|57]: Sent STUN BINDING response, to=14.238.152.x:43559, writable=1, id=784c2f784f4a503978514679
[015:789][280503] (connection.cc:1824): Conn[35224c00CRWS|-|0|0|p|57]: Sent STUN BINDING request, id=6e51676a4b4575474d513344, use_candidate=0, nomination=0
[015:843][280503] (connection.cc:1702): Conn[35224c00CRWI|-|0|0|p|57]: Received STUN BINDING response, id=6e51676a4b4575474d513344, code=0, rtt=54399 us, pings_since_last_response=6e51676a4b4575474d513344 
[015:853][280503] (turn_port.cc:1728): TurnPort(Port[52481900:0:1:0:relay:Net[pdp_ip0:100.81.44.x/32:Cellular:id=3]]-Remote[171.226.10.226:3478/udp]: TURN allocate request sent, id=6c556c566e3634426d4c7643
[015:914][280503] (connection.cc:957): Conn[32b98c00CRWS|-|0|0|p|85]: Sent STUN BINDING response, to=160.250.77.x:37348, writable=1, id=4465497641694c6737505556
[016:290][280503] (connection.cc:1824): Conn[35227000CRWS|S|0|1|p|56]: Sent STUN BINDING request, id=3856726e4942325972625452, use_candidate=0, nomination=1
[016:346][280503] (connection.cc:1702): Conn[35227000CRWI|S|0|1|p|56]: Received STUN BINDING response, id=3856726e4942325972625452, code=0, rtt=56284 us, pings_since_last_response=3856726e4942325972625452 
[016:378][280503] (connection.cc:957): Conn[35227000CRWS|S|0|1|p|56]: Sent STUN BINDING response, to=14.238.152.x:43559, writable=1, id=456b6931385a31445a773931
[016:792][280503] (connection.cc:1824): Conn[35224000CRWS|-|0|0|p|99]: Sent STUN BINDING request, id=325a434578444f6a685a4b30, use_candidate=0, nomination=0
[016:882][280503] (connection.cc:1702): Conn[35224000CRWI|-|0|0|p|99]: Received STUN BINDING response, id=325a434578444f6a685a4b30, code=0, rtt=90261 us, pings_since_last_response=325a434578444f6a685a4b30 
[016:920][280503] (connection.cc:957): Conn[3ac1a400CRWS|-|0|0|p|109]: Sent STUN BINDING response, to=160.250.77.x:33849, writable=1, id=445046307642646d4666346d
[017:292][280503] (connection.cc:1824): Conn[53a8cc00CRWS|-|0|0|p|112]: Sent STUN BINDING request, id=6f4358433942454856503374, use_candidate=0, nomination=0
[017:397][280503] (connection.cc:1702): Conn[53a8cc00CRWI|-|0|0|p|112]: Received STUN BINDING response, id=6f4358433942454856503374, code=0, rtt=105183 us, pings_since_last_response=6f4358433942454856503374 
[017:416][280503] (connection.cc:957): Conn[35224000CRWS|-|0|0|p|97]: Sent STUN BINDING response, to=58.186.3.x:60453, writable=1, id=313432746451627174617368
[017:732][329491] (video_receive_stream2.cc:1099): Multiple playout delays set. Actual delay value set to 15 ms frame min delay=<unset> base min delay=0 us sync min delay=15 ms
[017:795][280503] (connection.cc:1824): Conn[47485800CRWS|-|0|0|p|105]: Sent STUN BINDING request, id=556e316542653739446a6c44, use_candidate=0, nomination=0
[017:916][280503] (connection.cc:957): Conn[53a8e400CRWS|-|0|0|p|92]: Sent STUN BINDING response, to=58.186.3.x:27363, writable=1, id=416136784b364a785847717a
[017:928][280503] (connection.cc:1702): Conn[47485800CRWI|-|0|0|p|105]: Received STUN BINDING response, id=556e316542653739446a6c44, code=0, rtt=133327 us, pings_since_last_response=556e316542653739446a6c44 
[018:297][280503] (connection.cc:1824): Conn[3ac00c00CRWS|-|0|0|p|109]: Sent STUN BINDING request, id=43526554315a465969504843, use_candidate=0, nomination=0
[018:414][280503] (connection.cc:1702): Conn[3ac00c00CRWI|-|0|0|p|109]: Received STUN BINDING response, id=43526554315a465969504843, code=0, rtt=117371 us, pings_since_last_response=43526554315a465969504843 
[018:414][280503] (connection.cc:957): Conn[47485800CRWS|-|0|0|p|112]: Sent STUN BINDING response, to=14.238.152.x:45069, writable=1, id=66575271702f4675396b434f
[018:732][329491] (rtp_streams_synchronizer2.cc:136): Sync info stats: 6685003, {ssrc: 1233186867, cur_delay: 126 ms} {ssrc: 3992556228, cur_delay: 29204 us} {relative_delay_ms: 30} 
[018:799][280503] (connection.cc:1824): Conn[35227000CRWS|S|0|1|p|56]: Sent STUN BINDING request, id=49527a686d5572532f425241, use_candidate=0, nomination=1
[018:856][280503] (connection.cc:1702): Conn[35227000CRWI|S|0|1|p|56]: Received STUN BINDING response, id=49527a686d5572532f425241, code=0, rtt=56975 us, pings_since_last_response=49527a686d5572532f425241 
[018:885][280503] (connection.cc:957): Conn[35227000CRWS|S|0|1|p|56]: Sent STUN BINDING response, to=14.238.152.x:43559, writable=1, id=324e6643426b3169426e6848
[019:301][280503] (connection.cc:1824): Conn[3ac1a400CRWS|-|0|0|p|109]: Sent STUN BINDING request, id=624c6c57414636616f4e7439, use_candidate=0, nomination=0
[019:399][280503] (connection.cc:1702): Conn[3ac1a400CRWI|-|0|0|p|109]: Received STUN BINDING response, id=624c6c57414636616f4e7439, code=0, rtt=98351 us, pings_since_last_response=624c6c57414636616f4e7439 
[019:439][280503] (connection.cc:957): Conn[3ac00c00CRWS|-|0|0|p|111]: Sent STUN BINDING response, to=160.250.77.x:37348, writable=1, id=4b306f6f6c62456466672f6b
[019:557][329491] (rtp_video_stream_receiver2.cc:1449): Packet received on SSRC: 3992556228 with payload type: 35, timestamp: 1358213296, sequence number: 19186, arrival time: 6685826404 us, abs send time: 16013528
[019:773][329491] (webrtc_video_engine.cc:2519): VideoSendStream stats: 6686044, {input_fps: 20.0, encode_fps: 20, encode_ms: 5, encode_usage_perc: 45, target_bps: 900000, media_bps: 836688, suspended: false, bw_adapted_res: false, cpu_adapted_res: false, bw_adapted_fps: false, cpu_adapted_fps: false, #cpu_adaptations: 0, #quality_adaptations: 0} {ssrc: 860390162, type: media, width: 720, height: 404, key: 1, delta: 214, total_bps: 868432, retransmit_bps: 0, avg_delay_ms: 15, max_delay_ms: 22, cum_loss: 0, max_ext_seq: 8047, nack: 0, fir: 0, pli: 0}
[019:773][329491] (webrtc_video_engine.cc:1690): Call stats: 6686044, {send_bw_bps: 1908000, recv_bw_bps: 0, max_pad_bps: 0, pacer_delay_ms: 0, rtt_ms: 50}
[019:773][329491] (webrtc_video_engine.cc:3974): VideoReceiveStreamInterface stats: 6686044, {ssrc: 3992556228, total_bps: 896200, frameWidth: 720, frameHeight: 404, key: 1, delta: 205, framesAssembledFromMultiplePackets: 205, framesDecoded: 205, framesDropped: 0, network_fps: 20, decode_fps: 20, render_fps: 20, decode_ms: 3, max_decode_ms: 3, first_frame_received_to_decoded_ms: 20, current_delay_ms: 29, target_delay_ms: 16, jitter_delay_ms: 16, totalAssemblyTime: 0.517231, jitterBufferDelay: 3.47183, jitterBufferTargetDelay: 3.72344, jitterBufferEmittedCount: 205, jitterBufferMinimumDelay: 3.72344, totalDecodeTime: 0.585555, totalProcessingDelay: 4.07014, min_playout_delay_ms: 15, sync_offset_ms: -64, cum_loss: 0, nackCount: 0, firCount: 0, pliCount: 0}
[019:801][280503] (connection.cc:1824): Conn[53aa0000CRWS|-|0|0|p|89]: Sent STUN BINDING request, id=413955342f53547974642b30, use_candidate=0, nomination=0
[019:880][280503] (connection.cc:1702): Conn[53aa0000CRWI|-|0|0|p|89]: Received STUN BINDING response, id=413955342f53547974642b30, code=0, rtt=78899 us, pings_since_last_response=413955342f53547974642b30 
[019:899][280503] (connection.cc:957): Conn[53aa0000CRWS|-|0|0|p|87]: Sent STUN BINDING response, to=14.238.152.x:43559, writable=1, id=7843732b50396b3434656975
[020:018][329491] (bitrate_allocator.cc:500): Current BWE 1908000
[020:302][280503] (connection.cc:1824): Conn[35226400CRWS|-|0|0|p|78]: Sent STUN BINDING request, id=7a737a4a303958687770454e, use_candidate=0, nomination=0
[020:373][280503] (connection.cc:1702): Conn[35226400CRWI|-|0|0|p|78]: Received STUN BINDING response, id=7a737a4a303958687770454e, code=0, rtt=71499 us, pings_since_last_response=7a737a4a303958687770454e 
[020:440][280503] (connection.cc:957): Conn[53a8c000CRWS|-|0|0|p|96]: Sent STUN BINDING response, to=58.186.3.x:27363, writable=1, id=5645584c7454624632505a4d
[020:732][329491] (video_receive_stream2.cc:1099): Multiple playout delays set. Actual delay value set to 35 ms frame min delay=<unset> base min delay=0 us sync min delay=35 ms
[020:807][280503] (connection.cc:1824): Conn[53a8e400CRWS|-|0|0|p|92]: Sent STUN BINDING request, id=6b2b3073634874784170484f, use_candidate=0, nomination=0
[020:810][329491] (remote_ntp_time_estimator.cc:94): RTP timestamp: 1358325796 in NTP clock: 3998689662318 estimated time in receiver NTP clock: 3998689662313
[020:910][280503] (connection.cc:1702): Conn[53a8e400CRWI|-|0|0|p|92]: Received STUN BINDING response, id=6b2b3073634874784170484f, code=0, rtt=102970 us, pings_since_last_response=6b2b3073634874784170484f 
[020:914][280503] (connection.cc:957): Conn[47484c00CRWS|-|0|0|p|98]: Sent STUN BINDING response, to=14.238.152.x:45069, writable=1, id=4a6266642b324b6e4a38534b
[021:307][280503] (connection.cc:1824): Conn[35227000CRWS|S|0|1|p|56]: Sent STUN BINDING request, id=4f754663353970317a785569, use_candidate=0, nomination=1
[021:374][280503] (connection.cc:1702): Conn[35227000CRWI|S|0|1|p|56]: Received STUN BINDING response, id=4f754663353970317a785569, code=0, rtt=67477 us, pings_since_last_response=4f754663353970317a785569 
[021:405][280503] (connection.cc:957): Conn[35227000CRWS|S|0|1|p|59]: Sent STUN BINDING response, to=14.238.152.x:43559, writable=1, id=424e5133596b4a5534615039
[021:807][280503] (connection.cc:1824): Conn[47486400CRWS|-|0|0|p|162]: Sent STUN BINDING request, id=5466344e7847656c63436277, use_candidate=0, nomination=0
[021:889][280503] (connection.cc:1702): Conn[47486400CRWI|-|0|0|p|162]: Received STUN BINDING response, id=5466344e7847656c63436277, code=0, rtt=81672 us, pings_since_last_response=5466344e7847656c63436277 
[021:934][280503] (connection.cc:957): Conn[53a8cc00CRWS|-|0|0|p|110]: Sent STUN BINDING response, to=58.186.3.x:27363, writable=1, id=716c554f3871675a464a665a
[022:307][280503] (connection.cc:1824): Conn[2192b000CRWS|-|0|0|p|87]: Sent STUN BINDING request, id=596b784866764d4863583863, use_candidate=0, nomination=0
[022:406][280503] (connection.cc:1702): Conn[2192b000CRWI|-|0|0|p|87]: Received STUN BINDING response, id=596b784866764d4863583863, code=0, rtt=99392 us, pings_since_last_response=596b784866764d4863583863 
[022:424][280503] (connection.cc:957): Conn[3ac19800CRWS|-|0|0|p|84]: Sent STUN BINDING response, to=160.250.77.x:33849, writable=1, id=436a584c684e6f417141346e
[022:732][329491] (video_receive_stream2.cc:1099): Multiple playout delays set. Actual delay value set to 52 ms frame min delay=<unset> base min delay=0 us sync min delay=52 ms
[022:809][280503] (connection.cc:1824): Conn[53aa1800CRWS|-|0|0|p|84]: Sent STUN BINDING request, id=36654f367735316a39464856, use_candidate=0, nomination=0
[022:884][280503] (connection.cc:1702): Conn[53aa1800CRWI|-|0|0|p|84]: Received STUN BINDING response, id=36654f367735316a39464856, code=0, rtt=75350 us, pings_since_last_response=36654f367735316a39464856 
[022:918][280503] (connection.cc:957): Conn[35226400CRWS|-|0|0|p|76]: Sent STUN BINDING response, to=58.186.3.x:60453, writable=1, id=6d325658634e5276794a556a
[023:309][280503] (connection.cc:1824): Conn[36eaf000CRWS|-|0|0|p|93]: Sent STUN BINDING request, id=6b5135725571635456464e45, use_candidate=0, nomination=0
[023:378][280503] (connection.cc:1702): Conn[36eaf000CRWI|-|0|0|p|93]: Received STUN BINDING response, id=6b5135725571635456464e45, code=0, rtt=69063 us, pings_since_last_response=6b5135725571635456464e45 
[023:432][280503] (connection.cc:957): Conn[53aa1800CRWS|-|0|0|p|82]: Sent STUN BINDING response, to=160.250.77.x:33849, writable=1, id=67493144414a55656d554930
[023:809][280503] (connection.cc:1824): Conn[35227000CRWS|S|0|1|p|59]: Sent STUN BINDING request, id=464e31797157664968574d6c, use_candidate=0, nomination=1
[023:856][280503] (turn_port.cc:1728): TurnPort(Port[52481900:0:1:0:relay:Net[pdp_ip0:100.81.44.x/32:Cellular:id=3]]-Remote[171.226.10.226:3478/udp]: TURN allocate request sent, id=6c556c566e3634426d4c7643
[023:890][280503] (connection.cc:1702): Conn[35227000CRWI|S|0|1|p|59]: Received STUN BINDING response, id=464e31797157664968574d6c, code=0, rtt=81086 us, pings_since_last_response=464e31797157664968574d6c 
[023:907][280503] (connection.cc:957): Conn[35227000CRWS|S|0|1|p|64]: Sent STUN BINDING response, to=14.238.152.x:43559, writable=1, id=4a59346756366a2b7070696a
[024:255][234703] (resource_adaptation_processor.cc:226): Resource "EncoderUsageResource" signalled kUnderuse. Not adapting up because VideoStreamAdapter returned kAdaptationDisabled
[024:255][234703] (overuse_frame_detector.cc:645): CheckForOveruse: encode usage 29 overuse detections 0 rampup delay 10000 action AdaptUp
[024:310][280503] (connection.cc:1824): Conn[53a8c000CRWS|-|0|0|p|96]: Sent STUN BINDING request, id=45464958695a55517a784c62, use_candidate=0, nomination=0
[024:395][280503] (connection.cc:1702): Conn[53a8c000CRWI|-|0|0|p|96]: Received STUN BINDING response, id=45464958695a55517a784c62, code=0, rtt=84584 us, pings_since_last_response=45464958695a55517a784c62 
[024:422][280503] (connection.cc:957): Conn[47486400CRWS|-|0|0|p|142]: Sent STUN BINDING response, to=14.238.152.x:45069, writable=1, id=50593137384e77744a566c46
[024:811][280503] (connection.cc:1824): Conn[47484c00CRWS|-|0|0|p|98]: Sent STUN BINDING request, id=6f6d5a6f3134346655474437, use_candidate=0, nomination=0
[024:903][280503] (connection.cc:1702): Conn[47484c00CRWI|-|0|0|p|98]: Received STUN BINDING response, id=6f6d5a6f3134346655474437, code=0, rtt=92416 us, pings_since_last_response=6f6d5a6f3134346655474437 
[024:927][280503] (connection.cc:957): Conn[2192b000CRWS|-|0|0|p|90]: Sent STUN BINDING response, to=160.250.77.x:37348, writable=1, id=766d305969596d4e2f46534f
[025:312][280503] (connection.cc:1824): Conn[32b98c00CRWS|-|0|0|p|85]: Sent STUN BINDING request, id=7241547a6665517a4a42454a, use_candidate=0, nomination=0
[025:386][280503] (connection.cc:1702): Conn[32b98c00CRWI|-|0|0|p|85]: Received STUN BINDING response, id=7241547a6665517a4a42454a, code=0, rtt=74219 us, pings_since_last_response=7241547a6665517a4a42454a 
[025:424][280503] (connection.cc:957): Conn[36eaf000CRWS|-|0|0|p|87]: Sent STUN BINDING response, to=58.186.3.x:60453, writable=1, id=456d516258474c6276467865
[025:814][280503] (connection.cc:1824): Conn[3ac19800CRWS|-|0|0|p|84]: Sent STUN BINDING request, id=6136374b6a6b6c7363754f52, use_candidate=0, nomination=0
[025:885][280503] (connection.cc:1702): Conn[3ac19800CRWI|-|0|0|p|84]: Received STUN BINDING response, id=6136374b6a6b6c7363754f52, code=0, rtt=71634 us, pings_since_last_response=6136374b6a6b6c7363754f52 
[025:898][329491] (bitrate_allocator.cc:500): Current BWE 1908000
[025:914][280503] (connection.cc:957): Conn[35224c00CRWS|-|0|0|p|56]: Sent STUN BINDING response, to=14.238.152.x:43559, writable=1, id=772b4f6f73582b564f734855
[026:315][280503] (connection.cc:1824): Conn[35227000CRWS|S|0|1|p|64]: Sent STUN BINDING request, id=2f352f2f4f6c4d584b493937, use_candidate=0, nomination=1
[026:366][280503] (connection.cc:1702): Conn[35227000CRWI|S|0|1|p|64]: Received STUN BINDING response, id=2f352f2f4f6c4d584b493937, code=0, rtt=50722 us, pings_since_last_response=2f352f2f4f6c4d584b493937 
[026:410][280503] (connection.cc:957): Conn[35227000CRWS|S|0|1|p|61]: Sent STUN BINDING response, to=14.238.152.x:43559, writable=1, id=4241342f54574f6b37646e48
[026:817][280503] (connection.cc:1824): Conn[35224c00CRWS|-|0|0|p|56]: Sent STUN BINDING request, id=4435464978313542726c6154, use_candidate=0, nomination=0
[026:871][280503] (connection.cc:1702): Conn[35224c00CRWI|-|0|0|p|56]: Received STUN BINDING response, id=4435464978313542726c6154, code=0, rtt=53995 us, pings_since_last_response=4435464978313542726c6154 
[026:959][280503] (connection.cc:957): Conn[32b98c00CRWS|-|0|0|p|82]: Sent STUN BINDING response, to=160.250.77.x:37348, writable=1, id=4169557277582f444b447839
[027:318][280503] (connection.cc:1824): Conn[35224000CRWS|-|0|0|p|97]: Sent STUN BINDING request, id=5569427a6337563345506d44, use_candidate=0, nomination=0
[027:414][280503] (connection.cc:1702): Conn[35224000CRWI|-|0|0|p|97]: Received STUN BINDING response, id=5569427a6337563345506d44, code=0, rtt=96458 us, pings_since_last_response=5569427a6337563345506d44 
[027:451][280503] (connection.cc:957): Conn[3ac1a400CRWS|-|0|0|p|106]: Sent STUN BINDING response, to=160.250.77.x:33849, writable=1, id=44726c397745373064644767
[027:819][280503] (connection.cc:1824): Conn[53a8cc00CRWS|-|0|0|p|110]: Sent STUN BINDING request, id=72755a2b6f722b3336526562, use_candidate=0, nomination=0
[027:934][280503] (connection.cc:1702): Conn[53a8cc00CRWI|-|0|0|p|110]: Received STUN BINDING response, id=72755a2b6f722b3336526562, code=0, rtt=114924 us, pings_since_last_response=72755a2b6f722b3336526562 
[027:947][280503] (connection.cc:957): Conn[35224000CRWS|-|0|0|p|97]: Sent STUN BINDING response, to=58.186.3.x:60453, writable=1, id=53736c796746623839353972
[028:322][280503] (connection.cc:1824): Conn[47485800CRWS|-|0|0|p|112]: Sent STUN BINDING request, id=586b305070727a5058684b77, use_candidate=0, nomination=0
[028:445][280503] (connection.cc:957): Conn[53a8e400CRWS|-|0|0|p|95]: Sent STUN BINDING response, to=58.186.3.x:27363, writable=1, id=493247585979344955622b6d
[028:446][280503] (connection.cc:1702): Conn[47485800CRWI|-|0|0|p|112]: Received STUN BINDING response, id=586b305070727a5058684b77, code=0, rtt=124554 us, pings_since_last_response=586b305070727a5058684b77 
[028:732][329491] (video_receive_stream2.cc:1099): Multiple playout delays set. Actual delay value set to 69 ms frame min delay=<unset> base min delay=0 us sync min delay=69 ms
[028:823][280503] (connection.cc:1824): Conn[35227000CRWS|S|0|1|p|61]: Sent STUN BINDING request, id=4c7378554172453053717962, use_candidate=0, nomination=1
[028:877][280503] (connection.cc:1702): Conn[35227000CRWI|S|0|1|p|61]: Received STUN BINDING response, id=4c7378554172453053717962, code=0, rtt=54098 us, pings_since_last_response=4c7378554172453053717962 
[028:923][280503] (connection.cc:957): Conn[35227000CRWS|S|0|1|p|59]: Sent STUN BINDING response, to=14.238.152.x:43559, writable=1, id=71757a616578456864316b36
[028:931][327795] (audio_device_buffer.cc:471): [REC : 10092msec, 48kHz] callbacks: 1008, samples: 483840, rate: 47943, rate diff: 0%, level: 12042
[028:931][327795] (audio_device_buffer.cc:497): [PLAY: 10092msec, 48kHz] callbacks: 1008, samples: 483840, rate: 47943, rate diff: 0%, level: 14733
[029:240][321575] (overuse_frame_detector.cc:645): CheckForOveruse: encode usage 19 overuse detections 0 rampup delay 10000 action NoAction
[029:327][280503] (connection.cc:1824): Conn[3ac00c00CRWS|-|0|0|p|111]: Sent STUN BINDING request, id=397838647456677238355354, use_candidate=0, nomination=0
[029:476][280503] (connection.cc:957): Conn[47485800CRWS|-|0|0|p|115]: Sent STUN BINDING response, to=14.238.152.x:45069, writable=1, id=344c30695a363979657a3969
[029:495][280503] (connection.cc:1702): Conn[3ac00c00CRWI|-|0|0|p|111]: Received STUN BINDING response, id=397838647456677238355354, code=0, rtt=167711 us, pings_since_last_response=397838647456677238355354 
[029:564][329491] (rtp_video_stream_receiver2.cc:1449): Packet received on SSRC: 3992556228 with payload type: 35, timestamp: 1359113296, sequence number: 20203, arrival time: 6695833363 us, abs send time: 1857661
[029:731][329491] (rtp_streams_synchronizer2.cc:136): Sync info stats: 6696002, {ssrc: 1233186867, cur_delay: 132 ms} {ssrc: 3992556228, cur_delay: 69 ms} {relative_delay_ms: 16} 
[029:805][329491] (webrtc_video_engine.cc:2519): VideoSendStream stats: 6696076, {input_fps: 21.0, encode_fps: 20, encode_ms: 4, encode_usage_perc: 19, target_bps: 900000, media_bps: 834824, suspended: false, bw_adapted_res: false, cpu_adapted_res: false, bw_adapted_fps: false, cpu_adapted_fps: false, #cpu_adaptations: 0, #quality_adaptations: 0} {ssrc: 860390162, type: media, width: 720, height: 404, key: 1, delta: 414, total_bps: 894232, retransmit_bps: 0, avg_delay_ms: 13, max_delay_ms: 16, cum_loss: 0, max_ext_seq: 9085, nack: 10, fir: 0, pli: 0}
[029:805][329491] (webrtc_video_engine.cc:1690): Call stats: 6696076, {send_bw_bps: 1908000, recv_bw_bps: 0, max_pad_bps: 0, pacer_delay_ms: 0, rtt_ms: 51}
[029:805][329491] (webrtc_video_engine.cc:3974): VideoReceiveStreamInterface stats: 6696076, {ssrc: 3992556228, total_bps: 876688, frameWidth: 720, frameHeight: 404, key: 1, delta: 405, framesAssembledFromMultiplePackets: 405, framesDecoded: 405, framesDropped: 0, network_fps: 20, decode_fps: 20, render_fps: 20, decode_ms: 3, max_decode_ms: 3, first_frame_received_to_decoded_ms: 20, current_delay_ms: 69, target_delay_ms: 56, jitter_delay_ms: 14, totalAssemblyTime: 1.1208, jitterBufferDelay: 11.2837, jitterBufferTargetDelay: 10.7285, jitterBufferEmittedCount: 405, jitterBufferMinimumDelay: 6.59483, totalDecodeTime: 1.18155, totalProcessingDelay: 12.4912, min_playout_delay_ms: 69, sync_offset_ms: -30, cum_loss: 0, nackCount: 1, firCount: 0, pliCount: 0}
[029:828][280503] (connection.cc:1824): Conn[3ac1a400CRWS|-|0|0|p|106]: Sent STUN BINDING request, id=66492f7770554d3435666648, use_candidate=0, nomination=0
[029:926][280503] (connection.cc:1702): Conn[3ac1a400CRWI|-|0|0|p|106]: Received STUN BINDING response, id=66492f7770554d3435666648, code=0, rtt=98150 us, pings_since_last_response=66492f7770554d3435666648 
[029:958][280503] (connection.cc:957): Conn[3ac00c00CRWS|-|0|0|p|125]: Sent STUN BINDING response, to=160.250.77.x:37348, writable=1, id=437a4e7345796d387a356648
[030:141][280503] (srtp_session.cc:278): Failed to unprotect SRTP packet, err=9, previous failure count: 0
[030:141][280503] (srtp_transport.cc:100): Failed to unprotect RTP packet: size=117, seqnum=31298, SSRC=1233186867, previous failure count: 0, srtp_active=true, writable=true  __BWE_TRACE__
[030:329][280503] (connection.cc:1824): Conn[53aa0000CRWS|-|0|0|p|87]: Sent STUN BINDING request, id=3667526132443658426c772f, use_candidate=0, nomination=0
[030:402][280503] (connection.cc:1702): Conn[53aa0000CRWI|-|0|0|p|87]: Received STUN BINDING response, id=3667526132443658426c772f, code=0, rtt=73663 us, pings_since_last_response=3667526132443658426c772f 
[030:441][280503] (connection.cc:957): Conn[53aa0000CRWS|-|0|0|p|84]: Sent STUN BINDING response, to=14.238.152.x:43559, writable=1, id=6b2f67416b634561364c6f47
[030:831][280503] (connection.cc:1824): Conn[35226400CRWS|-|0|0|p|76]: Sent STUN BINDING request, id=746a66717362426179577546, use_candidate=0, nomination=0
[030:854][329491] (remote_ntp_time_estimator.cc:94): RTP timestamp: 1359230296 in NTP clock: 3998689672368 estimated time in receiver NTP clock: 3998689672365
[030:941][280503] (connection.cc:1702): Conn[35226400CRWI|-|0|0|p|76]: Received STUN BINDING response, id=746a66717362426179577546, code=0, rtt=110130 us, pings_since_last_response=746a66717362426179577546 
[030:966][280503] (connection.cc:957): Conn[53a8c000CRWS|-|0|0|p|93]: Sent STUN BINDING response, to=58.186.3.x:27363, writable=1, id=462f425253695147684b3844
[031:332][280503] (connection.cc:1824): Conn[35227000CRWS|S|0|1|p|59]: Sent STUN BINDING request, id=684731393939453235523665, use_candidate=0, nomination=1
[031:383][280503] (connection.cc:1702): Conn[35227000CRWI|S|0|1|p|59]: Received STUN BINDING response, id=684731393939453235523665, code=0, rtt=50581 us, pings_since_last_response=684731393939453235523665 
[031:433][280503] (connection.cc:957): Conn[35227000CRWS|S|0|1|p|57]: Sent STUN BINDING response, to=14.238.152.x:43559, writable=1, id=426268612b6c636934764d4e
[031:759][329491] (bitrate_allocator.cc:500): Current BWE 1908000
[031:835][280503] (connection.cc:1824): Conn[53a8e400CRWS|-|0|0|p|95]: Sent STUN BINDING request, id=733853564d7953686d5a4677, use_candidate=0, nomination=0
[031:858][280503] (turn_port.cc:1728): TurnPort(Port[52481900:0:1:0:relay:Net[pdp_ip0:100.81.44.x/32:Cellular:id=3]]-Remote[171.226.10.226:3478/udp]: TURN allocate request sent, id=6c556c566e3634426d4c7643
[031:948][280503] (connection.cc:1702): Conn[53a8e400CRWI|-|0|0|p|95]: Received STUN BINDING response, id=733853564d7953686d5a4677, code=0, rtt=113667 us, pings_since_last_response=733853564d7953686d5a4677 
[031:954][280503] (connection.cc:957): Conn[47484c00CRWS|-|0|0|p|97]: Sent STUN BINDING response, to=14.238.152.x:45069, writable=1, id=78496165733337646c623873
[032:336][280503] (connection.cc:1824): Conn[47486400CRWS|-|0|0|p|142]: Sent STUN BINDING request, id=767262667271395463314532, use_candidate=0, nomination=0
[032:424][280503] (connection.cc:1702): Conn[47486400CRWI|-|0|0|p|142]: Received STUN BINDING response, id=767262667271395463314532, code=0, rtt=88033 us, pings_since_last_response=767262667271395463314532 
[032:486][280503] (connection.cc:957): Conn[53a8cc00CRWS|-|0|0|p|111]: Sent STUN BINDING response, to=58.186.3.x:27363, writable=1, id=622b4b74614153574f6f7244
[032:836][280503] (connection.cc:1824): Conn[2192b000CRWS|-|0|0|p|90]: Sent STUN BINDING request, id=516a61354e7a4e7549752b56, use_candidate=0, nomination=0
[032:942][280503] (connection.cc:1702): Conn[2192b000CRWI|-|0|0|p|90]: Received STUN BINDING response, id=516a61354e7a4e7549752b56, code=0, rtt=106221 us, pings_since_last_response=516a61354e7a4e7549752b56 
[032:960][280503] (connection.cc:957): Conn[3ac19800CRWS|-|0|0|p|81]: Sent STUN BINDING response, to=160.250.77.x:33849, writable=1, id=535930793877546e34784f79
[033:346][280503] (connection.cc:1824): Conn[53aa1800CRWS|-|0|0|p|82]: Sent STUN BINDING request, id=4d616c2f7564425176365075, use_candidate=0, nomination=0
[033:446][280503] (connection.cc:1702): Conn[53aa1800CRWI|-|0|0|p|82]: Received STUN BINDING response, id=4d616c2f7564425176365075, code=0, rtt=100277 us, pings_since_last_response=4d616c2f7564425176365075 
[033:481][280503] (connection.cc:957): Conn[35226400CRWS|-|0|0|p|85]: Sent STUN BINDING response, to=58.186.3.x:60453, writable=1, id=32326f714c65784c6c68626a
[033:847][280503] (connection.cc:1824): Conn[35227000CRWS|S|0|1|p|57]: Sent STUN BINDING request, id=425643346f35533854476f61, use_candidate=0, nomination=1
[033:901][280503] (connection.cc:1702): Conn[35227000CRWI|S|0|1|p|57]: Received STUN BINDING response, id=425643346f35533854476f61, code=0, rtt=54756 us, pings_since_last_response=425643346f35533854476f61 
[033:942][280503] (connection.cc:957): Conn[35227000CRWS|S|0|1|p|57]: Sent STUN BINDING response, to=14.238.152.x:43559, writable=1, id=374e364e6d43494d41776879
[034:347][280503] (connection.cc:1824): Conn[36eaf000CRWS|-|0|0|p|87]: Sent STUN BINDING request, id=33417149764f327255715764, use_candidate=0, nomination=0
[034:355][327795] (overuse_frame_detector.cc:645): CheckForOveruse: encode usage 15 overuse detections 0 rampup delay 10000 action AdaptUp
[034:446][280503] (connection.cc:1702): Conn[36eaf000CRWI|-|0|0|p|87]: Received STUN BINDING response, id=33417149764f327255715764, code=0, rtt=99101 us, pings_since_last_response=33417149764f327255715764 
[034:485][280503] (connection.cc:957): Conn[53aa1800CRWS|-|0|0|p|87]: Sent STUN BINDING response, to=160.250.77.x:33849, writable=1, id=582b5531566b5674766b465a
[034:854][280503] (connection.cc:1824): Conn[53a8c000CRWS|-|0|0|p|93]: Sent STUN BINDING request, id=37674a65562f765048494a73, use_candidate=0, nomination=0
[034:954][280503] (connection.cc:1702): Conn[53a8c000CRWI|-|0|0|p|93]: Received STUN BINDING response, id=37674a65562f765048494a73, code=0, rtt=99604 us, pings_since_last_response=37674a65562f765048494a73 
[034:964][280503] (connection.cc:957): Conn[47486400CRWS|-|0|0|p|128]: Sent STUN BINDING response, to=14.238.152.x:45069, writable=1, id=634553354a5167746d66762f
[035:358][280503] (connection.cc:1824): Conn[47484c00CRWS|-|0|0|p|97]: Sent STUN BINDING request, id=71664a4b50425462664c3965, use_candidate=0, nomination=0
[035:440][280503] (connection.cc:1702): Conn[47484c00CRWI|-|0|0|p|97]: Received STUN BINDING response, id=71664a4b50425462664c3965, code=0, rtt=83768 us, pings_since_last_response=71664a4b50425462664c3965 
[035:470][280503] (connection.cc:957): Conn[2192b000CRWS|-|0|0|p|94]: Sent STUN BINDING response, to=160.250.77.x:37348, writable=1, id=794c70373142624c507a5568
[035:731][329491] (video_receive_stream2.cc:1099): Multiple playout delays set. Actual delay value set to 87 ms frame min delay=<unset> base min delay=0 us sync min delay=87 ms
[035:859][280503] (connection.cc:1824): Conn[32b98c00CRWS|-|0|0|p|82]: Sent STUN BINDING request, id=5748395a4542685a4a67742f, use_candidate=0, nomination=0
[035:951][280503] (connection.cc:1702): Conn[32b98c00CRWI|-|0|0|p|82]: Received STUN BINDING response, id=5748395a4542685a4a67742f, code=0, rtt=91573 us, pings_since_last_response=5748395a4542685a4a67742f 
[035:975][280503] (connection.cc:957): Conn[36eaf000CRWS|-|0|0|p|90]: Sent STUN BINDING response, to=58.186.3.x:60453, writable=1, id=6a31656934526c3932384430
[036:360][280503] (connection.cc:1824): Conn[35227000CRWS|S|0|1|p|57]: Sent STUN BINDING request, id=6461436c5952597532537541, use_candidate=0, nomination=1
[036:419][280503] (connection.cc:1702): Conn[35227000CRWI|S|0|1|p|57]: Received STUN BINDING response, id=6461436c5952597532537541, code=0, rtt=58437 us, pings_since_last_response=6461436c5952597532537541 
[036:458][280503] (connection.cc:957): Conn[35227000CRWS|S|0|1|p|57]: Sent STUN BINDING response, to=14.238.152.x:43559, writable=1, id=63774e34506b646170786a2b
[036:861][280503] (connection.cc:1824): Conn[3ac19800CRWS|-|0|0|p|81]: Sent STUN BINDING request, id=4a77664e315032697850594e, use_candidate=0, nomination=0
[036:935][280503] (connection.cc:1702): Conn[3ac19800CRWI|-|0|0|p|81]: Received STUN BINDING response, id=4a77664e315032697850594e, code=0, rtt=74119 us, pings_since_last_response=4a77664e315032697850594e 
[036:959][280503] (connection.cc:957): Conn[35224c00CRWS|-|0|0|p|56]: Sent STUN BINDING response, to=14.238.152.x:43559, writable=1, id=457a735246586e7079772b4b
[037:162][329491] (bitrate_allocator.cc:500): Current BWE 1908000
[037:362][280503] (connection.cc:1824): Conn[35224c00CRWS|-|0|0|p|56]: Sent STUN BINDING request, id=6856485430442b58574b5344, use_candidate=0, nomination=0
[037:434][280503] (connection.cc:1702): Conn[35224c00CRWI|-|0|0|p|56]: Received STUN BINDING response, id=6856485430442b58574b5344, code=0, rtt=71659 us, pings_since_last_response=6856485430442b58574b5344 
[037:485][280503] (connection.cc:957): Conn[32b98c00CRWS|-|0|0|p|84]: Sent STUN BINDING response, to=160.250.77.x:37348, writable=1, id=61653247307244386c7a3156
[037:863][280503] (connection.cc:1824): Conn[35224000CRWS|-|0|0|p|97]: Sent STUN BINDING request, id=316d65376d65786274705932, use_candidate=0, nomination=0
[037:952][280503] (connection.cc:1702): Conn[35224000CRWI|-|0|0|p|97]: Received STUN BINDING response, id=316d65376d65786274705932, code=0, rtt=89899 us, pings_since_last_response=316d65376d65786274705932 
[037:985][280503] (connection.cc:957): Conn[3ac1a400CRWS|-|0|0|p|104]: Sent STUN BINDING response, to=160.250.77.x:33849, writable=1, id=74473058467267436e754d37
[038:365][280503] (connection.cc:1824): Conn[53a8cc00CRWS|-|0|0|p|111]: Sent STUN BINDING request, id=432b6e63736f52474c7a5567, use_candidate=0, nomination=0
[038:478][280503] (connection.cc:957): Conn[35224000CRWS|-|0|0|p|95]: Sent STUN BINDING response, to=58.186.3.x:60453, writable=1, id=5a5132537373716e4d694738
[038:615][280503] (connection.cc:407): Conn[53a8cc00CRWI|-|0|0|p|111]: set_receiving to 0
[038:615][280503] (wrapping_active_ice_controller.cc:223): Not switching selected connection due to: candidate pair state changed
[038:615][280503] (connection.cc:1014): Conn[53aa1800CRWS|-|0|0|p|87]: Connection pruned with force: 0, reason: Pruned by P2PTransportChannel
[038:615][280503] (connection.cc:380): Conn[53aa1800CRxS|-|0|0|p|87]: set_write_state from: 0 to 3
[038:615][280503] (connection.cc:1014): Conn[35224c00CRWS|-|0|0|p|60]: Connection pruned with force: 0, reason: Pruned by P2PTransportChannel
[038:615][280503] (connection.cc:380): Conn[35224c00CRxS|-|0|0|p|60]: set_write_state from: 0 to 3
[038:615][280503] (connection.cc:1014): Conn[3ac19800CRWS|-|0|0|p|79]: Connection pruned with force: 0, reason: Pruned by P2PTransportChannel
[038:615][280503] (connection.cc:380): Conn[3ac19800CRxS|-|0|0|p|79]: set_write_state from: 0 to 3
[038:616][280503] (connection.cc:1014): Conn[53aa0000CRWS|-|0|0|p|84]: Connection pruned with force: 0, reason: Pruned by P2PTransportChannel
[038:616][280503] (connection.cc:380): Conn[53aa0000CRxS|-|0|0|p|84]: set_write_state from: 0 to 3
[038:616][280503] (connection.cc:1014): Conn[3ac1a400CRWS|-|0|0|p|104]: Connection pruned with force: 0, reason: Pruned by P2PTransportChannel
[038:616][280503] (connection.cc:380): Conn[3ac1a400CRxS|-|0|0|p|104]: set_write_state from: 0 to 3
[038:616][280503] (connection.cc:1014): Conn[36eaf000CRWS|-|0|0|p|90]: Connection pruned with force: 0, reason: Pruned by P2PTransportChannel
[038:616][280503] (connection.cc:380): Conn[36eaf000CRxS|-|0|0|p|90]: set_write_state from: 0 to 3
[038:616][280503] (connection.cc:1014): Conn[35224000CRWS|-|0|0|p|95]: Connection pruned with force: 0, reason: Pruned by P2PTransportChannel
[038:616][280503] (connection.cc:380): Conn[35224000CRxS|-|0|0|p|95]: set_write_state from: 0 to 3
[038:616][280503] (connection.cc:1014): Conn[35226400CRWS|-|0|0|p|85]: Connection pruned with force: 0, reason: Pruned by P2PTransportChannel
[038:616][280503] (connection.cc:380): Conn[35226400CRxS|-|0|0|p|85]: set_write_state from: 0 to 3
[038:616][280503] (connection.cc:1014): Conn[2192b000CRWS|-|0|0|p|94]: Connection pruned with force: 0, reason: Pruned by P2PTransportChannel
[038:616][280503] (connection.cc:380): Conn[2192b000CRxS|-|0|0|p|94]: set_write_state from: 0 to 3
[038:616][280503] (connection.cc:1014): Conn[53a8c000CRWS|-|0|0|p|95]: Connection pruned with force: 0, reason: Pruned by P2PTransportChannel
[038:616][280503] (connection.cc:380): Conn[53a8c000CRxS|-|0|0|p|95]: set_write_state from: 0 to 3
[038:616][280503] (connection.cc:1014): Conn[47486400CRWS|-|0|0|p|128]: Connection pruned with force: 0, reason: Pruned by P2PTransportChannel
[038:616][280503] (connection.cc:380): Conn[47486400CRxS|-|0|0|p|128]: set_write_state from: 0 to 3
[038:616][280503] (connection.cc:1014): Conn[32b98c00CRWS|-|0|0|p|84]: Connection pruned with force: 0, reason: Pruned by P2PTransportChannel
[038:616][280503] (connection.cc:380): Conn[32b98c00CRxS|-|0|0|p|84]: set_write_state from: 0 to 3
[038:616][280503] (connection.cc:1014): Conn[47484c00CRWS|-|0|0|p|94]: Connection pruned with force: 0, reason: Pruned by P2PTransportChannel
[038:616][280503] (connection.cc:380): Conn[47484c00CRxS|-|0|0|p|94]: set_write_state from: 0 to 3
[038:616][280503] (connection.cc:1014): Conn[3ac00c00CRWS|-|0|0|p|125]: Connection pruned with force: 0, reason: Pruned by P2PTransportChannel
[038:616][280503] (connection.cc:380): Conn[3ac00c00CRxS|-|0|0|p|125]: set_write_state from: 0 to 3
[038:616][280503] (connection.cc:1014): Conn[53a8e400CRWS|-|0|0|p|100]: Connection pruned with force: 0, reason: Pruned by P2PTransportChannel
[038:616][280503] (connection.cc:380): Conn[53a8e400CRxS|-|0|0|p|100]: set_write_state from: 0 to 3
[038:616][280503] (connection.cc:1014): Conn[47485800CRWS|-|0|0|p|115]: Connection pruned with force: 0, reason: Pruned by P2PTransportChannel
[038:616][280503] (connection.cc:380): Conn[47485800CRxS|-|0|0|p|115]: set_write_state from: 0 to 3
[038:616][280503] (connection.cc:1014): Conn[53a8cc00C-WI|-|0|0|p|111]: Connection pruned with force: 0, reason: Pruned by P2PTransportChannel
[038:616][280503] (connection.cc:380): Conn[53a8cc00C-xI|-|0|0|p|111]: set_write_state from: 0 to 3
[038:616][280503] (p2p_transport_channel.cc:2027): Channel[0|1|RW: Transport channel state changed from 1 to 2 with writable=1, receiving=1, iceCurrent=2, ice=2, conns=18, selected=1
[038:616][280503] (jsep_transport_controller.cc:1284): 0 Transport 1 state changed. Check if state is complete.
[038:616][280503] (wrapping_active_ice_controller.cc:223): Not switching selected connection due to: candidate pair state changed
[038:731][329491] (video_receive_stream2.cc:1099): Multiple playout delays set. Actual delay value set to 102 ms frame min delay=<unset> base min delay=0 us sync min delay=102 ms
[038:865][280503] (connection.cc:1824): Conn[35227000CRWS|S|0|1|p|57]: Sent STUN BINDING request, id=50332b6c7161756861514572, use_candidate=0, nomination=1
[038:907][280503] (connection.cc:1702): Conn[35227000CRWI|S|0|1|p|57]: Received STUN BINDING response, id=50332b6c7161756861514572, code=0, rtt=41822 us, pings_since_last_response=50332b6c7161756861514572 
[038:951][280503] (connection.cc:957): Conn[35227000CRWS|S|0|1|p|53]: Sent STUN BINDING response, to=14.238.152.x:43559, writable=1, id=773146434a345574644b7558
[039:259][319239] (overuse_frame_detector.cc:645): CheckForOveruse: encode usage 12 overuse detections 0 rampup delay 10000 action NoAction
[039:260][320751] (audio_device_buffer.cc:471): [REC : 10329msec, 48kHz] callbacks: 1034, samples: 496320, rate: 48051, rate diff: 0%, level: 16980
[039:260][320751] (audio_device_buffer.cc:497): [PLAY: 10329msec, 48kHz] callbacks: 1034, samples: 496320, rate: 48051, rate diff: 0%, level: 8236
[039:481][280503] (connection.cc:634): Conn[53a8e400CRxS|-|0|0|p|100]: Received STUN BINDING request, id=456465784a483238455a6c55
[039:482][280503] (connection.cc:957): Conn[53a8e400CRxS|-|0|0|p|100]: Sent STUN BINDING response, to=58.186.3.x:27363, writable=0, id=456465784a483238455a6c55
[039:600][329491] (rtp_video_stream_receiver2.cc:1449): Packet received on SSRC: 3992556228 with payload type: 35, timestamp: 1360017706, sequence number: 21234, arrival time: 6705869585 us, abs send time: 4492389
[039:837][329491] (webrtc_video_engine.cc:2519): VideoSendStream stats: 6706107, {input_fps: 20.0, encode_fps: 20, encode_ms: 4, encode_usage_perc: 12, target_bps: 900000, media_bps: 828048, suspended: false, bw_adapted_res: false, cpu_adapted_res: false, bw_adapted_fps: false, cpu_adapted_fps: false, #cpu_adaptations: 0, #quality_adaptations: 0} {ssrc: 860390162, type: media, width: 720, height: 404, key: 1, delta: 615, total_bps: 865136, retransmit_bps: 0, avg_delay_ms: 16, max_delay_ms: 20, cum_loss: 5, max_ext_seq: 10174, nack: 11, fir: 0, pli: 0}
[039:837][329491] (webrtc_video_engine.cc:1690): Call stats: 6706107, {send_bw_bps: 1908000, recv_bw_bps: 0, max_pad_bps: 0, pacer_delay_ms: 0, rtt_ms: 52}
[039:837][329491] (webrtc_video_engine.cc:3974): VideoReceiveStreamInterface stats: 6706107, {ssrc: 3992556228, total_bps: 927352, frameWidth: 720, frameHeight: 404, key: 1, delta: 606, framesAssembledFromMultiplePackets: 605, framesDecoded: 605, framesDropped: 0, network_fps: 20, decode_fps: 20, render_fps: 20, decode_ms: 3, max_decode_ms: 3, first_frame_received_to_decoded_ms: 20, current_delay_ms: 102, target_delay_ms: 89, jitter_delay_ms: 13, totalAssemblyTime: 2.21016, jitterBufferDelay: 25.5778, jitterBufferTargetDelay: 23.7165, jitterBufferEmittedCount: 605, jitterBufferMinimumDelay: 9.33249, totalDecodeTime: 1.75707, totalProcessingDelay: 27.3738, min_playout_delay_ms: 102, sync_offset_ms: -20, cum_loss: 0, nackCount: 2, firCount: 0, pliCount: 0}
[039:859][280503] (turn_port.cc:1830): TurnPort(Port[52481900:0:1:0:relay:Net[pdp_ip0:100.81.44.x/32:Cellular:id=3]]-Remote[171.226.10.226:3478/udp]: TURN allocate request 6c556c566e3634426d4c7643 timeout
[039:859][280503] (basic_port_allocator.cc:1082): AddAllocatedPort: TurnPort(Port[52481900:0:1:0:relay:Net[pdp_ip0:100.81.44.x/32:Cellular:id=3]]-Remote[171.226.10.226:3478/udp]: OnCandidateError
[039:859][280503] (basic_port_allocator.cc:1277): TurnPort(Port[52481900:0:1:0:relay:Net[pdp_ip0:100.81.44.x/32:Cellular:id=3]]-Remote[171.226.10.226:3478/udp]: Port encountered error while gathering candidates.
[039:859][280503] (basic_port_allocator.cc:1333): All candidates gathered for 0:1:0
[039:859][280503] (p2p_transport_channel.cc:1009): P2PTransportChannel: 0, component 1 gathering complete, but using continual gathering so not changing gathering state.
[039:977][280503] (connection.cc:634): Conn[47485800CRxS|-|0|0|p|115]: Received STUN BINDING request, id=4f2f49786858416d7a417458
[039:977][280503] (connection.cc:957): Conn[47485800CRxS|-|0|0|p|115]: Sent STUN BINDING response, to=14.238.152.x:45069, writable=0, id=4f2f49786858416d7a417458
[040:515][280503] (connection.cc:634): Conn[3ac00c00CRxS|-|0|0|p|125]: Received STUN BINDING request, id=71725932546672694a584c42
[040:516][280503] (connection.cc:957): Conn[3ac00c00CRxS|-|0|0|p|125]: Sent STUN BINDING response, to=160.250.77.x:37348, writable=0, id=71725932546672694a584c42
[040:732][329491] (rtp_streams_synchronizer2.cc:136): Sync info stats: 6707002, {ssrc: 1233186867, cur_delay: 144 ms} {ssrc: 3992556228, cur_delay: 102 ms} {relative_delay_ms: 24} 
[040:859][329491] (remote_ntp_time_estimator.cc:94): RTP timestamp: 1360130206 in NTP clock: 3998689682367 estimated time in receiver NTP clock: 3998689682362
[040:968][280503] (connection.cc:634): Conn[53aa0000CRxS|-|0|0|p|84]: Received STUN BINDING request, id=315364396b467a3845765253
[040:969][280503] (connection.cc:957): Conn[53aa0000CRxS|-|0|0|p|84]: Sent STUN BINDING response, to=14.238.152.x:43559, writable=0, id=315364396b467a3845765253
[041:370][280503] (connection.cc:1824): Conn[35227000CRWS|S|0|1|p|53]: Sent STUN BINDING request, id=706243626c6b6d5a33463973, use_candidate=0, nomination=1
[041:432][280503] (connection.cc:1702): Conn[35227000CRWI|S|0|1|p|53]: Received STUN BINDING response, id=706243626c6b6d5a33463973, code=0, rtt=61682 us, pings_since_last_response=706243626c6b6d5a33463973 
[041:465][280503] (connection.cc:957): Conn[35227000CRWS|S|0|1|p|55]: Sent STUN BINDING response, to=14.238.152.x:43559, writable=1, id=50675131554859666f493843
[041:999][280503] (connection.cc:634): Conn[53a8c000CRxS|-|0|0|p|95]: Received STUN BINDING request, id=6d6f685577364c6667794c79
[041:999][280503] (connection.cc:957): Conn[53a8c000CRxS|-|0|0|p|95]: Sent STUN BINDING response, to=58.186.3.x:27363, writable=0, id=6d6f685577364c6667794c79
[042:433][329491] (bitrate_allocator.cc:500): Current BWE 1908000
[042:507][280503] (connection.cc:634): Conn[47484c00CRxS|-|0|0|p|94]: Received STUN BINDING request, id=32314e51706134502b487233
[042:507][280503] (connection.cc:957): Conn[47484c00CRxS|-|0|0|p|94]: Sent STUN BINDING response, to=14.238.152.x:45069, writable=0, id=32314e51706134502b487233
[043:005][280503] (connection.cc:634): Conn[53a8cc00C-xI|-|0|0|p|111]: Received STUN BINDING request, id=55394e734c4147553636762b
[043:005][280503] (connection.cc:407): Conn[53a8cc00C-xI|-|0|0|p|111]: set_receiving to 1
[043:005][280503] (connection.cc:957): Conn[53a8cc00CRxI|-|0|0|p|111]: Sent STUN BINDING response, to=58.186.3.x:27363, writable=0, id=55394e734c4147553636762b
[043:005][280503] (wrapping_active_ice_controller.cc:223): Not switching selected connection due to: candidate pair state changed
[043:495][280503] (connection.cc:634): Conn[3ac19800CRxS|-|0|0|p|79]: Received STUN BINDING request, id=36456e6f667665612f666c4f
[043:495][280503] (connection.cc:957): Conn[3ac19800CRxS|-|0|0|p|79]: Sent STUN BINDING response, to=160.250.77.x:33849, writable=0, id=36456e6f667665612f666c4f
[043:878][280503] (connection.cc:1824): Conn[35227000CRWS|S|0|1|p|55]: Sent STUN BINDING request, id=6b41466c7478324155305054, use_candidate=0, nomination=1
[043:927][280503] (connection.cc:1702): Conn[35227000CRWI|S|0|1|p|55]: Received STUN BINDING response, id=6b41466c7478324155305054, code=0, rtt=49806 us, pings_since_last_response=6b41466c7478324155305054 
[043:972][280503] (connection.cc:957): Conn[35227000CRWS|S|0|1|p|54]: Sent STUN BINDING response, to=14.238.152.x:43559, writable=1, id=684d786f5845324752696b51
[044:147][321575] (overuse_frame_detector.cc:645): CheckForOveruse: encode usage 11 overuse detections 0 rampup delay 10000 action NoAction
[044:494][280503] (connection.cc:634): Conn[35226400CRxS|-|0|0|p|85]: Received STUN BINDING request, id=766958385953534958367845
[044:495][280503] (connection.cc:957): Conn[35226400CRxS|-|0|0|p|85]: Sent STUN BINDING response, to=58.186.3.x:60453, writable=0, id=766958385953534958367845
[044:816][280503] (port.cc:1014): TurnPort(Port[52481900:0:1:0:relay:Net[pdp_ip0:100.81.44.x/32:Cellular:id=3]]-Remote[171.226.10.226:3478/udp]: Port deleted
[044:816][280503] (basic_port_allocator.cc:1350): TurnPort(Port[52481900:0:1:0:relay:Net[pdp_ip0:100.81.44.x/32:Cellular:id=3]]-Remote[171.226.10.226:3478/udp]: Removed port from allocator (4 remaining)
[044:991][280503] (connection.cc:634): Conn[53aa1800CRxS|-|0|0|p|87]: Received STUN BINDING request, id=7072736c644c73436c6c6734
[044:991][280503] (connection.cc:957): Conn[53aa1800CRxS|-|0|0|p|87]: Sent STUN BINDING response, to=160.250.77.x:33849, writable=0, id=7072736c644c73436c6c6734
[045:506][280503] (connection.cc:634): Conn[47486400CRxS|-|0|0|p|128]: Received STUN BINDING request, id=2b3069567a4e39577a426473
[045:506][280503] (connection.cc:957): Conn[47486400CRxS|-|0|0|p|128]: Sent STUN BINDING response, to=14.238.152.x:45069, writable=0, id=2b3069567a4e39577a426473
[045:631][280503] (connection.cc:407): Conn[53a8cc00CRxI|-|0|0|p|111]: set_receiving to 0
[045:632][280503] (wrapping_active_ice_controller.cc:223): Not switching selected connection due to: candidate pair state changed
[046:012][280503] (connection.cc:634): Conn[2192b000CRxS|-|0|0|p|94]: Received STUN BINDING request, id=4c4862526742704a61514458
[046:013][280503] (connection.cc:957): Conn[2192b000CRxS|-|0|0|p|94]: Sent STUN BINDING response, to=160.250.77.x:37348, writable=0, id=4c4862526742704a61514458
[046:383][280503] (connection.cc:1824): Conn[35227000CRWS|S|0|1|p|54]: Sent STUN BINDING request, id=672b7278555a6d5a7a754737, use_candidate=0, nomination=1
[046:422][280503] (connection.cc:1702): Conn[35227000CRWI|S|0|1|p|54]: Received STUN BINDING response, id=672b7278555a6d5a7a754737, code=0, rtt=38722 us, pings_since_last_response=672b7278555a6d5a7a754737 
[046:475][280503] (connection.cc:957): Conn[35227000CRWS|S|0|1|p|50]: Sent STUN BINDING response, to=14.238.152.x:43559, writable=1, id=7652523774775a49646c666f
[047:006][280503] (connection.cc:634): Conn[36eaf000CRxS|-|0|0|p|90]: Received STUN BINDING request, id=447653326e6739313368336c
[047:006][280503] (connection.cc:957): Conn[36eaf000CRxS|-|0|0|p|90]: Sent STUN BINDING response, to=58.186.3.x:60453, writable=0, id=447653326e6739313368336c
[047:479][280503] (connection.cc:634): Conn[35224c00CRxS|-|0|0|p|60]: Received STUN BINDING request, id=685042454d6f505639344e55
[047:480][280503] (connection.cc:957): Conn[35224c00CRxS|-|0|0|p|60]: Sent STUN BINDING response, to=14.238.152.x:43559, writable=0, id=685042454d6f505639344e55
[047:833][329491] (bitrate_allocator.cc:500): Current BWE 1908000
[048:021][280503] (connection.cc:634): Conn[32b98c00CRxS|-|0|0|p|84]: Received STUN BINDING request, id=303732417550666432675264
[048:021][280503] (connection.cc:957): Conn[32b98c00CRxS|-|0|0|p|84]: Sent STUN BINDING response, to=160.250.77.x:37348, writable=0, id=303732417550666432675264
[048:517][280503] (connection.cc:634): Conn[3ac1a400CRxS|-|0|0|p|104]: Received STUN BINDING request, id=6d2f3958363749494d725a44
[048:517][280503] (connection.cc:957): Conn[3ac1a400CRxS|-|0|0|p|104]: Sent STUN BINDING response, to=160.250.77.x:33849, writable=0, id=6d2f3958363749494d725a44
[048:889][280503] (connection.cc:1824): Conn[35227000CRWS|S|0|1|p|50]: Sent STUN BINDING request, id=674d3866614e39503776374a, use_candidate=0, nomination=1
[048:925][280503] (connection.cc:1702): Conn[35227000CRWI|S|0|1|p|50]: Received STUN BINDING response, id=674d3866614e39503776374a, code=0, rtt=36924 us, pings_since_last_response=674d3866614e39503776374a 
[048:983][280503] (connection.cc:957): Conn[35227000CRWS|S|0|1|p|47]: Sent STUN BINDING response, to=14.238.152.x:43559, writable=1, id=484b35596c64543467356e41
[049:265][321575] (overuse_frame_detector.cc:645): CheckForOveruse: encode usage 10 overuse detections 0 rampup delay 10000 action AdaptUp
[049:265][347779] (audio_device_buffer.cc:471): [REC : 10006msec, 48kHz] callbacks: 1000, samples: 480000, rate: 47971, rate diff: 0%, level: 16822
[049:265][347779] (audio_device_buffer.cc:497): [PLAY: 10006msec, 48kHz] callbacks: 1000, samples: 480000, rate: 47971, rate diff: 0%, level: 19503
[049:541][280503] (connection.cc:634): Conn[35224000CRxS|-|0|0|p|95]: Received STUN BINDING request, id=794e41794f7235636a735538
[049:541][280503] (connection.cc:957): Conn[35224000CRxS|-|0|0|p|95]: Sent STUN BINDING response, to=58.186.3.x:60453, writable=0, id=794e41794f7235636a735538
[049:625][329491] (rtp_video_stream_receiver2.cc:1449): Packet received on SSRC: 3992556228 with payload type: 35, timestamp: 1360913116, sequence number: 22236, arrival time: 6715894090 us, abs send time: 7099448
[049:861][329491] (webrtc_video_engine.cc:2519): VideoSendStream stats: 6716131, {input_fps: 21.0, encode_fps: 21, encode_ms: 5, encode_usage_perc: 10, target_bps: 900000, media_bps: 873720, suspended: false, bw_adapted_res: false, cpu_adapted_res: false, bw_adapted_fps: false, cpu_adapted_fps: false, #cpu_adaptations: 0, #quality_adaptations: 0} {ssrc: 860390162, type: media, width: 720, height: 404, key: 1, delta: 816, total_bps: 894128, retransmit_bps: 0, avg_delay_ms: 15, max_delay_ms: 19, cum_loss: 5, max_ext_seq: 11156, nack: 11, fir: 0, pli: 0}
[049:861][329491] (webrtc_video_engine.cc:1690): Call stats: 6716131, {send_bw_bps: 1908000, recv_bw_bps: 0, max_pad_bps: 0, pacer_delay_ms: 0, rtt_ms: 54}
[049:861][329491] (webrtc_video_engine.cc:3974): VideoReceiveStreamInterface stats: 6716131, {ssrc: 3992556228, total_bps: 839168, frameWidth: 720, frameHeight: 404, key: 1, delta: 806, framesAssembledFromMultiplePackets: 806, framesDecoded: 806, framesDropped: 0, network_fps: 19, decode_fps: 20, render_fps: 20, decode_ms: 3, max_decode_ms: 4, first_frame_received_to_decoded_ms: 20, current_delay_ms: 102, target_delay_ms: 88, jitter_delay_ms: 15, totalAssemblyTime: 2.8906, jitterBufferDelay: 44.202, jitterBufferTargetDelay: 41.5835, jitterBufferEmittedCount: 806, jitterBufferMinimumDelay: 12.0735, totalDecodeTime: 2.3587, totalProcessingDelay: 46.6135, min_playout_delay_ms: 102, sync_offset_ms: -22, cum_loss: 0, nackCount: 2, firCount: 0, pliCount: 0}
[050:013][280503] (connection.cc:634): Conn[53a8e400CRxS|-|0|0|p|100]: Received STUN BINDING request, id=444871587677754f4458454a
[050:013][280503] (connection.cc:957): Conn[53a8e400CRxS|-|0|0|p|100]: Sent STUN BINDING response, to=58.186.3.x:27363, writable=0, id=444871587677754f4458454a
[050:531][280503] (connection.cc:634): Conn[47485800CRxS|-|0|0|p|115]: Received STUN BINDING request, id=7277576354504a4d56616f76
[050:531][280503] (connection.cc:957): Conn[47485800CRxS|-|0|0|p|115]: Sent STUN BINDING response, to=14.238.152.x:45069, writable=0, id=7277576354504a4d56616f76
[050:732][329491] (rtp_streams_synchronizer2.cc:136): Sync info stats: 6717003, {ssrc: 1233186867, cur_delay: 162 ms} {ssrc: 3992556228, cur_delay: 102 ms} {relative_delay_ms: 18} 
[050:875][329491] (remote_ntp_time_estimator.cc:94): RTP timestamp: 1361030026 in NTP clock: 3998689692365 estimated time in receiver NTP clock: 3998689692364
[051:031][280503] (connection.cc:634): Conn[3ac00c00CRxS|-|0|0|p|125]: Received STUN BINDING request, id=31632f6e7462327042616a54
[051:031][280503] (connection.cc:957): Conn[3ac00c00CRxS|-|0|0|p|125]: Sent STUN BINDING response, to=160.250.77.x:37348, writable=0, id=31632f6e7462327042616a54
[051:399][280503] (connection.cc:1824): Conn[35227000CRWS|S|0|1|p|47]: Sent STUN BINDING request, id=6e516163426370647a4e454e, use_candidate=0, nomination=1
[051:451][280503] (connection.cc:1702): Conn[35227000CRWI|S|0|1|p|47]: Received STUN BINDING response, id=6e516163426370647a4e454e, code=0, rtt=52464 us, pings_since_last_response=6e516163426370647a4e454e 
[051:489][280503] (connection.cc:957): Conn[35227000CRWS|S|0|1|p|48]: Sent STUN BINDING response, to=14.238.152.x:43559, writable=1, id=354941444e447478676f7053
[051:731][329491] (video_receive_stream2.cc:1099): Multiple playout delays set. Actual delay value set to 118 ms frame min delay=<unset> base min delay=0 us sync min delay=118 ms
[052:031][280503] (connection.cc:634): Conn[53aa0000CRxS|-|0|0|p|84]: Received STUN BINDING request, id=677266653747474b336b534b
[052:032][280503] (connection.cc:957): Conn[53aa0000CRxS|-|0|0|p|84]: Sent STUN BINDING response, to=14.238.152.x:43559, writable=0, id=677266653747474b336b534b
[052:525][280503] (connection.cc:634): Conn[53a8c000CRxS|-|0|0|p|95]: Received STUN BINDING request, id=71586f495041676370617048
[052:525][280503] (connection.cc:957): Conn[53a8c000CRxS|-|0|0|p|95]: Sent STUN BINDING response, to=58.186.3.x:27363, writable=0, id=71586f495041676370617048
[053:022][280503] (connection.cc:634): Conn[47484c00CRxS|-|0|0|p|94]: Received STUN BINDING request, id=526732664e2f303049776145
[053:022][280503] (connection.cc:957): Conn[47484c00CRxS|-|0|0|p|94]: Sent STUN BINDING response, to=14.238.152.x:45069, writable=0, id=526732664e2f303049776145
[053:037][329491] (bitrate_allocator.cc:500): Current BWE 1908000
[053:558][280503] (connection.cc:634): Conn[53a8cc00C-xI|-|0|0|p|111]: Received STUN BINDING request, id=7958396c415946664b334959
[053:558][280503] (connection.cc:407): Conn[53a8cc00C-xI|-|0|0|p|111]: set_receiving to 1
[053:558][280503] (connection.cc:957): Conn[53a8cc00CRxI|-|0|0|p|111]: Sent STUN BINDING response, to=58.186.3.x:27363, writable=0, id=7958396c415946664b334959
[053:558][280503] (wrapping_active_ice_controller.cc:223): Not switching selected connection due to: candidate pair state changed
[053:901][280503] (connection.cc:1824): Conn[35227000CRWS|S|0|1|p|48]: Sent STUN BINDING request, id=566c7a52744753583245482b, use_candidate=0, nomination=1
[053:957][280503] (connection.cc:1702): Conn[35227000CRWI|S|0|1|p|48]: Received STUN BINDING response, id=566c7a52744753583245482b, code=0, rtt=55741 us, pings_since_last_response=566c7a52744753583245482b 
[054:006][280503] (connection.cc:957): Conn[35227000CRWS|S|0|1|p|50]: Sent STUN BINDING response, to=14.238.152.x:43559, writable=1, id=5954356e376c477750545a6f
[054:162][321575] (overuse_frame_detector.cc:645): CheckForOveruse: encode usage 10 overuse detections 0 rampup delay 10000 action NoAction
[054:526][280503] (connection.cc:634): Conn[3ac19800CRxS|-|0|0|p|79]: Received STUN BINDING request, id=4d726544735a374d32597733
[054:527][280503] (connection.cc:957): Conn[3ac19800CRxS|-|0|0|p|79]: Sent STUN BINDING response, to=160.250.77.x:33849, writable=0, id=4d726544735a374d32597733
[055:017][280503] (connection.cc:634): Conn[35226400CRxS|-|0|0|p|85]: Received STUN BINDING request, id=76727143416d496b45664649
[055:017][280503] (connection.cc:957): Conn[35226400CRxS|-|0|0|p|85]: Sent STUN BINDING response, to=58.186.3.x:60453, writable=0, id=76727143416d496b45664649
[055:527][280503] (connection.cc:634): Conn[53aa1800CRxS|-|0|0|p|87]: Received STUN BINDING request, id=574c7a4d445938664b514d73
[055:530][280503] (connection.cc:957): Conn[53aa1800CRxS|-|0|0|p|87]: Sent STUN BINDING response, to=160.250.77.x:33849, writable=0, id=574c7a4d445938664b514d73
[056:022][280503] (connection.cc:634): Conn[47486400CRxS|-|0|0|p|128]: Received STUN BINDING request, id=75775432347561744d467034
[056:022][280503] (connection.cc:957): Conn[47486400CRxS|-|0|0|p|128]: Sent STUN BINDING response, to=14.238.152.x:45069, writable=0, id=75775432347561744d467034
[056:155][280503] (connection.cc:407): Conn[53a8cc00CRxI|-|0|0|p|111]: set_receiving to 0
[056:155][280503] (wrapping_active_ice_controller.cc:223): Not switching selected connection due to: candidate pair state changed
[056:406][280503] (connection.cc:1824): Conn[35227000CRWS|S|0|1|p|50]: Sent STUN BINDING request, id=3444483876716b557530534f, use_candidate=0, nomination=1
[056:455][280503] (connection.cc:1702): Conn[35227000CRWI|S|0|1|p|50]: Received STUN BINDING response, id=3444483876716b557530534f, code=0, rtt=49672 us, pings_since_last_response=3444483876716b557530534f 
[056:501][280503] (connection.cc:957): Conn[35227000CRWS|S|0|1|p|50]: Sent STUN BINDING response, to=14.238.152.x:43559, writable=1, id=524977375459355a70427170
[057:044][280503] (connection.cc:634): Conn[2192b000CRxS|-|0|0|p|94]: Received STUN BINDING request, id=37642f58594a444c42745256
[057:044][280503] (connection.cc:957): Conn[2192b000CRxS|-|0|0|p|94]: Sent STUN BINDING response, to=160.250.77.x:37348, writable=0, id=37642f58594a444c42745256
[057:532][280503] (connection.cc:634): Conn[36eaf000CRxS|-|0|0|p|90]: Received STUN BINDING request, id=2f527a7a676352466f512f6c
[057:536][280503] (connection.cc:957): Conn[36eaf000CRxS|-|0|0|p|90]: Sent STUN BINDING response, to=58.186.3.x:60453, writable=0, id=2f527a7a676352466f512f6c
[058:007][280503] (connection.cc:634): Conn[35224c00CRxS|-|0|0|p|60]: Received STUN BINDING request, id=74465044717a4d5049614c45
[058:007][280503] (connection.cc:957): Conn[35224c00CRxS|-|0|0|p|60]: Sent STUN BINDING response, to=14.238.152.x:43559, writable=0, id=74465044717a4d5049614c45
[058:546][280503] (connection.cc:634): Conn[32b98c00CRxS|-|0|0|p|84]: Received STUN BINDING request, id=775a59527436493771344b79
[058:547][280503] (connection.cc:957): Conn[32b98c00CRxS|-|0|0|p|84]: Sent STUN BINDING response, to=160.250.77.x:37348, writable=0, id=775a59527436493771344b79
[058:911][280503] (connection.cc:1824): Conn[35227000CRWS|S|0|1|p|50]: Sent STUN BINDING request, id=65786139374237646567344c, use_candidate=0, nomination=1
[058:977][280503] (connection.cc:1702): Conn[35227000CRWI|S|0|1|p|50]: Received STUN BINDING response, id=65786139374237646567344c, code=0, rtt=66510 us, pings_since_last_response=65786139374237646567344c 
[059:011][280503] (connection.cc:957): Conn[35227000CRWS|S|0|1|p|54]: Sent STUN BINDING response, to=14.238.152.x:43559, writable=1, id=647161506e55656848634b61
[059:101][329491] (bitrate_allocator.cc:500): Current BWE 1908000
[059:161][149807] (overuse_frame_detector.cc:645): CheckForOveruse: encode usage 10 overuse detections 0 rampup delay 10000 action NoAction
[059:311][234703] (audio_device_buffer.cc:471): [REC : 10045msec, 48kHz] callbacks: 1004, samples: 481920, rate: 47976, rate diff: 0%, level: 12581
[059:311][234703] (audio_device_buffer.cc:497): [PLAY: 10045msec, 48kHz] callbacks: 1004, samples: 481920, rate: 47976, rate diff: 0%, level: 2090
[059:547][280503] (connection.cc:634): Conn[3ac1a400CRxS|-|0|0|p|104]: Received STUN BINDING request, id=59346648596d69773767647a
[059:548][280503] (connection.cc:957): Conn[3ac1a400CRxS|-|0|0|p|104]: Sent STUN BINDING response, to=160.250.77.x:33849, writable=0, id=59346648596d69773767647a
[059:654][329491] (rtp_video_stream_receiver2.cc:1449): Packet received on SSRC: 3992556228 with payload type: 35, timestamp: 1361821936, sequence number: 23260, arrival time: 6725923402 us, abs send time: 9746220
[059:891][329491] (webrtc_video_engine.cc:2519): VideoSendStream stats: 6726162, {input_fps: 20.0, encode_fps: 20, encode_ms: 5, encode_usage_perc: 10, target_bps: 900000, media_bps: 849728, suspended: false, bw_adapted_res: false, cpu_adapted_res: false, bw_adapted_fps: false, cpu_adapted_fps: false, #cpu_adaptations: 0, #quality_adaptations: 0} {ssrc: 860390162, type: media, width: 720, height: 404, key: 1, delta: 1016, total_bps: 898960, retransmit_bps: 0, avg_delay_ms: 16, max_delay_ms: 25, cum_loss: 5, max_ext_seq: 12159, nack: 11, fir: 0, pli: 0}
[059:891][329491] (webrtc_video_engine.cc:1690): Call stats: 6726162, {send_bw_bps: 1908000, recv_bw_bps: 0, max_pad_bps: 0, pacer_delay_ms: 0, rtt_ms: 62}
[059:891][329491] (webrtc_video_engine.cc:3974): VideoReceiveStreamInterface stats: 6726162, {ssrc: 3992556228, total_bps: 871800, frameWidth: 720, frameHeight: 404, key: 1, delta: 1007, framesAssembledFromMultiplePackets: 1006, framesDecoded: 1006, framesDropped: 0, network_fps: 20, decode_fps: 20, render_fps: 20, decode_ms: 3, max_decode_ms: 4, first_frame_received_to_decoded_ms: 20, current_delay_ms: 118, target_delay_ms: 104, jitter_delay_ms: 15, totalAssemblyTime: 3.64784, jitterBufferDelay: 65.1652, jitterBufferTargetDelay: 61.7915, jitterBufferEmittedCount: 1006, jitterBufferMinimumDelay: 15.1251, totalDecodeTime: 2.91904, totalProcessingDelay: 68.15, min_playout_delay_ms: 118, sync_offset_ms: -12, cum_loss: 0, nackCount: 2, firCount: 0, pliCount: 0}
[060:042][280503] (connection.cc:634): Conn[35224000CRxS|-|0|0|p|95]: Received STUN BINDING request, id=6d72514e72666d524e367735
[060:042][280503] (connection.cc:957): Conn[35224000CRxS|-|0|0|p|95]: Sent STUN BINDING response, to=58.186.3.x:60453, writable=0, id=6d72514e72666d524e367735
[060:551][280503] (connection.cc:634): Conn[53a8e400CRxS|-|0|0|p|100]: Received STUN BINDING request, id=6f57566b4856433167566c49
[060:551][280503] (connection.cc:957): Conn[53a8e400CRxS|-|0|0|p|100]: Sent STUN BINDING response, to=58.186.3.x:27363, writable=0, id=6f57566b4856433167566c49
[060:911][329491] (remote_ntp_time_estimator.cc:94): RTP timestamp: 1361934436 in NTP clock: 3998689702414 estimated time in receiver NTP clock: 3998689702408
[061:069][280503] (connection.cc:634): Conn[47485800CRxS|-|0|0|p|115]: Received STUN BINDING request, id=513354626a4130424153774c
[061:069][280503] (connection.cc:957): Conn[47485800CRxS|-|0|0|p|115]: Sent STUN BINDING response, to=14.238.152.x:45069, writable=0, id=513354626a4130424153774c
[061:418][280503] (connection.cc:1824): Conn[35227000CRWS|S|0|1|p|54]: Sent STUN BINDING request, id=785746587578746b6767544f, use_candidate=0, nomination=1
[061:471][280503] (connection.cc:1702): Conn[35227000CRWI|S|0|1|p|54]: Received STUN BINDING response, id=785746587578746b6767544f, code=0, rtt=52643 us, pings_since_last_response=785746587578746b6767544f 
[061:520][280503] (connection.cc:957): Conn[35227000CRWS|S|0|1|p|54]: Sent STUN BINDING response, to=14.238.152.x:43559, writable=1, id=336d6b6c63384a7437456d4f
[061:731][329491] (rtp_streams_synchronizer2.cc:136): Sync info stats: 6728002, {ssrc: 1233186867, cur_delay: 167 ms} {ssrc: 3992556228, cur_delay: 118 ms} {relative_delay_ms: 1} 
[061:731][329491] (rtp_streams_synchronizer2.cc:160): Sync delay stats: 6728002, {ssrc: 1233186867, target_delay_ms: 0} {ssrc: 3992556228, target_delay_ms: 134} 
[061:731][329491] (video_receive_stream2.cc:1099): Multiple playout delays set. Actual delay value set to 134 ms frame min delay=<unset> base min delay=0 us sync min delay=134 ms
[062:077][280503] (connection.cc:634): Conn[3ac00c00CRxS|-|0|0|p|125]: Received STUN BINDING request, id=6c644e433364582f6d525332
[062:077][280503] (connection.cc:957): Conn[3ac00c00CRxS|-|0|0|p|125]: Sent STUN BINDING response, to=160.250.77.x:37348, writable=0, id=6c644e433364582f6d525332
[062:540][280503] (connection.cc:634): Conn[53aa0000CRxS|-|0|0|p|84]: Received STUN BINDING request, id=65584b52674e306c6e75396c
[062:540][280503] (connection.cc:957): Conn[53aa0000CRxS|-|0|0|p|84]: Sent STUN BINDING response, to=14.238.152.x:43559, writable=0, id=65584b52674e306c6e75396c
[063:075][280503] (connection.cc:634): Conn[53a8c000CRxS|-|0|0|p|95]: Received STUN BINDING request, id=5a7333444568615a384f3050
[063:075][280503] (connection.cc:957): Conn[53a8c000CRxS|-|0|0|p|95]: Sent STUN BINDING response, to=58.186.3.x:27363, writable=0, id=5a7333444568615a384f3050
[063:565][280503] (connection.cc:634): Conn[47484c00CRxS|-|0|0|p|94]: Received STUN BINDING request, id=4849716d665a2f7a664a474a
[063:565][280503] (connection.cc:957): Conn[47484c00CRxS|-|0|0|p|94]: Sent STUN BINDING response, to=14.238.152.x:45069, writable=0, id=4849716d665a2f7a664a474a
[063:922][280503] (connection.cc:1824): Conn[35227000CRWS|S|0|1|p|54]: Sent STUN BINDING request, id=697041692b7a737342746158, use_candidate=0, nomination=1
[063:969][280503] (connection.cc:1702): Conn[35227000CRWI|S|0|1|p|54]: Received STUN BINDING response, id=697041692b7a737342746158, code=0, rtt=46628 us, pings_since_last_response=697041692b7a737342746158 
[064:037][280503] (connection.cc:957): Conn[35227000CRWS|S|0|1|p|52]: Sent STUN BINDING response, to=14.238.152.x:43559, writable=1, id=6c6b4e476e7a3836716a5656
[064:161][329491] (bitrate_allocator.cc:500): Current BWE 1908000
[064:351][149807] (overuse_frame_detector.cc:645): CheckForOveruse: encode usage 10 overuse detections 0 rampup delay 10000 action AdaptUp
[064:560][280503] (connection.cc:634): Conn[53a8cc00C-xI|-|0|0|p|111]: Received STUN BINDING request, id=717141674b4a4a4e5773506c
[064:560][280503] (connection.cc:407): Conn[53a8cc00C-xI|-|0|0|p|111]: set_receiving to 1
[064:561][280503] (connection.cc:957): Conn[53a8cc00CRxI|-|0|0|p|111]: Sent STUN BINDING response, to=58.186.3.x:27363, writable=0, id=717141674b4a4a4e5773506c
[064:561][280503] (wrapping_active_ice_controller.cc:223): Not switching selected connection due to: candidate pair state changed
[065:052][280503] (connection.cc:634): Conn[3ac19800CRxS|-|0|0|p|79]: Received STUN BINDING request, id=65566b586c73435942486635
[065:052][280503] (connection.cc:957): Conn[3ac19800CRxS|-|0|0|p|79]: Sent STUN BINDING response, to=160.250.77.x:33849, writable=0, id=65566b586c73435942486635
[065:551][280503] (connection.cc:634): Conn[35226400CRxS|-|0|0|p|85]: Received STUN BINDING request, id=4f7578517661597835724466
[065:552][280503] (connection.cc:957): Conn[35226400CRxS|-|0|0|p|85]: Sent STUN BINDING response, to=58.186.3.x:60453, writable=0, id=4f7578517661597835724466
[066:054][280503] (connection.cc:634): Conn[53aa1800CRxS|-|0|0|p|87]: Received STUN BINDING request, id=78564c3072546f2f766c426c
[066:054][280503] (connection.cc:957): Conn[53aa1800CRxS|-|0|0|p|87]: Sent STUN BINDING response, to=160.250.77.x:33849, writable=0, id=78564c3072546f2f766c426c
[066:427][280503] (connection.cc:1824): Conn[35227000CRWS|S|0|1|p|52]: Sent STUN BINDING request, id=347451686e665477332f6b50, use_candidate=0, nomination=1
[066:472][280503] (connection.cc:1702): Conn[35227000CRWI|S|0|1|p|52]: Received STUN BINDING response, id=347451686e665477332f6b50, code=0, rtt=45425 us, pings_since_last_response=347451686e665477332f6b50 
[066:542][280503] (connection.cc:957): Conn[35227000CRWS|S|0|1|p|50]: Sent STUN BINDING response, to=14.238.152.x:43559, writable=1, id=456f49777832444168315270
[067:075][280503] (connection.cc:634): Conn[47486400CRxS|-|0|0|p|128]: Received STUN BINDING request, id=355555754f702b4e73675034
[067:075][280503] (connection.cc:957): Conn[47486400CRxS|-|0|0|p|128]: Sent STUN BINDING response, to=14.238.152.x:45069, writable=0, id=355555754f702b4e73675034
[067:178][280503] (connection.cc:407): Conn[53a8cc00CRxI|-|0|0|p|111]: set_receiving to 0
[067:179][280503] (wrapping_active_ice_controller.cc:223): Not switching selected connection due to: candidate pair state changed
[067:582][280503] (connection.cc:634): Conn[2192b000CRxS|-|0|0|p|94]: Received STUN BINDING request, id=46544c6b4c4567716e2b4548
[067:582][280503] (connection.cc:957): Conn[2192b000CRxS|-|0|0|p|94]: Sent STUN BINDING response, to=160.250.77.x:37348, writable=0, id=46544c6b4c4567716e2b4548
[068:057][280503] (connection.cc:634): Conn[36eaf000CRxS|-|0|0|p|90]: Received STUN BINDING request, id=464946304a746b434d71706a
[068:057][280503] (connection.cc:957): Conn[36eaf000CRxS|-|0|0|p|90]: Sent STUN BINDING response, to=58.186.3.x:60453, writable=0, id=464946304a746b434d71706a
[068:551][280503] (connection.cc:634): Conn[35224c00CRxS|-|0|0|p|60]: Received STUN BINDING request, id=684965476574427a754c312f
[068:551][280503] (connection.cc:957): Conn[35224c00CRxS|-|0|0|p|60]: Sent STUN BINDING response, to=14.238.152.x:43559, writable=0, id=684965476574427a754c312f
[068:750][347779] (video_stream_encoder.cc:1715): Number of frames: captured 1201, dropped (due to congestion window pushback) 0, dropped (due to encoder blocked) 0, interval_ms 60000
[068:932][280503] (connection.cc:1824): Conn[35227000CRWS|S|0|1|p|50]: Sent STUN BINDING request, id=6a66714f4c36546a772f3379, use_candidate=0, nomination=1
[068:991][280503] (connection.cc:1702): Conn[35227000CRWI|S|0|1|p|50]: Received STUN BINDING response, id=6a66714f4c36546a772f3379, code=0, rtt=58307 us, pings_since_last_response=6a66714f4c36546a772f3379 
[069:053][280503] (connection.cc:957): Conn[35227000CRWS|S|0|1|p|52]: Sent STUN BINDING response, to=14.238.152.x:43559, writable=1, id=2b316e48386a734465473255
[069:165][347779] (overuse_frame_detector.cc:645): CheckForOveruse: encode usage 10 overuse detections 0 rampup delay 10000 action NoAction
[069:362][288179] (audio_device_buffer.cc:471): [REC : 10052msec, 48kHz] callbacks: 1006, samples: 482880, rate: 48038, rate diff: 0%, level: 13050
[069:362][288179] (audio_device_buffer.cc:497): [PLAY: 10052msec, 48kHz] callbacks: 1006, samples: 482880, rate: 48038, rate diff: 0%, level: 2171
[069:591][280503] (connection.cc:634): Conn[32b98c00CRxS|-|0|0|p|84]: Received STUN BINDING request, id=306b71497645704b41747532
[069:592][280503] (connection.cc:957): Conn[32b98c00CRxS|-|0|0|p|84]: Sent STUN BINDING response, to=160.250.77.x:37348, writable=0, id=306b71497645704b41747532
[069:656][329491] (rtp_video_stream_receiver2.cc:1449): Packet received on SSRC: 3992556228 with payload type: 35, timestamp: 1362721756, sequence number: 24282, arrival time: 6735922225 us, abs send time: 12365771
[069:928][329491] (webrtc_video_engine.cc:2519): VideoSendStream stats: 6736198, {input_fps: 20.0, encode_fps: 20, encode_ms: 4, encode_usage_perc: 10, target_bps: 900000, media_bps: 865704, suspended: false, bw_adapted_res: false, cpu_adapted_res: false, bw_adapted_fps: false, cpu_adapted_fps: false, #cpu_adaptations: 0, #quality_adaptations: 0} {ssrc: 860390162, type: media, width: 720, height: 404, key: 1, delta: 1217, total_bps: 910264, retransmit_bps: 0, avg_delay_ms: 16, max_delay_ms: 20, cum_loss: 5, max_ext_seq: 13179, nack: 11, fir: 0, pli: 0}
[069:928][329491] (webrtc_video_engine.cc:1690): Call stats: 6736198, {send_bw_bps: 1908000, recv_bw_bps: 0, max_pad_bps: 0, pacer_delay_ms: 0, rtt_ms: 61}
[069:928][329491] (webrtc_video_engine.cc:3974): VideoReceiveStreamInterface stats: 6736198, {ssrc: 3992556228, total_bps: 858112, frameWidth: 720, frameHeight: 404, key: 1, delta: 1208, framesAssembledFromMultiplePackets: 1207, framesDecoded: 1207, framesDropped: 0, network_fps: 20, decode_fps: 20, render_fps: 20, decode_ms: 3, max_decode_ms: 3, first_frame_received_to_decoded_ms: 20, current_delay_ms: 134, target_delay_ms: 121, jitter_delay_ms: 15, totalAssemblyTime: 4.1173, jitterBufferDelay: 89.6552, jitterBufferTargetDelay: 85.5135, jitterBufferEmittedCount: 1207, jitterBufferMinimumDelay: 18.1812, totalDecodeTime: 3.47142, totalProcessingDelay: 93.205, min_playout_delay_ms: 134, sync_offset_ms: 7, cum_loss: 0, nackCount: 2, firCount: 0, pliCount: 0}
[070:093][280503] (connection.cc:634): Conn[3ac1a400CRxS|-|0|0|p|104]: Received STUN BINDING request, id=3264594173615a724a4e3468
[070:093][280503] (connection.cc:957): Conn[3ac1a400CRxS|-|0|0|p|104]: Sent STUN BINDING response, to=160.250.77.x:33849, writable=0, id=3264594173615a724a4e3468
[070:336][329491] (bitrate_allocator.cc:500): Current BWE 1908000
[070:584][280503] (connection.cc:634): Conn[35224000CRxS|-|0|0|p|95]: Received STUN BINDING request, id=356435442f34735932386665
[070:584][280503] (connection.cc:957): Conn[35224000CRxS|-|0|0|p|95]: Sent STUN BINDING response, to=58.186.3.x:60453, writable=0, id=356435442f34735932386665
[070:961][329491] (remote_ntp_time_estimator.cc:94): RTP timestamp: 1362838756 in NTP clock: 3998689712462 estimated time in receiver NTP clock: 3998689712461
[071:103][280503] (connection.cc:634): Conn[53a8e400CRxS|-|0|0|p|100]: Received STUN BINDING request, id=354b507959502b6e324a4243
[071:104][280503] (connection.cc:957): Conn[53a8e400CRxS|-|0|0|p|100]: Sent STUN BINDING response, to=58.186.3.x:27363, writable=0, id=354b507959502b6e324a4243
[071:443][280503] (connection.cc:1824): Conn[35227000CRWS|S|0|1|p|52]: Sent STUN BINDING request, id=68687a6335646c5844774634, use_candidate=0, nomination=1
[071:493][280503] (connection.cc:1702): Conn[35227000CRWI|S|0|1|p|52]: Received STUN BINDING response, id=68687a6335646c5844774634, code=0, rtt=50690 us, pings_since_last_response=68687a6335646c5844774634 
[071:561][280503] (connection.cc:957): Conn[35227000CRWS|S|0|1|p|52]: Sent STUN BINDING response, to=14.238.152.x:43559, writable=1, id=4463334b5163767a39585455
[071:737][329491] (rtp_streams_synchronizer2.cc:136): Sync info stats: 6738008, {ssrc: 1233186867, cur_delay: 143 ms} {ssrc: 3992556228, cur_delay: 134 ms} {relative_delay_ms: 5} 
[072:117][280503] (connection.cc:634): Conn[47485800CRxS|-|0|0|p|115]: Received STUN BINDING request, id=4c47684e35656c3578696853
[072:118][280503] (connection.cc:957): Conn[47485800CRxS|-|0|0|p|115]: Sent STUN BINDING response, to=14.238.152.x:45069, writable=0, id=4c47684e35656c3578696853
[072:611][280503] (connection.cc:634): Conn[3ac00c00CRxS|-|0|0|p|125]: Received STUN BINDING request, id=327539753531696d54787267
[072:611][280503] (connection.cc:957): Conn[3ac00c00CRxS|-|0|0|p|125]: Sent STUN BINDING response, to=160.250.77.x:37348, writable=0, id=327539753531696d54787267
[073:085][280503] (connection.cc:634): Conn[53aa0000CRxS|-|0|0|p|84]: Received STUN BINDING request, id=34566a435367363779444c2b
[073:085][280503] (connection.cc:957): Conn[53aa0000CRxS|-|0|0|p|84]: Sent STUN BINDING response, to=14.238.152.x:43559, writable=0, id=34566a435367363779444c2b
[073:611][280503] (connection.cc:634): Conn[53a8c000CRxS|-|0|0|p|95]: Received STUN BINDING request, id=2b536b6b6e52734b31363349
[073:611][280503] (connection.cc:957): Conn[53a8c000CRxS|-|0|0|p|95]: Sent STUN BINDING response, to=58.186.3.x:27363, writable=0, id=2b536b6b6e52734b31363349
[073:952][280503] (connection.cc:1824): Conn[35227000CRWS|S|0|1|p|52]: Sent STUN BINDING request, id=346f3635767a675548376e78, use_candidate=0, nomination=1
[074:007][280503] (connection.cc:1702): Conn[35227000CRWI|S|0|1|p|52]: Received STUN BINDING response, id=346f3635767a675548376e78, code=0, rtt=55645 us, pings_since_last_response=346f3635767a675548376e78 
[074:077][280503] (connection.cc:957): Conn[35227000CRWS|S|0|1|p|53]: Sent STUN BINDING response, to=14.238.152.x:43559, writable=1, id=38516a53574b76786d305576
[074:355][319239] (overuse_frame_detector.cc:645): CheckForOveruse: encode usage 10 overuse detections 0 rampup delay 10000 action AdaptUp
[074:617][280503] (connection.cc:634): Conn[47484c00CRxS|-|0|0|p|94]: Received STUN BINDING request, id=6b5a6b336a304c41474e6638
[074:618][280503] (connection.cc:957): Conn[47484c00CRxS|-|0|0|p|94]: Sent STUN BINDING response, to=14.238.152.x:45069, writable=0, id=6b5a6b336a304c41474e6638
[075:135][280503] (connection.cc:634): Conn[53a8cc00C-xI|-|0|0|p|111]: Received STUN BINDING request, id=5957444b51536d365243495a
[075:135][280503] (connection.cc:407): Conn[53a8cc00C-xI|-|0|0|p|111]: set_receiving to 1
[075:136][280503] (connection.cc:957): Conn[53a8cc00CRxI|-|0|0|p|111]: Sent STUN BINDING response, to=58.186.3.x:27363, writable=0, id=5957444b51536d365243495a
[075:136][280503] (wrapping_active_ice_controller.cc:223): Not switching selected connection due to: candidate pair state changed
[075:553][329491] (bitrate_allocator.cc:500): Current BWE 1908000
[075:608][280503] (connection.cc:634): Conn[3ac19800CRxS|-|0|0|p|79]: Received STUN BINDING request, id=763967706352702f64543741
[075:608][280503] (connection.cc:957): Conn[3ac19800CRxS|-|0|0|p|79]: Sent STUN BINDING response, to=160.250.77.x:33849, writable=0, id=763967706352702f64543741
[076:102][280503] (connection.cc:634): Conn[35226400CRxS|-|0|0|p|85]: Received STUN BINDING request, id=3374677a7953632f6639694d
[076:102][280503] (connection.cc:957): Conn[35226400CRxS|-|0|0|p|85]: Sent STUN BINDING response, to=58.186.3.x:60453, writable=0, id=3374677a7953632f6639694d
[076:458][280503] (connection.cc:1824): Conn[35227000CRWS|S|0|1|p|53]: Sent STUN BINDING request, id=78426452765a457437304467, use_candidate=0, nomination=1
[076:537][280503] (connection.cc:1702): Conn[35227000CRWI|S|0|1|p|53]: Received STUN BINDING response, id=78426452765a457437304467, code=0, rtt=79135 us, pings_since_last_response=78426452765a457437304467 
[076:603][280503] (connection.cc:957): Conn[35227000CRWS|S|0|1|p|59]: Sent STUN BINDING response, to=14.238.152.x:43559, writable=1, id=4256764e7535554643526870
[077:112][280503] (connection.cc:634): Conn[53aa1800CRxS|-|0|0|p|87]: Received STUN BINDING request, id=4e67596f4538534a4c77574a
[077:112][280503] (connection.cc:957): Conn[53aa1800CRxS|-|0|0|p|87]: Sent STUN BINDING response, to=160.250.77.x:33849, writable=0, id=4e67596f4538534a4c77574a
[077:639][280503] (connection.cc:634): Conn[47486400CRxS|-|0|0|p|128]: Received STUN BINDING request, id=59662f472f326b7a57454c4a
[077:639][280503] (connection.cc:957): Conn[47486400CRxS|-|0|0|p|128]: Sent STUN BINDING response, to=14.238.152.x:45069, writable=0, id=59662f472f326b7a57454c4a
[077:709][280503] (connection.cc:407): Conn[53a8cc00CRxI|-|0|0|p|111]: set_receiving to 0
[077:710][280503] (wrapping_active_ice_controller.cc:223): Not switching selected connection due to: candidate pair state changed
[078:131][280503] (connection.cc:634): Conn[2192b000CRxS|-|0|0|p|94]: Received STUN BINDING request, id=7838724667574775782f786b
[078:131][280503] (connection.cc:957): Conn[2192b000CRxS|-|0|0|p|94]: Sent STUN BINDING response, to=160.250.77.x:37348, writable=0, id=7838724667574775782f786b
[078:611][280503] (connection.cc:634): Conn[36eaf000CRxS|-|0|0|p|90]: Received STUN BINDING request, id=792f394b6f614c496a646352
[078:612][280503] (connection.cc:957): Conn[36eaf000CRxS|-|0|0|p|90]: Sent STUN BINDING response, to=58.186.3.x:60453, writable=0, id=792f394b6f614c496a646352
[078:960][280503] (connection.cc:1824): Conn[35227000CRWS|S|0|1|p|59]: Sent STUN BINDING request, id=37334b4f6869514d562f6b59, use_candidate=0, nomination=1
[079:045][280503] (connection.cc:1702): Conn[35227000CRWI|S|0|1|p|59]: Received STUN BINDING response, id=37334b4f6869514d562f6b59, code=0, rtt=85159 us, pings_since_last_response=37334b4f6869514d562f6b59 
[079:097][280503] (connection.cc:957): Conn[35227000CRWS|S|0|1|p|66]: Sent STUN BINDING response, to=14.238.152.x:43559, writable=1, id=56553662647067316432616e
[079:223][327795] (overuse_frame_detector.cc:645): CheckForOveruse: encode usage 10 overuse detections 0 rampup delay 10000 action NoAction
[079:424][327795] (audio_device_buffer.cc:471): [REC : 10061msec, 48kHz] callbacks: 1006, samples: 482880, rate: 47995, rate diff: 0%, level: 8425
[079:424][327795] (audio_device_buffer.cc:497): [PLAY: 10061msec, 48kHz] callbacks: 1006, samples: 482880, rate: 47995, rate diff: 0%, level: 15051
[079:602][280503] (connection.cc:634): Conn[35224c00CRxS|-|0|0|p|60]: Received STUN BINDING request, id=676c45484b364c4831426663
[079:603][280503] (connection.cc:957): Conn[35224c00CRxS|-|0|0|p|60]: Sent STUN BINDING response, to=14.238.152.x:43559, writable=0, id=676c45484b364c4831426663
[079:695][329491] (rtp_video_stream_receiver2.cc:1449): Packet received on SSRC: 3992556228 with payload type: 35, timestamp: 1363626076, sequence number: 25293, arrival time: 6745963969 us, abs send time: 15001372
[079:967][329491] (webrtc_video_engine.cc:2519): VideoSendStream stats: 6746238, {input_fps: 20.0, encode_fps: 20, encode_ms: 4, encode_usage_perc: 10, target_bps: 900000, media_bps: 853840, suspended: false, bw_adapted_res: false, cpu_adapted_res: false, bw_adapted_fps: false, cpu_adapted_fps: false, #cpu_adaptations: 0, #quality_adaptations: 0} {ssrc: 860390162, type: media, width: 720, height: 404, key: 1, delta: 1418, total_bps: 879464, retransmit_bps: 0, avg_delay_ms: 15, max_delay_ms: 20, cum_loss: 5, max_ext_seq: 14222, nack: 11, fir: 0, pli: 0}
[079:967][329491] (webrtc_video_engine.cc:1690): Call stats: 6746238, {send_bw_bps: 1908000, recv_bw_bps: 0, max_pad_bps: 0, pacer_delay_ms: 0, rtt_ms: 63}
[079:968][329491] (webrtc_video_engine.cc:3974): VideoReceiveStreamInterface stats: 6746238, {ssrc: 3992556228, total_bps: 870624, frameWidth: 720, frameHeight: 404, key: 1, delta: 1409, framesAssembledFromMultiplePackets: 1407, framesDecoded: 1407, framesDropped: 0, network_fps: 20, decode_fps: 20, render_fps: 20, decode_ms: 3, max_decode_ms: 3, first_frame_received_to_decoded_ms: 20, current_delay_ms: 134, target_delay_ms: 121, jitter_delay_ms: 14, totalAssemblyTime: 4.62224, jitterBufferDelay: 114.22, jitterBufferTargetDelay: 109.714, jitterBufferEmittedCount: 1407, jitterBufferMinimumDelay: 21.0037, totalDecodeTime: 4.03608, totalProcessingDelay: 118.347, min_playout_delay_ms: 134, sync_offset_ms: 10, cum_loss: 0, nackCount: 2, firCount: 0, pliCount: 0}
[080:135][280503] (connection.cc:634): Conn[32b98c00CRxS|-|0|0|p|84]: Received STUN BINDING request, id=484a2b3135416749644e4141
[080:136][280503] (connection.cc:957): Conn[32b98c00CRxS|-|0|0|p|84]: Sent STUN BINDING response, to=160.250.77.x:37348, writable=0, id=484a2b3135416749644e4141
[080:664][280503] (connection.cc:634): Conn[3ac1a400CRxS|-|0|0|p|104]: Received STUN BINDING request, id=34743172615073357a325a76
[080:664][280503] (connection.cc:957): Conn[3ac1a400CRxS|-|0|0|p|104]: Sent STUN BINDING response, to=160.250.77.x:33849, writable=0, id=34743172615073357a325a76
[080:998][329491] (remote_ntp_time_estimator.cc:94): RTP timestamp: 1363743076 in NTP clock: 3998689722510 estimated time in receiver NTP clock: 3998689722503
[081:017][329491] (bitrate_allocator.cc:500): Current BWE 1908000
[081:180][280503] (connection.cc:634): Conn[35224000CRxS|-|0|0|p|95]: Received STUN BINDING request, id=4967674d543742346d4f4547
[081:180][280503] (connection.cc:957): Conn[35224000CRxS|-|0|0|p|95]: Sent STUN BINDING response, to=58.186.3.x:60453, writable=0, id=4967674d543742346d4f4547
[081:466][280503] (connection.cc:1824): Conn[35227000CRWS|S|0|1|p|66]: Sent STUN BINDING request, id=3653502b787133394d756539, use_candidate=0, nomination=1
[081:515][280503] (connection.cc:1702): Conn[35227000CRWI|S|0|1|p|66]: Received STUN BINDING response, id=3653502b787133394d756539, code=0, rtt=49724 us, pings_since_last_response=3653502b787133394d756539 
[081:611][280503] (connection.cc:957): Conn[35227000CRWS|S|0|1|p|62]: Sent STUN BINDING response, to=14.238.152.x:43559, writable=1, id=755a667645794e704d755538
[082:147][280503] (connection.cc:634): Conn[53a8e400CRxS|-|0|0|p|100]: Received STUN BINDING request, id=76504f702b564a324f416434
[082:148][280503] (connection.cc:957): Conn[53a8e400CRxS|-|0|0|p|100]: Sent STUN BINDING response, to=58.186.3.x:27363, writable=0, id=76504f702b564a324f416434
[082:659][280503] (connection.cc:634): Conn[47485800CRxS|-|0|0|p|115]: Received STUN BINDING request, id=7a4c506c2b6259636f6d7644
[082:659][280503] (connection.cc:957): Conn[47485800CRxS|-|0|0|p|115]: Sent STUN BINDING response, to=14.238.152.x:45069, writable=0, id=7a4c506c2b6259636f6d7644
[082:732][329491] (rtp_streams_synchronizer2.cc:136): Sync info stats: 6749003, {ssrc: 1233186867, cur_delay: 135 ms} {ssrc: 3992556228, cur_delay: 134 ms} {relative_delay_ms: 14} 
[083:158][280503] (connection.cc:634): Conn[3ac00c00CRxS|-|0|0|p|125]: Received STUN BINDING request, id=5831613248522b416e336732
[083:159][280503] (connection.cc:957): Conn[3ac00c00CRxS|-|0|0|p|125]: Sent STUN BINDING response, to=160.250.77.x:37348, writable=0, id=5831613248522b416e336732
[083:628][280503] (connection.cc:634): Conn[53aa0000CRxS|-|0|0|p|84]: Received STUN BINDING request, id=61684532627136706a6a684f
[083:628][280503] (connection.cc:957): Conn[53aa0000CRxS|-|0|0|p|84]: Sent STUN BINDING response, to=14.238.152.x:43559, writable=0, id=61684532627136706a6a684f
[083:972][280503] (connection.cc:1824): Conn[35227000CRWS|S|0|1|p|62]: Sent STUN BINDING request, id=384158597a6b4c7846682b73, use_candidate=0, nomination=1
[084:079][280503] (connection.cc:1702): Conn[35227000CRWI|S|0|1|p|62]: Received STUN BINDING response, id=384158597a6b4c7846682b73, code=0, rtt=107366 us, pings_since_last_response=384158597a6b4c7846682b73 
[084:112][280503] (connection.cc:957): Conn[35227000CRWS|S|0|1|p|73]: Sent STUN BINDING response, to=14.238.152.x:43559, writable=1, id=4544366e544e747845566f2b
[084:354][319239] (overuse_frame_detector.cc:645): CheckForOveruse: encode usage 10 overuse detections 0 rampup delay 10000 action NoAction
[084:644][280503] (connection.cc:634): Conn[53a8c000CRxS|-|0|0|p|95]: Received STUN BINDING request, id=354530762b565448476e766c
[084:644][280503] (connection.cc:957): Conn[53a8c000CRxS|-|0|0|p|95]: Sent STUN BINDING response, to=58.186.3.x:27363, writable=0, id=354530762b565448476e766c
[085:173][280503] (connection.cc:634): Conn[47484c00CRxS|-|0|0|p|94]: Received STUN BINDING request, id=4a4655534c4d4235582b6e6a
[085:173][280503] (connection.cc:957): Conn[47484c00CRxS|-|0|0|p|94]: Sent STUN BINDING response, to=14.238.152.x:45069, writable=0, id=4a4655534c4d4235582b6e6a
[085:672][280503] (connection.cc:634): Conn[53a8cc00C-xI|-|0|0|p|111]: Received STUN BINDING request, id=6a4e30717642797638774a4a
[085:672][280503] (connection.cc:407): Conn[53a8cc00C-xI|-|0|0|p|111]: set_receiving to 1
[085:672][280503] (connection.cc:957): Conn[53a8cc00CRxI|-|0|0|p|111]: Sent STUN BINDING response, to=58.186.3.x:27363, writable=0, id=6a4e30717642797638774a4a
[085:672][280503] (wrapping_active_ice_controller.cc:223): Not switching selected connection due to: candidate pair state changed
[086:148][280503] (connection.cc:634): Conn[3ac19800CRxS|-|0|0|p|79]: Received STUN BINDING request, id=7a4d544f6958333738673548
[086:148][280503] (connection.cc:957): Conn[3ac19800CRxS|-|0|0|p|79]: Sent STUN BINDING response, to=160.250.77.x:33849, writable=0, id=7a4d544f6958333738673548
[086:476][280503] (connection.cc:1824): Conn[35227000CRWS|S|0|1|p|73]: Sent STUN BINDING request, id=65375172676832766f4a486e, use_candidate=0, nomination=1
[086:540][329491] (bitrate_allocator.cc:500): Current BWE 1908000
[086:540][280503] (connection.cc:1702): Conn[35227000CRWI|S|0|1|p|73]: Received STUN BINDING response, id=65375172676832766f4a486e, code=0, rtt=63954 us, pings_since_last_response=65375172676832766f4a486e 
[086:626][280503] (connection.cc:957): Conn[35227000CRWS|S|0|1|p|71]: Sent STUN BINDING response, to=14.238.152.x:43559, writable=1, id=332b545476537a574f4b3556
[087:139][280503] (connection.cc:634): Conn[35226400CRxS|-|0|0|p|85]: Received STUN BINDING request, id=78392f544369464b4b626a6f
[087:140][280503] (connection.cc:957): Conn[35226400CRxS|-|0|0|p|85]: Sent STUN BINDING response, to=58.186.3.x:60453, writable=0, id=78392f544369464b4b626a6f
[087:651][280503] (connection.cc:634): Conn[53aa1800CRxS|-|0|0|p|87]: Received STUN BINDING request, id=67654462554d326f51456667
[087:652][280503] (connection.cc:957): Conn[53aa1800CRxS|-|0|0|p|87]: Sent STUN BINDING response, to=160.250.77.x:33849, writable=0, id=67654462554d326f51456667
[088:168][280503] (connection.cc:634): Conn[47486400CRxS|-|0|0|p|128]: Received STUN BINDING request, id=743175643848625a414c4d69
[088:168][280503] (connection.cc:957): Conn[47486400CRxS|-|0|0|p|128]: Sent STUN BINDING response, to=14.238.152.x:45069, writable=0, id=743175643848625a414c4d69
[088:232][280503] (connection.cc:407): Conn[53a8cc00CRxI|-|0|0|p|111]: set_receiving to 0
[088:232][280503] (wrapping_active_ice_controller.cc:223): Not switching selected connection due to: candidate pair state changed
[088:671][280503] (connection.cc:634): Conn[2192b000CRxS|-|0|0|p|94]: Received STUN BINDING request, id=34313554595571657870484f
[088:671][280503] (connection.cc:957): Conn[2192b000CRxS|-|0|0|p|94]: Sent STUN BINDING response, to=160.250.77.x:37348, writable=0, id=34313554595571657870484f
[088:984][280503] (connection.cc:1824): Conn[35227000CRWS|S|0|1|p|71]: Sent STUN BINDING request, id=595937395a5a724f434e7571, use_candidate=0, nomination=1
[089:031][280503] (connection.cc:1702): Conn[35227000CRWI|S|0|1|p|71]: Received STUN BINDING response, id=595937395a5a724f434e7571, code=0, rtt=47336 us, pings_since_last_response=595937395a5a724f434e7571 
[089:132][280503] (connection.cc:957): Conn[35227000CRWS|S|0|1|p|65]: Sent STUN BINDING response, to=14.238.152.x:43559, writable=1, id=7a613345485a634c47664d68
[089:265][149807] (overuse_frame_detector.cc:645): CheckForOveruse: encode usage 10 overuse detections 0 rampup delay 10000 action AdaptUp
[089:666][280503] (connection.cc:634): Conn[36eaf000CRxS|-|0|0|p|90]: Received STUN BINDING request, id=575572755351454f6a723945
[089:666][280503] (connection.cc:957): Conn[36eaf000CRxS|-|0|0|p|90]: Sent STUN BINDING response, to=58.186.3.x:60453, writable=0, id=575572755351454f6a723945
[089:686][347779] (audio_device_buffer.cc:471): [REC : 10262msec, 48kHz] callbacks: 1026, samples: 492480, rate: 47991, rate diff: 0%, level: 13582
[089:686][347779] (audio_device_buffer.cc:497): [PLAY: 10262msec, 48kHz] callbacks: 1026, samples: 492480, rate: 47991, rate diff: 0%, level: 8524
[089:751][329491] (rtp_video_stream_receiver2.cc:1449): Packet received on SSRC: 3992556228 with payload type: 35, timestamp: 1364530486, sequence number: 26309, arrival time: 6756019610 us, abs send time: 858256
[089:997][329491] (webrtc_video_engine.cc:2519): VideoSendStream stats: 6756268, {input_fps: 20.0, encode_fps: 20, encode_ms: 4, encode_usage_perc: 10, target_bps: 900000, media_bps: 829040, suspended: false, bw_adapted_res: false, cpu_adapted_res: false, bw_adapted_fps: false, cpu_adapted_fps: false, #cpu_adaptations: 0, #quality_adaptations: 0} {ssrc: 860390162, type: media, width: 720, height: 404, key: 1, delta: 1618, total_bps: 877776, retransmit_bps: 0, avg_delay_ms: 15, max_delay_ms: 17, cum_loss: 5, max_ext_seq: 15200, nack: 11, fir: 0, pli: 0}
[089:997][329491] (webrtc_video_engine.cc:1690): Call stats: 6756268, {send_bw_bps: 1908000, recv_bw_bps: 0, max_pad_bps: 0, pacer_delay_ms: 0, rtt_ms: 69}
[089:997][329491] (webrtc_video_engine.cc:3974): VideoReceiveStreamInterface stats: 6756268, {ssrc: 3992556228, total_bps: 781320, frameWidth: 720, frameHeight: 404, key: 1, delta: 1609, framesAssembledFromMultiplePackets: 1608, framesDecoded: 1608, framesDropped: 0, network_fps: 17, decode_fps: 20, render_fps: 20, decode_ms: 3, max_decode_ms: 3, first_frame_received_to_decoded_ms: 20, current_delay_ms: 134, target_delay_ms: 121, jitter_delay_ms: 31, totalAssemblyTime: 4.98355, jitterBufferDelay: 137.511, jitterBufferTargetDelay: 134.035, jitterBufferEmittedCount: 1608, jitterBufferMinimumDelay: 25.3637, totalDecodeTime: 4.61326, totalProcessingDelay: 142.229, min_playout_delay_ms: 134, sync_offset_ms: 3, cum_loss: 0, nackCount: 2, firCount: 0, pliCount: 0}
[090:144][280503] (connection.cc:634): Conn[35224c00CRxS|-|0|0|p|60]: Received STUN BINDING request, id=35344c566470585362434c33
[090:144][280503] (connection.cc:957): Conn[35224c00CRxS|-|0|0|p|60]: Sent STUN BINDING response, to=14.238.152.x:43559, writable=0, id=35344c566470585362434c33
[090:671][280503] (connection.cc:634): Conn[32b98c00CRxS|-|0|0|p|84]: Received STUN BINDING request, id=752b544b5a5a2f644a30662f
[090:672][280503] (connection.cc:957): Conn[32b98c00CRxS|-|0|0|p|84]: Sent STUN BINDING response, to=160.250.77.x:37348, writable=0, id=752b544b5a5a2f644a30662f
[091:011][329491] (remote_ntp_time_estimator.cc:94): RTP timestamp: 1364638486 in NTP clock: 3998689732459 estimated time in receiver NTP clock: 3998689732439
[091:192][280503] (connection.cc:634): Conn[3ac1a400CRxS|-|0|0|p|104]: Received STUN BINDING request, id=46706b4839714b4737326a50
[091:192][280503] (connection.cc:957): Conn[3ac1a400CRxS|-|0|0|p|104]: Sent STUN BINDING response, to=160.250.77.x:33849, writable=0, id=46706b4839714b4737326a50
[091:495][280503] (connection.cc:1824): Conn[35227000CRWS|S|0|1|p|65]: Sent STUN BINDING request, id=506a69307a714c7975533334, use_candidate=0, nomination=1
[091:551][280503] (connection.cc:1702): Conn[35227000CRWI|S|0|1|p|65]: Received STUN BINDING response, id=506a69307a714c7975533334, code=0, rtt=56796 us, pings_since_last_response=506a69307a714c7975533334 
[091:558][329491] (bitrate_allocator.cc:500): Current BWE 1908000
[091:671][280503] (connection.cc:957): Conn[35227000CRWS|S|0|1|p|63]: Sent STUN BINDING response, to=14.238.152.x:43559, writable=1, id=63507569634e396d51615468
[092:210][280503] (connection.cc:634): Conn[35224000CRxS|-|0|0|p|95]: Received STUN BINDING request, id=302b49673273466672436130
[092:210][280503] (connection.cc:957): Conn[35224000CRxS|-|0|0|p|95]: Sent STUN BINDING response, to=58.186.3.x:60453, writable=0, id=302b49673273466672436130
[092:711][280503] (connection.cc:634): Conn[53a8e400CRxS|-|0|0|p|100]: Received STUN BINDING request, id=4d596b7a4c37653531324a41
[092:712][280503] (connection.cc:957): Conn[53a8e400CRxS|-|0|0|p|100]: Sent STUN BINDING response, to=58.186.3.x:27363, writable=0, id=4d596b7a4c37653531324a41
[093:196][280503] (connection.cc:634): Conn[47485800CRxS|-|0|0|p|115]: Received STUN BINDING request, id=6b6f734f6a6e6c7372336b5a
[093:196][280503] (connection.cc:957): Conn[47485800CRxS|-|0|0|p|115]: Sent STUN BINDING response, to=14.238.152.x:45069, writable=0, id=6b6f734f6a6e6c7372336b5a
[093:717][280503] (connection.cc:634): Conn[3ac00c00CRxS|-|0|0|p|125]: Received STUN BINDING request, id=6a4f444a4c6b7459326f4a78
[093:718][280503] (connection.cc:957): Conn[3ac00c00CRxS|-|0|0|p|125]: Sent STUN BINDING response, to=160.250.77.x:37348, writable=0, id=6a4f444a4c6b7459326f4a78
[093:731][329491] (rtp_streams_synchronizer2.cc:136): Sync info stats: 6760001, {ssrc: 1233186867, cur_delay: 158 ms} {ssrc: 3992556228, cur_delay: 134 ms} {relative_delay_ms: 10} 
[094:000][280503] (connection.cc:1824): Conn[35227000CRWS|S|0|1|p|63]: Sent STUN BINDING request, id=3133586b5870764e44616657, use_candidate=0, nomination=1
[094:048][280503] (connection.cc:1702): Conn[35227000CRWI|S|0|1|p|63]: Received STUN BINDING response, id=3133586b5870764e44616657, code=0, rtt=47875 us, pings_since_last_response=3133586b5870764e44616657 
[094:173][280503] (connection.cc:957): Conn[35227000CRWS|S|0|1|p|59]: Sent STUN BINDING response, to=14.238.152.x:43559, writable=1, id=364a78797964524d696c334b
[094:355][149807] (overuse_frame_detector.cc:645): CheckForOveruse: encode usage 10 overuse detections 0 rampup delay 10000 action NoAction
[094:665][280503] (connection.cc:634): Conn[53aa0000CRxS|-|0|0|p|84]: Received STUN BINDING request, id=50496a324842504370547938
[094:665][280503] (connection.cc:957): Conn[53aa0000CRxS|-|0|0|p|84]: Sent STUN BINDING response, to=14.238.152.x:43559, writable=0, id=50496a324842504370547938
[095:191][280503] (connection.cc:634): Conn[53a8c000CRxS|-|0|0|p|95]: Received STUN BINDING request, id=4c6e496a6f47534b6c6f4c7a
[095:191][280503] (connection.cc:957): Conn[53a8c000CRxS|-|0|0|p|95]: Sent STUN BINDING response, to=58.186.3.x:27363, writable=0, id=4c6e496a6f47534b6c6f4c7a
[095:706][280503] (connection.cc:634): Conn[47484c00CRxS|-|0|0|p|94]: Received STUN BINDING request, id=544869313644485249674270
[095:706][280503] (connection.cc:957): Conn[47484c00CRxS|-|0|0|p|94]: Sent STUN BINDING response, to=14.238.152.x:45069, writable=0, id=544869313644485249674270
[096:208][280503] (connection.cc:634): Conn[53a8cc00C-xI|-|0|0|p|111]: Received STUN BINDING request, id=433538334232386867327332
[096:208][280503] (connection.cc:407): Conn[53a8cc00C-xI|-|0|0|p|111]: set_receiving to 1
[096:208][280503] (connection.cc:957): Conn[53a8cc00CRxI|-|0|0|p|111]: Sent STUN BINDING response, to=58.186.3.x:27363, writable=0, id=433538334232386867327332
[096:209][280503] (wrapping_active_ice_controller.cc:223): Not switching selected connection due to: candidate pair state changed
[096:501][280503] (connection.cc:1824): Conn[35227000CRWS|S|0|1|p|59]: Sent STUN BINDING request, id=4f6f6d5656336b3272435331, use_candidate=0, nomination=1
[096:560][280503] (connection.cc:1702): Conn[35227000CRWI|S|0|1|p|59]: Received STUN BINDING response, id=4f6f6d5656336b3272435331, code=0, rtt=58830 us, pings_since_last_response=4f6f6d5656336b3272435331 
[096:694][280503] (connection.cc:957): Conn[35227000CRWS|S|0|1|p|59]: Sent STUN BINDING response, to=14.238.152.x:43559, writable=1, id=66695251514b783647696955
[096:799][329491] (bitrate_allocator.cc:500): Current BWE 1908000
[097:189][280503] (connection.cc:634): Conn[3ac19800CRxS|-|0|0|p|79]: Received STUN BINDING request, id=4a50793265384b316b77422f
[097:189][280503] (connection.cc:957): Conn[3ac19800CRxS|-|0|0|p|79]: Sent STUN BINDING response, to=160.250.77.x:33849, writable=0, id=4a50793265384b316b77422f
[097:676][280503] (connection.cc:634): Conn[35226400CRxS|-|0|0|p|85]: Received STUN BINDING request, id=6d436a55542f5a73444c6855
[097:676][280503] (connection.cc:957): Conn[35226400CRxS|-|0|0|p|85]: Sent STUN BINDING response, to=58.186.3.x:60453, writable=0, id=6d436a55542f5a73444c6855
[098:190][280503] (connection.cc:634): Conn[53aa1800CRxS|-|0|0|p|87]: Received STUN BINDING request, id=356d666559676d413844424d
[098:190][280503] (connection.cc:957): Conn[53aa1800CRxS|-|0|0|p|87]: Sent STUN BINDING response, to=160.250.77.x:33849, writable=0, id=356d666559676d413844424d
[098:700][280503] (connection.cc:634): Conn[47486400CRxS|-|0|0|p|128]: Received STUN BINDING request, id=2f3675472b6e4c3772347748
[098:700][280503] (connection.cc:957): Conn[47486400CRxS|-|0|0|p|128]: Sent STUN BINDING response, to=14.238.152.x:45069, writable=0, id=2f3675472b6e4c3772347748
[098:757][280503] (connection.cc:407): Conn[53a8cc00CRxI|-|0|0|p|111]: set_receiving to 0
[098:758][280503] (wrapping_active_ice_controller.cc:223): Not switching selected connection due to: candidate pair state changed
[099:007][280503] (connection.cc:1824): Conn[35227000CRWS|S|0|1|p|59]: Sent STUN BINDING request, id=543049466f737a4f56744b36, use_candidate=0, nomination=1
[099:091][280503] (connection.cc:1702): Conn[35227000CRWI|S|0|1|p|59]: Received STUN BINDING response, id=543049466f737a4f56744b36, code=0, rtt=83951 us, pings_since_last_response=543049466f737a4f56744b36 
[099:168][280503] (connection.cc:957): Conn[35227000CRWS|S|0|1|p|65]: Sent STUN BINDING response, to=14.238.152.x:43559, writable=1, id=4f4444665966724b566e464a
[099:264][327795] (overuse_frame_detector.cc:645): CheckForOveruse: encode usage 10 overuse detections 0 rampup delay 10000 action NoAction
[099:682][280503] (connection.cc:634): Conn[2192b000CRxS|-|0|0|p|94]: Received STUN BINDING request, id=73796d6632534a364234454b
[099:682][280503] (connection.cc:957): Conn[2192b000CRxS|-|0|0|p|94]: Sent STUN BINDING response, to=160.250.77.x:37348, writable=0, id=73796d6632534a364234454b
[099:752][329491] (rtp_video_stream_receiver2.cc:1449): Packet received on SSRC: 3992556228 with payload type: 35, timestamp: 1365429946, sequence number: 27328, arrival time: 6766020287 us, abs send time: 3479605
[099:929][347779] (audio_device_buffer.cc:471): [REC : 10243msec, 48kHz] callbacks: 1024, samples: 491520, rate: 47986, rate diff: 0%, level: 4876
[099:929][347779] (audio_device_buffer.cc:497): [PLAY: 10243msec, 48kHz] callbacks: 1024, samples: 491520, rate: 47986, rate diff: 0%, level: 12066
[100:026][329491] (webrtc_video_engine.cc:2519): VideoSendStream stats: 6766297, {input_fps: 20.0, encode_fps: 20, encode_ms: 4, encode_usage_perc: 10, target_bps: 900000, media_bps: 832720, suspended: false, bw_adapted_res: false, cpu_adapted_res: false, bw_adapted_fps: false, cpu_adapted_fps: false, #cpu_adaptations: 0, #quality_adaptations: 0} {ssrc: 860390162, type: media, width: 720, height: 404, key: 1, delta: 1819, total_bps: 866592, retransmit_bps: 0, avg_delay_ms: 16, max_delay_ms: 18, cum_loss: 5, max_ext_seq: 16203, nack: 11, fir: 0, pli: 0}
[100:026][329491] (webrtc_video_engine.cc:1690): Call stats: 6766297, {send_bw_bps: 1908000, recv_bw_bps: 0, max_pad_bps: 0, pacer_delay_ms: 0, rtt_ms: 68}
[100:026][329491] (webrtc_video_engine.cc:3974): VideoReceiveStreamInterface stats: 6766297, {ssrc: 3992556228, total_bps: 898616, frameWidth: 720, frameHeight: 404, key: 1, delta: 1810, framesAssembledFromMultiplePackets: 1809, framesDecoded: 1809, framesDropped: 0, network_fps: 20, decode_fps: 20, render_fps: 20, decode_ms: 3, max_decode_ms: 3, first_frame_received_to_decoded_ms: 20, current_delay_ms: 134, target_delay_ms: 121, jitter_delay_ms: 29, totalAssemblyTime: 5.48399, jitterBufferDelay: 161.553, jitterBufferTargetDelay: 158.356, jitterBufferEmittedCount: 1809, jitterBufferMinimumDelay: 31.4769, totalDecodeTime: 5.16596, totalProcessingDelay: 166.835, min_playout_delay_ms: 134, sync_offset_ms: -1, cum_loss: 0, nackCount: 2, firCount: 0, pliCount: 0}
[100:181][280503] (connection.cc:634): Conn[36eaf000CRxS|-|0|0|p|90]: Received STUN BINDING request, id=316a4571367436666c375638
[100:181][280503] (connection.cc:957): Conn[36eaf000CRxS|-|0|0|p|90]: Sent STUN BINDING response, to=58.186.3.x:60453, writable=0, id=316a4571367436666c375638
[100:682][280503] (connection.cc:634): Conn[35224c00CRxS|-|0|0|p|60]: Received STUN BINDING request, id=4e734f5343732f3244534954
[100:682][280503] (connection.cc:957): Conn[35224c00CRxS|-|0|0|p|60]: Sent STUN BINDING response, to=14.238.152.x:43559, writable=0, id=4e734f5343732f3244534954
[101:100][329491] (remote_ntp_time_estimator.cc:94): RTP timestamp: 1365546946 in NTP clock: 3998689742553 estimated time in receiver NTP clock: 3998689742547
[101:200][280503] (connection.cc:634): Conn[32b98c00CRxS|-|0|0|p|84]: Received STUN BINDING request, id=6833587a3463787347434a6e
[101:201][280503] (connection.cc:957): Conn[32b98c00CRxS|-|0|0|p|84]: Sent STUN BINDING response, to=160.250.77.x:37348, writable=0, id=6833587a3463787347434a6e
[101:510][280503] (connection.cc:1824): Conn[35227000CRWS|S|0|1|p|65]: Sent STUN BINDING request, id=4b5366735550526b79527971, use_candidate=0, nomination=1
[101:566][280503] (connection.cc:1702): Conn[35227000CRWI|S|0|1|p|65]: Received STUN BINDING response, id=4b5366735550526b79527971, code=0, rtt=56105 us, pings_since_last_response=4b5366735550526b79527971 
[101:676][280503] (connection.cc:957): Conn[35227000CRWS|S|0|1|p|63]: Sent STUN BINDING response, to=14.238.152.x:43559, writable=1, id=3241547873574a77667a3055
[102:216][280503] (connection.cc:634): Conn[3ac1a400CRxS|-|0|0|p|104]: Received STUN BINDING request, id=384550416168764263343937
[102:216][280503] (connection.cc:957): Conn[3ac1a400CRxS|-|0|0|p|104]: Sent STUN BINDING response, to=160.250.77.x:33849, writable=0, id=384550416168764263343937
[102:377][329491] (bitrate_allocator.cc:500): Current BWE 1908000
[102:764][280503] (connection.cc:634): Conn[35224000CRxS|-|0|0|p|95]: Received STUN BINDING request, id=6a486a674a30356e6b677437
[102:764][280503] (connection.cc:957): Conn[35224000CRxS|-|0|0|p|95]: Sent STUN BINDING response, to=58.186.3.x:60453, writable=0, id=6a486a674a30356e6b677437
[103:221][280503] (connection.cc:634): Conn[53a8e400CRxS|-|0|0|p|100]: Received STUN BINDING request, id=66434e504e67766858616248
[103:222][280503] (connection.cc:957): Conn[53a8e400CRxS|-|0|0|p|100]: Sent STUN BINDING response, to=58.186.3.x:27363, writable=0, id=66434e504e67766858616248
[103:715][280503] (connection.cc:634): Conn[47485800CRxS|-|0|0|p|115]: Received STUN BINDING request, id=547a6d39664b4d7177594653
[103:715][280503] (connection.cc:957): Conn[47485800CRxS|-|0|0|p|115]: Sent STUN BINDING response, to=14.238.152.x:45069, writable=0, id=547a6d39664b4d7177594653
[103:732][329491] (rtp_streams_synchronizer2.cc:136): Sync info stats: 6770003, {ssrc: 1233186867, cur_delay: 151 ms} {ssrc: 3992556228, cur_delay: 134 ms} {relative_delay_ms: 21} 
[104:011][280503] (connection.cc:1824): Conn[35227000CRWS|S|0|1|p|63]: Sent STUN BINDING request, id=5a304257566c395261695246, use_candidate=0, nomination=1
[104:082][280503] (connection.cc:1702): Conn[35227000CRWI|S|0|1|p|63]: Received STUN BINDING response, id=5a304257566c395261695246, code=0, rtt=70900 us, pings_since_last_response=5a304257566c395261695246 
[104:182][280503] (connection.cc:957): Conn[35227000CRWS|S|0|1|p|65]: Sent STUN BINDING response, to=14.238.152.x:43559, writable=1, id=4b712b4463312f366655386a
[104:362][320751] (overuse_frame_detector.cc:645): CheckForOveruse: encode usage 10 overuse detections 0 rampup delay 10000 action AdaptUp
[104:741][280503] (connection.cc:634): Conn[3ac00c00CRxS|-|0|0|p|125]: Received STUN BINDING request, id=73305042637031794f707a7a
[104:742][280503] (connection.cc:957): Conn[3ac00c00CRxS|-|0|0|p|125]: Sent STUN BINDING response, to=160.250.77.x:37348, writable=0, id=73305042637031794f707a7a
[105:210][280503] (connection.cc:634): Conn[53aa0000CRxS|-|0|0|p|84]: Received STUN BINDING request, id=465866466b77496c31697632
[105:211][280503] (connection.cc:957): Conn[53aa0000CRxS|-|0|0|p|84]: Sent STUN BINDING response, to=14.238.152.x:43559, writable=0, id=465866466b77496c31697632
[105:734][280503] (connection.cc:634): Conn[53a8c000CRxS|-|0|0|p|95]: Received STUN BINDING request, id=424c4d786e52362b786a5468
[105:734][280503] (connection.cc:957): Conn[53a8c000CRxS|-|0|0|p|95]: Sent STUN BINDING response, to=58.186.3.x:27363, writable=0, id=424c4d786e52362b786a5468
[106:240][280503] (connection.cc:634): Conn[47484c00CRxS|-|0|0|p|94]: Received STUN BINDING request, id=593233705a546134325a4d77
[106:241][280503] (connection.cc:957): Conn[47484c00CRxS|-|0|0|p|94]: Sent STUN BINDING response, to=14.238.152.x:45069, writable=0, id=593233705a546134325a4d77
[106:512][280503] (connection.cc:1824): Conn[35227000CRWS|S|0|1|p|65]: Sent STUN BINDING request, id=59415a44336f42537a6e6a62, use_candidate=0, nomination=1
[106:571][280503] (connection.cc:1702): Conn[35227000CRWI|S|0|1|p|65]: Received STUN BINDING response, id=59415a44336f42537a6e6a62, code=0, rtt=58975 us, pings_since_last_response=59415a44336f42537a6e6a62 
[106:698][280503] (connection.cc:957): Conn[35227000CRWS|S|0|1|p|63]: Sent STUN BINDING response, to=14.238.152.x:43559, writable=1, id=75797852773953756a38504d
[107:261][280503] (connection.cc:634): Conn[53a8cc00C-xI|-|0|0|p|111]: Received STUN BINDING request, id=6c70614e6535364f2b346153
[107:261][280503] (connection.cc:407): Conn[53a8cc00C-xI|-|0|0|p|111]: set_receiving to 1
[107:261][280503] (connection.cc:957): Conn[53a8cc00CRxI|-|0|0|p|111]: Sent STUN BINDING response, to=58.186.3.x:27363, writable=0, id=6c70614e6535364f2b346153
[107:261][280503] (wrapping_active_ice_controller.cc:223): Not switching selected connection due to: candidate pair state changed
[107:609][329491] (bitrate_allocator.cc:500): Current BWE 1908000
[107:782][280503] (connection.cc:634): Conn[3ac19800CRxS|-|0|0|p|79]: Received STUN BINDING request, id=47424232796c352f5358686d
[107:782][280503] (connection.cc:957): Conn[3ac19800CRxS|-|0|0|p|79]: Sent STUN BINDING response, to=160.250.77.x:33849, writable=0, id=47424232796c352f5358686d
[108:234][280503] (connection.cc:634): Conn[35226400CRxS|-|0|0|p|85]: Received STUN BINDING request, id=32787172545031384d416a75
[108:234][280503] (connection.cc:957): Conn[35226400CRxS|-|0|0|p|85]: Sent STUN BINDING response, to=58.186.3.x:60453, writable=0, id=32787172545031384d416a75
[108:727][280503] (connection.cc:634): Conn[53aa1800CRxS|-|0|0|p|87]: Received STUN BINDING request, id=7433647a4539666e494c772b
[108:727][280503] (connection.cc:957): Conn[53aa1800CRxS|-|0|0|p|87]: Sent STUN BINDING response, to=160.250.77.x:33849, writable=0, id=7433647a4539666e494c772b
[109:014][280503] (connection.cc:1824): Conn[35227000CRWS|S|0|1|p|63]: Sent STUN BINDING request, id=75676d4f6d6a4f68424b4e72, use_candidate=0, nomination=1
[109:078][280503] (connection.cc:1702): Conn[35227000CRWI|S|0|1|p|63]: Received STUN BINDING response, id=75676d4f6d6a4f68424b4e72, code=0, rtt=64059 us, pings_since_last_response=75676d4f6d6a4f68424b4e72 
[109:210][149807] (overuse_frame_detector.cc:645): CheckForOveruse: encode usage 10 overuse detections 0 rampup delay 10000 action NoAction
[109:218][280503] (connection.cc:957): Conn[35227000CRWS|S|0|1|p|64]: Sent STUN BINDING response, to=14.238.152.x:43559, writable=1, id=6150754a58716859332f7461
[109:752][280503] (connection.cc:634): Conn[47486400CRxS|-|0|0|p|128]: Received STUN BINDING request, id=48386b6d5556333776696258
[109:752][280503] (connection.cc:957): Conn[47486400CRxS|-|0|0|p|128]: Sent STUN BINDING response, to=14.238.152.x:45069, writable=0, id=48386b6d5556333776696258
[109:764][280503] (connection.cc:407): Conn[53a8cc00CRxI|-|0|0|p|111]: set_receiving to 0
[109:764][280503] (wrapping_active_ice_controller.cc:223): Not switching selected connection due to: candidate pair state changed
[109:793][329491] (rtp_video_stream_receiver2.cc:1449): Packet received on SSRC: 3992556228 with payload type: 35, timestamp: 1366334356, sequence number: 28348, arrival time: 6776061074 us, abs send time: 6113658
[109:929][289707] (audio_device_buffer.cc:471): [REC : 10001msec, 48kHz] callbacks: 1000, samples: 480000, rate: 47995, rate diff: 0%, level: 7732
[109:930][289707] (audio_device_buffer.cc:497): [PLAY: 10001msec, 48kHz] callbacks: 1000, samples: 480000, rate: 47995, rate diff: 0%, level: 9838
[110:059][329491] (webrtc_video_engine.cc:2519): VideoSendStream stats: 6776329, {input_fps: 21.0, encode_fps: 20, encode_ms: 6, encode_usage_perc: 11, target_bps: 900000, media_bps: 847488, suspended: false, bw_adapted_res: false, cpu_adapted_res: false, bw_adapted_fps: false, cpu_adapted_fps: false, #cpu_adaptations: 0, #quality_adaptations: 0} {ssrc: 860390162, type: media, width: 720, height: 404, key: 1, delta: 2019, total_bps: 907336, retransmit_bps: 0, avg_delay_ms: 15, max_delay_ms: 17, cum_loss: 5, max_ext_seq: 17291, nack: 11, fir: 0, pli: 0}
[110:059][329491] (webrtc_video_engine.cc:1690): Call stats: 6776329, {send_bw_bps: 1908000, recv_bw_bps: 0, max_pad_bps: 0, pacer_delay_ms: 0, rtt_ms: 107}
[110:059][329491] (webrtc_video_engine.cc:3974): VideoReceiveStreamInterface stats: 6776330, {ssrc: 3992556228, total_bps: 849224, frameWidth: 720, frameHeight: 404, key: 1, delta: 2010, framesAssembledFromMultiplePackets: 2009, framesDecoded: 2009, framesDropped: 0, network_fps: 16, decode_fps: 20, render_fps: 20, decode_ms: 3, max_decode_ms: 3, first_frame_received_to_decoded_ms: 20, current_delay_ms: 134, target_delay_ms: 121, jitter_delay_ms: 45, totalAssemblyTime: 6.11118, jitterBufferDelay: 184.032, jitterBufferTargetDelay: 182.556, jitterBufferEmittedCount: 2009, jitterBufferMinimumDelay: 39.1001, totalDecodeTime: 5.67587, totalProcessingDelay: 189.835, min_playout_delay_ms: 134, sync_offset_ms: -1, cum_loss: 0, nackCount: 2, firCount: 0, pliCount: 0}
[110:246][280503] (connection.cc:634): Conn[2192b000CRxS|-|0|0|p|94]: Received STUN BINDING request, id=5335554a392b7a4157777146
[110:246][280503] (connection.cc:957): Conn[2192b000CRxS|-|0|0|p|94]: Sent STUN BINDING response, to=160.250.77.x:37348, writable=0, id=5335554a392b7a4157777146
[110:734][280503] (connection.cc:634): Conn[36eaf000CRxS|-|0|0|p|90]: Received STUN BINDING request, id=5a52584c2f3562736a654f2b
[110:734][280503] (connection.cc:957): Conn[36eaf000CRxS|-|0|0|p|90]: Sent STUN BINDING response, to=58.186.3.x:60453, writable=0, id=5a52584c2f3562736a654f2b
[111:147][329491] (remote_ntp_time_estimator.cc:94): RTP timestamp: 1366455766 in NTP clock: 3998689752651 estimated time in receiver NTP clock: 3998689752652
[111:214][280503] (connection.cc:634): Conn[35224c00CRxS|-|0|0|p|60]: Received STUN BINDING request, id=7746414a5854796b4335716a
[111:215][280503] (connection.cc:957): Conn[35224c00CRxS|-|0|0|p|60]: Sent STUN BINDING response, to=14.238.152.x:43559, writable=0, id=7746414a5854796b4335716a
[111:517][280503] (connection.cc:1824): Conn[35227000CRWS|S|0|1|p|64]: Sent STUN BINDING request, id=4345793838707a695565597a, use_candidate=0, nomination=1
[111:578][280503] (connection.cc:1702): Conn[35227000CRWI|S|0|1|p|64]: Received STUN BINDING response, id=4345793838707a695565597a, code=0, rtt=60738 us, pings_since_last_response=4345793838707a695565597a 
[111:715][280503] (connection.cc:957): Conn[35227000CRWS|S|0|1|p|63]: Sent STUN BINDING response, to=14.238.152.x:43559, writable=1, id=70506a374341677a42673447
[112:238][280503] (connection.cc:634): Conn[32b98c00CRxS|-|0|0|p|84]: Received STUN BINDING request, id=5874367043666975726d5170
[112:239][280503] (connection.cc:957): Conn[32b98c00CRxS|-|0|0|p|84]: Sent STUN BINDING response, to=160.250.77.x:37348, writable=0, id=5874367043666975726d5170
[112:755][280503] (connection.cc:634): Conn[3ac1a400CRxS|-|0|0|p|104]: Received STUN BINDING request, id=493159382f632b48394a6d69
[112:756][280503] (connection.cc:957): Conn[3ac1a400CRxS|-|0|0|p|104]: Sent STUN BINDING response, to=160.250.77.x:33849, writable=0, id=493159382f632b48394a6d69
[112:961][329491] (bitrate_allocator.cc:500): Current BWE 1908000
[113:252][280503] (connection.cc:634): Conn[35224000CRxS|-|0|0|p|95]: Received STUN BINDING request, id=4a5448516d3231776f452f70
[113:252][280503] (connection.cc:957): Conn[35224000CRxS|-|0|0|p|95]: Sent STUN BINDING response, to=58.186.3.x:60453, writable=0, id=4a5448516d3231776f452f70
[113:760][280503] (connection.cc:634): Conn[53a8e400CRxS|-|0|0|p|100]: Received STUN BINDING request, id=303358623661344364524c4a
[113:760][280503] (connection.cc:957): Conn[53a8e400CRxS|-|0|0|p|100]: Sent STUN BINDING response, to=58.186.3.x:27363, writable=0, id=303358623661344364524c4a
[114:023][280503] (connection.cc:1824): Conn[35227000CRWS|S|0|1|p|63]: Sent STUN BINDING request, id=393633466c367a74546f6742, use_candidate=0, nomination=1
[114:065][280503] (connection.cc:1702): Conn[35227000CRWI|S|0|1|p|63]: Received STUN BINDING response, id=393633466c367a74546f6742, code=0, rtt=42608 us, pings_since_last_response=393633466c367a74546f6742 
[114:226][280503] (connection.cc:957): Conn[35227000CRWS|S|0|1|p|58]: Sent STUN BINDING response, to=14.238.152.x:43559, writable=1, id=726d4b6f5364613132524546
[114:342][320751] (overuse_frame_detector.cc:645): CheckForOveruse: encode usage 11 overuse detections 0 rampup delay 10000 action NoAction
[114:732][329491] (rtp_streams_synchronizer2.cc:136): Sync info stats: 6781002, {ssrc: 1233186867, cur_delay: 163 ms} {ssrc: 3992556228, cur_delay: 134 ms} {relative_delay_ms: 17} 
[114:765][280503] (connection.cc:634): Conn[47485800CRxS|-|0|0|p|115]: Received STUN BINDING request, id=355849434246484f4d31566a
[114:766][280503] (connection.cc:957): Conn[47485800CRxS|-|0|0|p|115]: Sent STUN BINDING response, to=14.238.152.x:45069, writable=0, id=355849434246484f4d31566a
[115:277][280503] (connection.cc:634): Conn[3ac00c00CRxS|-|0|0|p|125]: Received STUN BINDING request, id=766b6d724830636e65645249
[115:278][280503] (connection.cc:957): Conn[3ac00c00CRxS|-|0|0|p|125]: Sent STUN BINDING response, to=160.250.77.x:37348, writable=0, id=766b6d724830636e65645249
[115:749][280503] (connection.cc:634): Conn[53aa0000CRxS|-|0|0|p|84]: Received STUN BINDING request, id=476b75725743585459543962
[115:749][280503] (connection.cc:957): Conn[53aa0000CRxS|-|0|0|p|84]: Sent STUN BINDING response, to=14.238.152.x:43559, writable=0, id=476b75725743585459543962
[116:279][280503] (connection.cc:634): Conn[53a8c000CRxS|-|0|0|p|95]: Received STUN BINDING request, id=7151483141432b5a4c57764d
[116:279][280503] (connection.cc:957): Conn[53a8c000CRxS|-|0|0|p|95]: Sent STUN BINDING response, to=58.186.3.x:27363, writable=0, id=7151483141432b5a4c57764d
[116:531][280503] (connection.cc:1824): Conn[35227000CRWS|S|0|1|p|58]: Sent STUN BINDING request, id=5770315373704b4f6f746558, use_candidate=0, nomination=1
[116:590][280503] (connection.cc:1702): Conn[35227000CRWI|S|0|1|p|58]: Received STUN BINDING response, id=5770315373704b4f6f746558, code=0, rtt=58846 us, pings_since_last_response=5770315373704b4f6f746558 
[116:757][280503] (connection.cc:957): Conn[35227000CRWS|S|0|1|p|58]: Sent STUN BINDING response, to=14.238.152.x:43559, writable=1, id=686c77414756386177746231
[117:277][280503] (connection.cc:634): Conn[47484c00CRxS|-|0|0|p|94]: Received STUN BINDING request, id=73327a466367486a6f45514c
[117:277][280503] (connection.cc:957): Conn[47484c00CRxS|-|0|0|p|94]: Sent STUN BINDING response, to=14.238.152.x:45069, writable=0, id=73327a466367486a6f45514c
[117:795][280503] (connection.cc:634): Conn[53a8cc00C-xI|-|0|0|p|111]: Received STUN BINDING request, id=766d744a47644f7544575570
[117:795][280503] (connection.cc:407): Conn[53a8cc00C-xI|-|0|0|p|111]: set_receiving to 1
[117:795][280503] (connection.cc:957): Conn[53a8cc00CRxI|-|0|0|p|111]: Sent STUN BINDING response, to=58.186.3.x:27363, writable=0, id=766d744a47644f7544575570
[117:796][280503] (wrapping_active_ice_controller.cc:223): Not switching selected connection due to: candidate pair state changed
[118:161][329491] (bitrate_allocator.cc:500): Current BWE 1908000
[118:267][280503] (connection.cc:634): Conn[3ac19800CRxS|-|0|0|p|79]: Received STUN BINDING request, id=3859574b5a344c5164346a46
[118:267][280503] (connection.cc:957): Conn[3ac19800CRxS|-|0|0|p|79]: Sent STUN BINDING response, to=160.250.77.x:33849, writable=0, id=3859574b5a344c5164346a46
[118:752][280503] (connection.cc:634): Conn[35226400CRxS|-|0|0|p|85]: Received STUN BINDING request, id=77567a7077544e786a536561
[118:753][280503] (connection.cc:957): Conn[35226400CRxS|-|0|0|p|85]: Sent STUN BINDING response, to=58.186.3.x:60453, writable=0, id=77567a7077544e786a536561
[119:037][280503] (connection.cc:1824): Conn[35227000CRWS|S|0|1|p|58]: Sent STUN BINDING request, id=2b687030564d456a387a3374, use_candidate=0, nomination=1
[119:091][280503] (connection.cc:1702): Conn[35227000CRWI|S|0|1|p|58]: Received STUN BINDING response, id=2b687030564d456a387a3374, code=0, rtt=54134 us, pings_since_last_response=2b687030564d456a387a3374 
[119:248][280503] (connection.cc:957): Conn[35227000CRWS|S|0|1|p|57]: Sent STUN BINDING response, to=14.238.152.x:43559, writable=1, id=5377546f66572f61675a306a
[119:261][154383] (overuse_frame_detector.cc:645): CheckForOveruse: encode usage 11 overuse detections 0 rampup delay 10000 action AdaptUp
[119:770][280503] (connection.cc:634): Conn[53aa1800CRxS|-|0|0|p|87]: Received STUN BINDING request, id=426f674f6870342b67525945
[119:771][280503] (connection.cc:957): Conn[53aa1800CRxS|-|0|0|p|87]: Sent STUN BINDING response, to=160.250.77.x:33849, writable=0, id=426f674f6870342b67525945
[119:795][329491] (rtp_video_stream_receiver2.cc:1449): Packet received on SSRC: 3992556228 with payload type: 35, timestamp: 1367234176, sequence number: 29350, arrival time: 6786060001 us, abs send time: 8734725
[120:090][329491] (webrtc_video_engine.cc:2519): VideoSendStream stats: 6786360, {input_fps: 20.0, encode_fps: 20, encode_ms: 5, encode_usage_perc: 11, target_bps: 900000, media_bps: 871992, suspended: false, bw_adapted_res: false, cpu_adapted_res: false, bw_adapted_fps: false, cpu_adapted_fps: false, #cpu_adaptations: 0, #quality_adaptations: 0} {ssrc: 860390162, type: media, width: 720, height: 404, key: 1, delta: 2220, total_bps: 880256, retransmit_bps: 0, avg_delay_ms: 17, max_delay_ms: 18, cum_loss: 5, max_ext_seq: 18225, nack: 11, fir: 0, pli: 0}
[120:090][329491] (webrtc_video_engine.cc:1690): Call stats: 6786360, {send_bw_bps: 1908000, recv_bw_bps: 0, max_pad_bps: 0, pacer_delay_ms: 0, rtt_ms: 71}
[120:090][329491] (webrtc_video_engine.cc:3974): VideoReceiveStreamInterface stats: 6786360, {ssrc: 3992556228, total_bps: 856120, frameWidth: 720, frameHeight: 404, key: 1, delta: 2211, framesAssembledFromMultiplePackets: 2210, framesDecoded: 2210, framesDropped: 0, network_fps: 20, decode_fps: 20, render_fps: 20, decode_ms: 3, max_decode_ms: 3, first_frame_received_to_decoded_ms: 20, current_delay_ms: 134, target_delay_ms: 121, jitter_delay_ms: 30, totalAssemblyTime: 6.57117, jitterBufferDelay: 208.827, jitterBufferTargetDelay: 206.877, jitterBufferEmittedCount: 2210, jitterBufferMinimumDelay: 46.7021, totalDecodeTime: 6.21127, totalProcessingDelay: 215.178, min_playout_delay_ms: 134, sync_offset_ms: 0, cum_loss: 0, nackCount: 2, firCount: 0, pliCount: 0}
[120:284][280503] (connection.cc:634): Conn[47486400CRxS|-|0|0|p|128]: Received STUN BINDING request, id=6162374845535647486b472f
[120:284][280503] (connection.cc:957): Conn[47486400CRxS|-|0|0|p|128]: Sent STUN BINDING response, to=14.238.152.x:45069, writable=0, id=6162374845535647486b472f
[120:345][347779] (audio_device_buffer.cc:471): [REC : 10415msec, 48kHz] callbacks: 1042, samples: 500160, rate: 48023, rate diff: 0%, level: 4110
[120:345][347779] (audio_device_buffer.cc:497): [PLAY: 10415msec, 48kHz] callbacks: 1042, samples: 500160, rate: 48023, rate diff: 0%, level: 9838
[120:540][280503] (connection.cc:407): Conn[53a8cc00CRxI|-|0|0|p|111]: set_receiving to 0
[120:540][280503] (wrapping_active_ice_controller.cc:223): Not switching selected connection due to: candidate pair state changed
[120:768][280503] (connection.cc:634): Conn[2192b000CRxS|-|0|0|p|94]: Received STUN BINDING request, id=356c2b4a412f535676686236
[120:768][280503] (connection.cc:957): Conn[2192b000CRxS|-|0|0|p|94]: Sent STUN BINDING response, to=160.250.77.x:37348, writable=0, id=356c2b4a412f535676686236
[121:197][329491] (remote_ntp_time_estimator.cc:94): RTP timestamp: 1367360086 in NTP clock: 3998689762699 estimated time in receiver NTP clock: 3998689762700
[121:265][280503] (connection.cc:634): Conn[36eaf000CRxS|-|0|0|p|90]: Received STUN BINDING request, id=644c68583975485964567447
[121:265][280503] (connection.cc:957): Conn[36eaf000CRxS|-|0|0|p|90]: Sent STUN BINDING response, to=58.186.3.x:60453, writable=0, id=644c68583975485964567447
[121:542][280503] (connection.cc:1824): Conn[35227000CRWS|S|0|1|p|57]: Sent STUN BINDING request, id=467935487254334b504a324a, use_candidate=0, nomination=1
[121:616][280503] (connection.cc:1702): Conn[35227000CRWI|S|0|1|p|57]: Received STUN BINDING response, id=467935487254334b504a324a, code=0, rtt=74659 us, pings_since_last_response=467935487254334b504a324a 
[121:754][280503] (connection.cc:957): Conn[35227000CRWS|S|0|1|p|61]: Sent STUN BINDING response, to=14.238.152.x:43559, writable=1, id=48557a464b4e5771624d6d6d
[122:259][280503] (connection.cc:634): Conn[35224c00CRxS|-|0|0|p|60]: Received STUN BINDING request, id=6c7157506b43665a6e377372
[122:259][280503] (connection.cc:957): Conn[35224c00CRxS|-|0|0|p|60]: Sent STUN BINDING response, to=14.238.152.x:43559, writable=0, id=6c7157506b43665a6e377372
[122:798][280503] (connection.cc:634): Conn[32b98c00CRxS|-|0|0|p|84]: Received STUN BINDING request, id=39696272656e484a4c634448
[122:799][280503] (connection.cc:957): Conn[32b98c00CRxS|-|0|0|p|84]: Sent STUN BINDING response, to=160.250.77.x:37348, writable=0, id=39696272656e484a4c634448
[123:297][280503] (connection.cc:634): Conn[3ac1a400CRxS|-|0|0|p|104]: Received STUN BINDING request, id=416777536b6163717451764f
[123:297][280503] (connection.cc:957): Conn[3ac1a400CRxS|-|0|0|p|104]: Sent STUN BINDING response, to=160.250.77.x:33849, writable=0, id=416777536b6163717451764f
[123:684][329491] (bitrate_allocator.cc:500): Current BWE 1908000
[123:791][280503] (connection.cc:634): Conn[35224000CRxS|-|0|0|p|95]: Received STUN BINDING request, id=774f7a745272682b4b4d5856
[123:791][280503] (connection.cc:957): Conn[35224000CRxS|-|0|0|p|95]: Sent STUN BINDING response, to=58.186.3.x:60453, writable=0, id=774f7a745272682b4b4d5856
[124:050][280503] (connection.cc:1824): Conn[35227000CRWS|S|0|1|p|61]: Sent STUN BINDING request, id=714b4d674b4b564f65574a61, use_candidate=0, nomination=1
[124:113][280503] (connection.cc:1702): Conn[35227000CRWI|S|0|1|p|61]: Received STUN BINDING response, id=714b4d674b4b564f65574a61, code=0, rtt=63304 us, pings_since_last_response=714b4d674b4b564f65574a61 
[124:259][280503] (connection.cc:957): Conn[35227000CRWS|S|0|1|p|62]: Sent STUN BINDING response, to=14.238.152.x:43559, writable=1, id=6b5735445541536f4d424d47
[124:280][288179] (overuse_frame_detector.cc:645): CheckForOveruse: encode usage 11 overuse detections 0 rampup delay 10000 action NoAction
[124:733][329491] (rtp_streams_synchronizer2.cc:136): Sync info stats: 6791004, {ssrc: 1233186867, cur_delay: 150 ms} {ssrc: 3992556228, cur_delay: 134 ms} {relative_delay_ms: 30} 
[124:800][280503] (connection.cc:634): Conn[53a8e400CRxS|-|0|0|p|100]: Received STUN BINDING request, id=4b3245705145367832376755
[124:801][280503] (connection.cc:957): Conn[53a8e400CRxS|-|0|0|p|100]: Sent STUN BINDING response, to=58.186.3.x:27363, writable=0, id=4b3245705145367832376755
[125:297][280503] (connection.cc:634): Conn[47485800CRxS|-|0|0|p|115]: Received STUN BINDING request, id=75474d737a317a466a6b3764
[125:297][280503] (connection.cc:957): Conn[47485800CRxS|-|0|0|p|115]: Sent STUN BINDING response, to=14.238.152.x:45069, writable=0, id=75474d737a317a466a6b3764
[125:819][280503] (connection.cc:634): Conn[3ac00c00CRxS|-|0|0|p|125]: Received STUN BINDING request, id=6341364e6250645856344e4f
[125:819][280503] (connection.cc:957): Conn[3ac00c00CRxS|-|0|0|p|125]: Sent STUN BINDING response, to=160.250.77.x:37348, writable=0, id=6341364e6250645856344e4f
[126:283][280503] (connection.cc:634): Conn[53aa0000CRxS|-|0|0|p|84]: Received STUN BINDING request, id=612b6d3274466b766e512b6b
[126:283][280503] (connection.cc:957): Conn[53aa0000CRxS|-|0|0|p|84]: Sent STUN BINDING response, to=14.238.152.x:43559, writable=0, id=612b6d3274466b766e512b6b
[126:554][280503] (connection.cc:1824): Conn[35227000CRWS|S|0|1|p|62]: Sent STUN BINDING request, id=706a46793567466b3852566a, use_candidate=0, nomination=1
[126:602][280503] (connection.cc:1702): Conn[35227000CRWI|S|0|1|p|62]: Received STUN BINDING response, id=706a46793567466b3852566a, code=0, rtt=48179 us, pings_since_last_response=706a46793567466b3852566a 
[126:771][280503] (connection.cc:957): Conn[35227000CRWS|S|0|1|p|58]: Sent STUN BINDING response, to=14.238.152.x:43559, writable=1, id=6a5871652f6c703674477777
[127:312][280503] (connection.cc:634): Conn[53a8c000CRxS|-|0|0|p|95]: Received STUN BINDING request, id=4371756f4d38487635397344
[127:312][280503] (connection.cc:957): Conn[53a8c000CRxS|-|0|0|p|95]: Sent STUN BINDING response, to=58.186.3.x:27363, writable=0, id=4371756f4d38487635397344
[127:818][280503] (connection.cc:634): Conn[47484c00CRxS|-|0|0|p|94]: Received STUN BINDING request, id=5264564e5474576b34413478
[127:819][280503] (connection.cc:957): Conn[47484c00CRxS|-|0|0|p|94]: Sent STUN BINDING response, to=14.238.152.x:45069, writable=0, id=5264564e5474576b34413478
[128:327][280503] (connection.cc:634): Conn[53a8cc00C-xI|-|0|0|p|111]: Received STUN BINDING request, id=467a67486c4878586a583031
[128:327][280503] (connection.cc:407): Conn[53a8cc00C-xI|-|0|0|p|111]: set_receiving to 1
[128:328][280503] (connection.cc:957): Conn[53a8cc00CRxI|-|0|0|p|111]: Sent STUN BINDING response, to=58.186.3.x:27363, writable=0, id=467a67486c4878586a583031
[128:328][280503] (wrapping_active_ice_controller.cc:223): Not switching selected connection due to: candidate pair state changed
[128:733][329491] (bitrate_allocator.cc:500): Current BWE 1908000
[128:759][289707] (video_stream_encoder.cc:1715): Number of frames: captured 1200, dropped (due to congestion window pushback) 0, dropped (due to encoder blocked) 0, interval_ms 60000
[128:803][280503] (connection.cc:634): Conn[3ac19800CRxS|-|0|0|p|79]: Received STUN BINDING request, id=484e5170346641496b784334
[128:803][280503] (connection.cc:957): Conn[3ac19800CRxS|-|0|0|p|79]: Sent STUN BINDING response, to=160.250.77.x:33849, writable=0, id=484e5170346641496b784334
[129:062][280503] (connection.cc:1824): Conn[35227000CRWS|S|0|1|p|58]: Sent STUN BINDING request, id=6d3964457831764a74305039, use_candidate=0, nomination=1
[129:123][280503] (connection.cc:1702): Conn[35227000CRWI|S|0|1|p|58]: Received STUN BINDING response, id=6d3964457831764a74305039, code=0, rtt=62362 us, pings_since_last_response=6d3964457831764a74305039 
[129:264][347779] (overuse_frame_detector.cc:645): CheckForOveruse: encode usage 10 overuse detections 0 rampup delay 10000 action AdaptUp
[129:280][280503] (connection.cc:957): Conn[35227000CRWS|S|0|1|p|59]: Sent STUN BINDING response, to=14.238.152.x:43559, writable=1, id=49734e427431756d70517565
[129:791][280503] (connection.cc:634): Conn[35226400CRxS|-|0|0|p|85]: Received STUN BINDING request, id=3651397a6544432f307a4443
[129:791][280503] (connection.cc:957): Conn[35226400CRxS|-|0|0|p|85]: Sent STUN BINDING response, to=58.186.3.x:60453, writable=0, id=3651397a6544432f307a4443
[129:843][329491] (rtp_video_stream_receiver2.cc:1449): Packet received on SSRC: 3992556228 with payload type: 35, timestamp: 1368138496, sequence number: 30376, arrival time: 6796109882 us, abs send time: 11368054
[130:124][329491] (webrtc_video_engine.cc:2519): VideoSendStream stats: 6796394, {input_fps: 20.0, encode_fps: 20, encode_ms: 5, encode_usage_perc: 10, target_bps: 900000, media_bps: 908320, suspended: false, bw_adapted_res: false, cpu_adapted_res: false, bw_adapted_fps: false, cpu_adapted_fps: false, #cpu_adaptations: 0, #quality_adaptations: 0} {ssrc: 860390162, type: media, width: 720, height: 404, key: 1, delta: 2421, total_bps: 928520, retransmit_bps: 0, avg_delay_ms: 16, max_delay_ms: 18, cum_loss: 9, max_ext_seq: 19318, nack: 13, fir: 0, pli: 0}
[130:124][329491] (webrtc_video_engine.cc:1690): Call stats: 6796394, {send_bw_bps: 1908000, recv_bw_bps: 0, max_pad_bps: 0, pacer_delay_ms: 0, rtt_ms: 63}
[130:124][329491] (webrtc_video_engine.cc:3974): VideoReceiveStreamInterface stats: 6796394, {ssrc: 3992556228, total_bps: 876648, frameWidth: 720, frameHeight: 404, key: 1, delta: 2412, framesAssembledFromMultiplePackets: 2411, framesDecoded: 2411, framesDropped: 0, network_fps: 20, decode_fps: 20, render_fps: 20, decode_ms: 3, max_decode_ms: 3, first_frame_received_to_decoded_ms: 20, current_delay_ms: 134, target_delay_ms: 121, jitter_delay_ms: 20, totalAssemblyTime: 7.05555, jitterBufferDelay: 233.804, jitterBufferTargetDelay: 231.198, jitterBufferEmittedCount: 2411, jitterBufferMinimumDelay: 51.4247, totalDecodeTime: 6.76707, totalProcessingDelay: 240.724, min_playout_delay_ms: 134, sync_offset_ms: 20, cum_loss: 0, nackCount: 2, firCount: 0, pliCount: 0}
[130:331][280503] (connection.cc:634): Conn[53aa1800CRxS|-|0|0|p|87]: Received STUN BINDING request, id=575949435833686158755771
[130:331][280503] (connection.cc:957): Conn[53aa1800CRxS|-|0|0|p|87]: Sent STUN BINDING response, to=160.250.77.x:33849, writable=0, id=575949435833686158755771
[130:396][347779] (audio_device_buffer.cc:471): [REC : 10051msec, 48kHz] callbacks: 1004, samples: 481920, rate: 47947, rate diff: 0%, level: 1011
[130:396][347779] (audio_device_buffer.cc:497): [PLAY: 10051msec, 48kHz] callbacks: 1004, samples: 481920, rate: 47947, rate diff: 0%, level: 15721
[131:068][280503] (connection.cc:407): Conn[53a8cc00CRxI|-|0|0|p|111]: set_receiving to 0
[131:068][280503] (wrapping_active_ice_controller.cc:223): Not switching selected connection due to: candidate pair state changed
[131:237][329491] (remote_ntp_time_estimator.cc:94): RTP timestamp: 1368264496 in NTP clock: 3998689772748 estimated time in receiver NTP clock: 3998689772750
[131:569][280503] (connection.cc:1824): Conn[35227000CRWS|S|0|1|p|59]: Sent STUN BINDING request, id=624e4a58343574566242342f, use_candidate=0, nomination=1
[131:613][280503] (connection.cc:1702): Conn[35227000CRWI|S|0|1|p|59]: Received STUN BINDING response, id=624e4a58343574566242342f, code=0, rtt=44123 us, pings_since_last_response=624e4a58343574566242342f 
[131:787][280503] (connection.cc:957): Conn[35227000CRWS|S|0|1|p|56]: Sent STUN BINDING response, to=14.238.152.x:43559, writable=1, id=682f785a697975617a4e4e6b
[134:076][280503] (connection.cc:1824): Conn[35227000CRWS|S|0|1|p|56]: Sent STUN BINDING request, id=524649493379643445436d6f, use_candidate=0, nomination=1
[134:131][280503] (connection.cc:1702): Conn[35227000CRWI|S|0|1|p|56]: Received STUN BINDING response, id=524649493379643445436d6f, code=0, rtt=55193 us, pings_since_last_response=524649493379643445436d6f 
[134:298][280503] (connection.cc:957): Conn[35227000CRWS|S|0|1|p|56]: Sent STUN BINDING response, to=14.238.152.x:43559, writable=1, id=322f396a3752474855784a50
[134:350][234703] (overuse_frame_detector.cc:645): CheckForOveruse: encode usage 10 overuse detections 0 rampup delay 10000 action NoAction
[134:515][329491] (bitrate_allocator.cc:500): Current BWE 1908000
[135:732][329491] (rtp_streams_synchronizer2.cc:136): Sync info stats: 6802003, {ssrc: 1233186867, cur_delay: 143 ms} {ssrc: 3992556228, cur_delay: 134 ms} {relative_delay_ms: 20} 
[136:585][280503] (connection.cc:1824): Conn[35227000CRWS|S|0|1|p|56]: Sent STUN BINDING request, id=5476337a5976667657387758, use_candidate=0, nomination=1
[136:639][280503] (connection.cc:1702): Conn[35227000CRWI|S|0|1|p|56]: Received STUN BINDING response, id=5476337a5976667657387758, code=0, rtt=54349 us, pings_since_last_response=5476337a5976667657387758 
[136:795][280503] (connection.cc:957): Conn[35227000CRWS|S|0|1|p|55]: Sent STUN BINDING response, to=14.238.152.x:43559, writable=1, id=667a69427368632b4a5a306a
[139:089][280503] (connection.cc:1824): Conn[35227000CRWS|S|0|1|p|55]: Sent STUN BINDING request, id=436538434256524663586638, use_candidate=0, nomination=1
[139:161][280503] (connection.cc:1702): Conn[35227000CRWI|S|0|1|p|55]: Received STUN BINDING response, id=436538434256524663586638, code=0, rtt=71661 us, pings_since_last_response=436538434256524663586638 
[139:265][228547] (overuse_frame_detector.cc:645): CheckForOveruse: encode usage 10 overuse detections 0 rampup delay 10000 action AdaptUp
[139:304][280503] (connection.cc:957): Conn[35227000CRWS|S|0|1|p|59]: Sent STUN BINDING response, to=14.238.152.x:43559, writable=1, id=726942784e542f375a6e706b
[139:877][329491] (rtp_video_stream_receiver2.cc:1449): Packet received on SSRC: 3992556228 with payload type: 35, timestamp: 1369041736, sequence number: 31389, arrival time: 6806143927 us, abs send time: 13998851
[140:057][329491] (bitrate_allocator.cc:500): Current BWE 1908000
[140:153][329491] (webrtc_video_engine.cc:2519): VideoSendStream stats: 6806423, {input_fps: 20.0, encode_fps: 20, encode_ms: 5, encode_usage_perc: 10, target_bps: 900000, media_bps: 865904, suspended: false, bw_adapted_res: false, cpu_adapted_res: false, bw_adapted_fps: false, cpu_adapted_fps: false, #cpu_adaptations: 0, #quality_adaptations: 0} {ssrc: 860390162, type: media, width: 720, height: 404, key: 1, delta: 2621, total_bps: 933864, retransmit_bps: 0, avg_delay_ms: 16, max_delay_ms: 18, cum_loss: 9, max_ext_seq: 20358, nack: 13, fir: 0, pli: 0}
[140:153][329491] (webrtc_video_engine.cc:1690): Call stats: 6806423, {send_bw_bps: 1908000, recv_bw_bps: 0, max_pad_bps: 0, pacer_delay_ms: 0, rtt_ms: 54}
[140:153][329491] (webrtc_video_engine.cc:3974): VideoReceiveStreamInterface stats: 6806423, {ssrc: 3992556228, total_bps: 775944, frameWidth: 720, frameHeight: 404, key: 1, delta: 2613, framesAssembledFromMultiplePackets: 2611, framesDecoded: 2611, framesDropped: 0, network_fps: 20, decode_fps: 20, render_fps: 20, decode_ms: 3, max_decode_ms: 3, first_frame_received_to_decoded_ms: 20, current_delay_ms: 134, target_delay_ms: 121, jitter_delay_ms: 14, totalAssemblyTime: 7.46728, jitterBufferDelay: 259.413, jitterBufferTargetDelay: 255.519, jitterBufferEmittedCount: 2612, jitterBufferMinimumDelay: 54.7187, totalDecodeTime: 7.34065, totalProcessingDelay: 266.79, min_playout_delay_ms: 134, sync_offset_ms: 21, cum_loss: 0, nackCount: 2, firCount: 0, pliCount: 0}
[140:765][320751] (audio_device_buffer.cc:471): [REC : 10369msec, 48kHz] callbacks: 1038, samples: 498240, rate: 48051, rate diff: 0%, level: 6933
[140:765][320751] (audio_device_buffer.cc:497): [PLAY: 10369msec, 48kHz] callbacks: 1038, samples: 498240, rate: 48051, rate diff: 0%, level: 21981
[141:272][329491] (remote_ntp_time_estimator.cc:94): RTP timestamp: 1369167556 in NTP clock: 3998689782782 estimated time in receiver NTP clock: 3998689782780
[141:596][280503] (connection.cc:1824): Conn[35227000CRWS|S|0|1|p|59]: Sent STUN BINDING request, id=732b58637842595051467876, use_candidate=0, nomination=1
[141:645][280503] (connection.cc:1702): Conn[35227000CRWI|S|0|1|p|59]: Received STUN BINDING response, id=732b58637842595051467876, code=0, rtt=48987 us, pings_since_last_response=732b58637842595051467876 
[141:816][280503] (connection.cc:957): Conn[35227000CRWS|S|0|1|p|57]: Sent STUN BINDING response, to=14.238.152.x:43559, writable=1, id=4a6d74596d557978642b4a58
[144:100][280503] (connection.cc:1824): Conn[35227000CRWS|S|0|1|p|57]: Sent STUN BINDING request, id=35516d55726f504a6b494a46, use_candidate=0, nomination=1
[144:157][280503] (connection.cc:1702): Conn[35227000CRWI|S|0|1|p|57]: Received STUN BINDING response, id=35516d55726f504a6b494a46, code=0, rtt=56712 us, pings_since_last_response=35516d55726f504a6b494a46 
[144:321][280503] (connection.cc:957): Conn[35227000CRWS|S|0|1|p|57]: Sent STUN BINDING response, to=14.238.152.x:43559, writable=1, id=6c6e552b734243447267732f
[144:349][154383] (overuse_frame_detector.cc:645): CheckForOveruse: encode usage 10 overuse detections 0 rampup delay 10000 action NoAction
[145:857][280503] (connection.cc:634): Conn[2192b000CRxS|-|0|0|p|94]: Received STUN BINDING request, id=6177336e4d5461364d2b3235
[145:857][280503] (connection.cc:957): Conn[2192b000CRxS|-|0|0|p|94]: Sent STUN BINDING response, to=160.250.77.x:37348, writable=0, id=6177336e4d5461364d2b3235
[146:116][329491] (bitrate_allocator.cc:500): Current BWE 1908000
[146:608][280503] (connection.cc:1824): Conn[35227000CRWS|S|0|1|p|57]: Sent STUN BINDING request, id=48555257786f4f54506f4967, use_candidate=0, nomination=1
[146:655][280503] (connection.cc:1702): Conn[35227000CRWI|S|0|1|p|57]: Received STUN BINDING response, id=48555257786f4f54506f4967, code=0, rtt=46926 us, pings_since_last_response=48555257786f4f54506f4967 
[146:732][329491] (rtp_streams_synchronizer2.cc:136): Sync info stats: 6813003, {ssrc: 1233186867, cur_delay: 142 ms} {ssrc: 3992556228, cur_delay: 134 ms} {relative_delay_ms: 32} 
[146:838][280503] (connection.cc:957): Conn[35227000CRWS|S|0|1|p|54]: Sent STUN BINDING response, to=14.238.152.x:43559, writable=1, id=455552526873397a6f776a43
[149:118][280503] (connection.cc:1824): Conn[35227000CRWS|S|0|1|p|54]: Sent STUN BINDING request, id=61693078775774555a4b3344, use_candidate=0, nomination=1
[149:160][289707] (overuse_frame_detector.cc:645): CheckForOveruse: encode usage 10 overuse detections 0 rampup delay 10000 action NoAction
[149:170][280503] (connection.cc:1702): Conn[35227000CRWI|S|0|1|p|54]: Received STUN BINDING response, id=61693078775774555a4b3344, code=0, rtt=53029 us, pings_since_last_response=61693078775774555a4b3344 
[149:341][280503] (connection.cc:957): Conn[35227000CRWS|S|0|1|p|54]: Sent STUN BINDING response, to=14.238.152.x:43559, writable=1, id=4a6e31467161634963664c4f
[149:886][329491] (rtp_video_stream_receiver2.cc:1449): Packet received on SSRC: 3992556228 with payload type: 35, timestamp: 1369942096, sequence number: 32411, arrival time: 6816153050 us, abs send time: 16623382
[150:184][329491] (webrtc_video_engine.cc:2519): VideoSendStream stats: 6816455, {input_fps: 20.0, encode_fps: 20, encode_ms: 4, encode_usage_perc: 10, target_bps: 900000, media_bps: 881016, suspended: false, bw_adapted_res: false, cpu_adapted_res: false, bw_adapted_fps: false, cpu_adapted_fps: false, #cpu_adaptations: 0, #quality_adaptations: 0} {ssrc: 860390162, type: media, width: 720, height: 404, key: 1, delta: 2822, total_bps: 862856, retransmit_bps: 0, avg_delay_ms: 15, max_delay_ms: 17, cum_loss: 9, max_ext_seq: 21273, nack: 17, fir: 0, pli: 0}
[150:184][329491] (webrtc_video_engine.cc:1690): Call stats: 6816455, {send_bw_bps: 1908000, recv_bw_bps: 0, max_pad_bps: 0, pacer_delay_ms: 0, rtt_ms: 60}
[150:184][329491] (webrtc_video_engine.cc:3974): VideoReceiveStreamInterface stats: 6816455, {ssrc: 3992556228, total_bps: 926256, frameWidth: 720, frameHeight: 404, key: 1, delta: 2813, framesAssembledFromMultiplePackets: 2812, framesDecoded: 2812, framesDropped: 0, network_fps: 20, decode_fps: 20, render_fps: 20, decode_ms: 4, max_decode_ms: 4, first_frame_received_to_decoded_ms: 20, current_delay_ms: 134, target_delay_ms: 120, jitter_delay_ms: 13, totalAssemblyTime: 7.98342, jitterBufferDelay: 282.747, jitterBufferTargetDelay: 279.601, jitterBufferEmittedCount: 2812, jitterBufferMinimumDelay: 57.4329, totalDecodeTime: 7.96567, totalProcessingDelay: 290.893, min_playout_delay_ms: 134, sync_offset_ms: 28, cum_loss: 0, nackCount: 2, firCount: 0, pliCount: 0}
[150:372][280503] (p2p_transport_channel.cc:2259): Channel[0|1|RW: Removed connection 47486400 (17 remaining)
[150:932][347779] (audio_device_buffer.cc:471): [REC : 10168msec, 48kHz] callbacks: 1016, samples: 487680, rate: 47962, rate diff: 0%, level: 9793
[150:932][347779] (audio_device_buffer.cc:497): [PLAY: 10168msec, 48kHz] callbacks: 1016, samples: 487680, rate: 47962, rate diff: 0%, level: 18453
[151:282][329491] (remote_ntp_time_estimator.cc:94): RTP timestamp: 1370067916 in NTP clock: 3998689792786 estimated time in receiver NTP clock: 3998689792785
[151:374][280503] (p2p_transport_channel.cc:2259): Channel[0|1|RW: Removed connection 36eaf000 (16 remaining)
[151:480][329491] (bitrate_allocator.cc:500): Current BWE 1908000
[151:625][280503] (connection.cc:1824): Conn[35227000CRWS|S|0|1|p|54]: Sent STUN BINDING request, id=63794a686c666d35476e6a46, use_candidate=0, nomination=1
[151:677][280503] (connection.cc:1702): Conn[35227000CRWI|S|0|1|p|54]: Received STUN BINDING response, id=63794a686c666d35476e6a46, code=0, rtt=53037 us, pings_since_last_response=63794a686c666d35476e6a46 
[151:918][280503] (connection.cc:957): Conn[35227000CRWS|S|0|1|p|54]: Sent STUN BINDING response, to=14.238.152.x:43559, writable=1, id=6d434e4142564c2b4d7a3978
[152:377][280503] (p2p_transport_channel.cc:2259): Channel[0|1|RW: Removed connection 35224c00 (15 remaining)
[152:879][280503] (p2p_transport_channel.cc:2259): Channel[0|1|RW: Removed connection 32b98c00 (14 remaining)
[153:380][280503] (p2p_transport_channel.cc:2259): Channel[0|1|RW: Removed connection 3ac1a400 (13 remaining)
[153:881][280503] (p2p_transport_channel.cc:2259): Channel[0|1|RW: Removed connection 35224000 (12 remaining)
[154:132][280503] (connection.cc:1824): Conn[35227000CRWS|S|0|1|p|54]: Sent STUN BINDING request, id=424939356554514c6c503274, use_candidate=0, nomination=1
[154:188][280503] (connection.cc:1702): Conn[35227000CRWI|S|0|1|p|54]: Received STUN BINDING response, id=424939356554514c6c503274, code=0, rtt=55531 us, pings_since_last_response=424939356554514c6c503274 
[154:302][154383] (overuse_frame_detector.cc:645): CheckForOveruse: encode usage 10 overuse detections 0 rampup delay 10000 action AdaptUp
[154:349][280503] (connection.cc:957): Conn[35227000CRWS|S|0|1|p|54]: Sent STUN BINDING response, to=14.238.152.x:43559, writable=1, id=6f374c52694251476d497743
[154:883][280503] (p2p_transport_channel.cc:2259): Channel[0|1|RW: Removed connection 53a8e400 (11 remaining)
[155:386][280503] (p2p_transport_channel.cc:2259): Channel[0|1|RW: Removed connection 47485800 (10 remaining)
[155:887][280503] (p2p_transport_channel.cc:2259): Channel[0|1|RW: Removed connection 3ac00c00 (9 remaining)
[156:389][280503] (p2p_transport_channel.cc:2259): Channel[0|1|RW: Removed connection 53aa0000 (8 remaining)
[156:501][329491] (bitrate_allocator.cc:500): Current BWE 1908000
[156:640][280503] (connection.cc:1824): Conn[35227000CRWS|S|0|1|p|54]: Sent STUN BINDING request, id=594d344a4f65782f30584353, use_candidate=0, nomination=1
[156:697][280503] (connection.cc:1702): Conn[35227000CRWI|S|0|1|p|54]: Received STUN BINDING response, id=594d344a4f65782f30584353, code=0, rtt=57394 us, pings_since_last_response=594d344a4f65782f30584353 
[156:861][280503] (connection.cc:957): Conn[35227000CRWS|S|0|1|p|55]: Sent STUN BINDING response, to=14.238.152.x:43559, writable=1, id=39623659414d433636482b6b
[157:393][280503] (p2p_transport_channel.cc:2259): Channel[0|1|RW: Removed connection 53a8c000 (7 remaining)
[157:732][329491] (rtp_streams_synchronizer2.cc:136): Sync info stats: 6824003, {ssrc: 1233186867, cur_delay: 144 ms} {ssrc: 3992556228, cur_delay: 134 ms} {relative_delay_ms: 26} 
[157:895][280503] (p2p_transport_channel.cc:2259): Channel[0|1|RW: Removed connection 47484c00 (6 remaining)
[158:396][280503] (p2p_transport_channel.cc:2259): Channel[0|1|RW: Removed connection 53a8cc00 (5 remaining)
[158:898][280503] (p2p_transport_channel.cc:2259): Channel[0|1|RW: Removed connection 3ac19800 (4 remaining)
[159:149][280503] (connection.cc:1824): Conn[35227000CRWS|S|0|1|p|55]: Sent STUN BINDING request, id=535061336a626d6763444a74, use_candidate=0, nomination=1
[159:191][289707] (overuse_frame_detector.cc:645): CheckForOveruse: encode usage 10 overuse detections 0 rampup delay 10000 action NoAction
[159:197][280503] (connection.cc:1702): Conn[35227000CRWI|S|0|1|p|55]: Received STUN BINDING response, id=535061336a626d6763444a74, code=0, rtt=48610 us, pings_since_last_response=535061336a626d6763444a74 
[159:369][280503] (connection.cc:957): Conn[35227000CRWS|S|0|1|p|53]: Sent STUN BINDING response, to=14.238.152.x:43559, writable=1, id=66433652534441396e4c5839
[159:888][329491] (rtp_video_stream_receiver2.cc:1449): Packet received on SSRC: 3992556228 with payload type: 35, timestamp: 1370841736, sequence number: 33426, arrival time: 6826154196 us, abs send time: 2466434
[159:900][280503] (p2p_transport_channel.cc:2259): Channel[0|1|RW: Removed connection 35226400 (3 remaining)
[160:220][329491] (webrtc_video_engine.cc:2519): VideoSendStream stats: 6826491, {input_fps: 20.0, encode_fps: 20, encode_ms: 4, encode_usage_perc: 10, target_bps: 900000, media_bps: 919672, suspended: false, bw_adapted_res: false, cpu_adapted_res: false, bw_adapted_fps: false, cpu_adapted_fps: false, #cpu_adaptations: 0, #quality_adaptations: 0} {ssrc: 860390162, type: media, width: 720, height: 404, key: 1, delta: 3023, total_bps: 944280, retransmit_bps: 0, avg_delay_ms: 15, max_delay_ms: 17, cum_loss: 10, max_ext_seq: 22364, nack: 17, fir: 0, pli: 0}
[160:220][329491] (webrtc_video_engine.cc:1690): Call stats: 6826491, {send_bw_bps: 1908000, recv_bw_bps: 0, max_pad_bps: 0, pacer_delay_ms: 0, rtt_ms: 53}
[160:220][329491] (webrtc_video_engine.cc:3974): VideoReceiveStreamInterface stats: 6826491, {ssrc: 3992556228, total_bps: 932144, frameWidth: 720, frameHeight: 404, key: 1, delta: 3014, framesAssembledFromMultiplePackets: 3013, framesDecoded: 3013, framesDropped: 0, network_fps: 20, decode_fps: 20, render_fps: 20, decode_ms: 3, max_decode_ms: 4, first_frame_received_to_decoded_ms: 20, current_delay_ms: 134, target_delay_ms: 120, jitter_delay_ms: 15, totalAssemblyTime: 8.5859, jitterBufferDelay: 307.304, jitterBufferTargetDelay: 303.721, jitterBufferEmittedCount: 3013, jitterBufferMinimumDelay: 60.2422, totalDecodeTime: 8.60885, totalProcessingDelay: 316.109, min_playout_delay_ms: 134, sync_offset_ms: 15, cum_loss: 0, nackCount: 2, firCount: 0, pliCount: 0}
[160:401][280503] (p2p_transport_channel.cc:2259): Channel[0|1|RW: Removed connection 53aa1800 (2 remaining)
[160:933][281083] (audio_device_buffer.cc:471): [REC : 10001msec, 48kHz] callbacks: 1000, samples: 480000, rate: 47995, rate diff: 0%, level: 13743
[160:933][281083] (audio_device_buffer.cc:497): [PLAY: 10001msec, 48kHz] callbacks: 1000, samples: 480000, rate: 47995, rate diff: 0%, level: 13143
[161:287][329491] (remote_ntp_time_estimator.cc:94): RTP timestamp: 1370967826 in NTP clock: 3998689802785 estimated time in receiver NTP clock: 3998689802787
[161:655][280503] (connection.cc:1824): Conn[35227000CRWS|S|0|1|p|53]: Sent STUN BINDING request, id=63634159535831592f4f3068, use_candidate=0, nomination=1
[161:718][280503] (connection.cc:1702): Conn[35227000CRWI|S|0|1|p|53]: Received STUN BINDING response, id=63634159535831592f4f3068, code=0, rtt=62857 us, pings_since_last_response=63634159535831592f4f3068 
[161:880][280503] (connection.cc:957): Conn[35227000CRWS|S|0|1|p|56]: Sent STUN BINDING response, to=14.238.152.x:43559, writable=1, id=2b414a542b4f776e35377962
[161:998][329491] (bitrate_allocator.cc:500): Current BWE 1908000
[164:159][347779] (overuse_frame_detector.cc:645): CheckForOveruse: encode usage 10 overuse detections 0 rampup delay 10000 action NoAction
[164:162][280503] (connection.cc:1824): Conn[35227000CRWS|S|0|1|p|56]: Sent STUN BINDING request, id=436f67504575752b6b625a5a, use_candidate=0, nomination=1
[164:217][280503] (connection.cc:1702): Conn[35227000CRWI|S|0|1|p|56]: Received STUN BINDING response, id=436f67504575752b6b625a5a, code=0, rtt=56059 us, pings_since_last_response=436f67504575752b6b625a5a 
[164:387][280503] (connection.cc:957): Conn[35227000CRWS|S|0|1|p|56]: Sent STUN BINDING response, to=14.238.152.x:43559, writable=1, id=6261324174346a7850383831
[166:669][280503] (connection.cc:1824): Conn[35227000CRWS|S|0|1|p|56]: Sent STUN BINDING request, id=6f594a31646158577469544b, use_candidate=0, nomination=1
[166:718][280503] (connection.cc:1702): Conn[35227000CRWI|S|0|1|p|56]: Received STUN BINDING response, id=6f594a31646158577469544b, code=0, rtt=49225 us, pings_since_last_response=6f594a31646158577469544b 
[166:891][280503] (connection.cc:957): Conn[35227000CRWS|S|0|1|p|54]: Sent STUN BINDING response, to=14.238.152.x:43559, writable=1, id=4b6741444a6270353142655a
[167:984][329491] (bitrate_allocator.cc:500): Current BWE 1908000
[168:732][329491] (rtp_streams_synchronizer2.cc:136): Sync info stats: 6835002, {ssrc: 1233186867, cur_delay: 141 ms} {ssrc: 3992556228, cur_delay: 134 ms} {relative_delay_ms: 13} 
[169:176][280503] (connection.cc:1824): Conn[35227000CRWS|S|0|1|p|54]: Sent STUN BINDING request, id=5272306a7031556c4c674f79, use_candidate=0, nomination=1
[169:229][280503] (connection.cc:1702): Conn[35227000CRWI|S|0|1|p|54]: Received STUN BINDING response, id=5272306a7031556c4c674f79, code=0, rtt=53063 us, pings_since_last_response=5272306a7031556c4c674f79 
[169:242][289707] (overuse_frame_detector.cc:645): CheckForOveruse: encode usage 9 overuse detections 0 rampup delay 10000 action AdaptUp
[169:396][280503] (connection.cc:957): Conn[35227000CRWS|S|0|1|p|54]: Sent STUN BINDING response, to=14.238.152.x:43559, writable=1, id=313766376549784b5130682f
[169:473][280503] (connection.cc:957): Conn[35227000CRWS|S|0|1|p|54]: Sent STUN BINDING response, to=14.238.152.x:43559, writable=1, id=313766376549784b5130682f
[169:936][329491] (rtp_video_stream_receiver2.cc:1449): Packet received on SSRC: 3992556228 with payload type: 35, timestamp: 1371746506, sequence number: 34437, arrival time: 6836202108 us, abs send time: 5101192
[170:256][329491] (webrtc_video_engine.cc:2519): VideoSendStream stats: 6836526, {input_fps: 20.0, encode_fps: 20, encode_ms: 3, encode_usage_perc: 10, target_bps: 900000, media_bps: 846768, suspended: false, bw_adapted_res: false, cpu_adapted_res: false, bw_adapted_fps: false, cpu_adapted_fps: false, #cpu_adaptations: 0, #quality_adaptations: 0} {ssrc: 860390162, type: media, width: 720, height: 404, key: 1, delta: 3223, total_bps: 862576, retransmit_bps: 0, avg_delay_ms: 15, max_delay_ms: 21, cum_loss: 10, max_ext_seq: 23377, nack: 17, fir: 0, pli: 0}
[170:256][329491] (webrtc_video_engine.cc:1690): Call stats: 6836526, {send_bw_bps: 1908000, recv_bw_bps: 0, max_pad_bps: 0, pacer_delay_ms: 0, rtt_ms: 50}
[170:256][329491] (webrtc_video_engine.cc:3974): VideoReceiveStreamInterface stats: 6836527, {ssrc: 3992556228, total_bps: 853896, frameWidth: 720, frameHeight: 404, key: 1, delta: 3215, framesAssembledFromMultiplePackets: 3213, framesDecoded: 3213, framesDropped: 0, network_fps: 19, decode_fps: 20, render_fps: 20, decode_ms: 3, max_decode_ms: 4, first_frame_received_to_decoded_ms: 20, current_delay_ms: 134, target_delay_ms: 120, jitter_delay_ms: 16, totalAssemblyTime: 9.25803, jitterBufferDelay: 331.702, jitterBufferTargetDelay: 327.721, jitterBufferEmittedCount: 3213, jitterBufferMinimumDelay: 63.3195, totalDecodeTime: 9.15983, totalProcessingDelay: 341.073, min_playout_delay_ms: 134, sync_offset_ms: 21, cum_loss: 7, nackCount: 4, firCount: 0, pliCount: 0}
[171:192][280503] (connection.cc:634): Conn[2192b000CRxS|-|0|0|p|94]: Received STUN BINDING request, id=4951712f7178736531553648
[171:193][280503] (connection.cc:957): Conn[2192b000CRxS|-|0|0|p|94]: Sent STUN BINDING response, to=160.250.77.x:37348, writable=0, id=4951712f7178736531553648
[171:338][329491] (remote_ntp_time_estimator.cc:94): RTP timestamp: 1371872506 in NTP clock: 3998689812837 estimated time in receiver NTP clock: 3998689812839
[171:461][289707] (audio_device_buffer.cc:471): [REC : 10527msec, 48kHz] callbacks: 1054, samples: 505920, rate: 48059, rate diff: 0%, level: 15617
[171:461][289707] (audio_device_buffer.cc:497): [PLAY: 10527msec, 48kHz] callbacks: 1054, samples: 505920, rate: 48059, rate diff: 0%, level: 7821
[171:683][280503] (connection.cc:1824): Conn[35227000CRWS|S|0|1|p|54]: Sent STUN BINDING request, id=3939596331626a4572336c68, use_candidate=0, nomination=1
[171:734][280503] (connection.cc:1702): Conn[35227000CRWI|S|0|1|p|54]: Received STUN BINDING response, id=3939596331626a4572336c68, code=0, rtt=50752 us, pings_since_last_response=3939596331626a4572336c68 
[171:905][280503] (connection.cc:957): Conn[35227000CRWS|S|0|1|p|53]: Sent STUN BINDING response, to=14.238.152.x:43559, writable=1, id=74636956756b573359794f36
[173:562][329491] (bitrate_allocator.cc:500): Current BWE 1908000
[174:186][280503] (connection.cc:1824): Conn[35227000CRWS|S|0|1|p|53]: Sent STUN BINDING request, id=41516259394f534e5a626766, use_candidate=0, nomination=1
[174:239][280503] (connection.cc:1702): Conn[35227000CRWI|S|0|1|p|53]: Received STUN BINDING response, id=41516259394f534e5a626766, code=0, rtt=53293 us, pings_since_last_response=41516259394f534e5a626766 
[174:412][280503] (connection.cc:957): Conn[35227000CRWS|S|0|1|p|53]: Sent STUN BINDING response, to=14.238.152.x:43559, writable=1, id=4b495765704c4d7963636753
[174:462][234703] (overuse_frame_detector.cc:645): CheckForOveruse: encode usage 10 overuse detections 0 rampup delay 10000 action NoAction
[176:687][280503] (connection.cc:1824): Conn[35227000CRWS|S|0|1|p|53]: Sent STUN BINDING request, id=4a596c62776d4b3872356c46, use_candidate=0, nomination=1
[176:748][280503] (connection.cc:1702): Conn[35227000CRWI|S|0|1|p|53]: Received STUN BINDING response, id=4a596c62776d4b3872356c46, code=0, rtt=60526 us, pings_since_last_response=4a596c62776d4b3872356c46 
[176:922][280503] (connection.cc:957): Conn[35227000CRWS|S|0|1|p|55]: Sent STUN BINDING response, to=14.238.152.x:43559, writable=1, id=6a73593453653259696e6138
[179:189][280503] (connection.cc:1824): Conn[35227000CRWS|S|0|1|p|55]: Sent STUN BINDING request, id=4638744b69546c4b4962704b, use_candidate=0, nomination=1
[179:242][280503] (connection.cc:1702): Conn[35227000CRWI|S|0|1|p|55]: Received STUN BINDING response, id=4638744b69546c4b4962704b, code=0, rtt=52692 us, pings_since_last_response=4638744b69546c4b4962704b 
[179:352][329491] (bitrate_allocator.cc:500): Current BWE 1908000
[179:428][280503] (connection.cc:957): Conn[35227000CRWS|S|0|1|p|54]: Sent STUN BINDING response, to=14.238.152.x:43559, writable=1, id=6d506a614a58302f4a733868
[179:447][154383] (overuse_frame_detector.cc:645): CheckForOveruse: encode usage 10 overuse detections 0 rampup delay 10000 action AdaptUp
[179:732][329491] (rtp_streams_synchronizer2.cc:136): Sync info stats: 6846003, {ssrc: 1233186867, cur_delay: 125 ms} {ssrc: 3992556228, cur_delay: 134 ms} {relative_delay_ms: 42} 
[179:732][329491] (rtp_streams_synchronizer2.cc:160): Sync delay stats: 6846003, {ssrc: 1233186867, target_delay_ms: 0} {ssrc: 3992556228, target_delay_ms: 119} 
[179:732][329491] (video_receive_stream2.cc:1099): Multiple playout delays set. Actual delay value set to 119 ms frame min delay=<unset> base min delay=0 us sync min delay=119 ms
[179:976][329491] (rtp_video_stream_receiver2.cc:1449): Packet received on SSRC: 3992556228 with payload type: 35, timestamp: 1372650916, sequence number: 35448, arrival time: 6846242753 us, abs send time: 7735407
[180:289][329491] (webrtc_video_engine.cc:2519): VideoSendStream stats: 6846559, {input_fps: 20.0, encode_fps: 20, encode_ms: 3, encode_usage_perc: 10, target_bps: 900000, media_bps: 871872, suspended: false, bw_adapted_res: false, cpu_adapted_res: false, bw_adapted_fps: false, cpu_adapted_fps: false, #cpu_adaptations: 0, #quality_adaptations: 0} {ssrc: 860390162, type: media, width: 720, height: 404, key: 1, delta: 3424, total_bps: 872568, retransmit_bps: 0, avg_delay_ms: 15, max_delay_ms: 17, cum_loss: 10, max_ext_seq: 24348, nack: 17, fir: 0, pli: 0}
[180:289][329491] (webrtc_video_engine.cc:1690): Call stats: 6846559, {send_bw_bps: 1908000, recv_bw_bps: 0, max_pad_bps: 0, pacer_delay_ms: 0, rtt_ms: 50}
[180:289][329491] (webrtc_video_engine.cc:3974): VideoReceiveStreamInterface stats: 6846559, {ssrc: 3992556228, total_bps: 910224, frameWidth: 720, frameHeight: 404, key: 1, delta: 3416, framesAssembledFromMultiplePackets: 3414, framesDecoded: 3414, framesDropped: 0, network_fps: 21, decode_fps: 20, render_fps: 20, decode_ms: 2, max_decode_ms: 3, first_frame_received_to_decoded_ms: 20, current_delay_ms: 119, target_delay_ms: 106, jitter_delay_ms: 16, totalAssemblyTime: 10.1337, jitterBufferDelay: 357.147, jitterBufferTargetDelay: 351.83, jitterBufferEmittedCount: 3414, jitterBufferMinimumDelay: 66.4784, totalDecodeTime: 9.68575, totalProcessingDelay: 367.06, min_playout_delay_ms: 119, sync_offset_ms: 32, cum_loss: 7, nackCount: 4, firCount: 0, pliCount: 0}
[181:386][329491] (remote_ntp_time_estimator.cc:94): RTP timestamp: 1372776916 in NTP clock: 3998689822886 estimated time in receiver NTP clock: 3998689822889
[181:545][154383] (audio_device_buffer.cc:471): [REC : 10084msec, 48kHz] callbacks: 1008, samples: 483840, rate: 47981, rate diff: 0%, level: 11527
[181:545][154383] (audio_device_buffer.cc:497): [PLAY: 10084msec, 48kHz] callbacks: 1008, samples: 483840, rate: 47981, rate diff: 0%, level: 17608
[181:690][280503] (connection.cc:1824): Conn[35227000CRWS|S|0|1|p|54]: Sent STUN BINDING request, id=754e6f694b584a3678465679, use_candidate=0, nomination=1
[181:757][280503] (connection.cc:1702): Conn[35227000CRWI|S|0|1|p|54]: Received STUN BINDING response, id=754e6f694b584a3678465679, code=0, rtt=67117 us, pings_since_last_response=754e6f694b584a3678465679 
[181:934][280503] (connection.cc:957): Conn[35227000CRWS|S|0|1|p|58]: Sent STUN BINDING response, to=14.238.152.x:43559, writable=1, id=65687a34473837716a624657
[184:144][292607] (overuse_frame_detector.cc:645): CheckForOveruse: encode usage 10 overuse detections 0 rampup delay 10000 action NoAction
[184:193][280503] (connection.cc:1824): Conn[35227000CRWS|S|0|1|p|58]: Sent STUN BINDING request, id=4f7066466e41494f2f583655, use_candidate=0, nomination=1
[184:238][280503] (connection.cc:1702): Conn[35227000CRWI|S|0|1|p|58]: Received STUN BINDING response, id=4f7066466e41494f2f583655, code=0, rtt=45731 us, pings_since_last_response=4f7066466e41494f2f583655 
[184:434][280503] (connection.cc:957): Conn[35227000CRWS|S|0|1|p|55]: Sent STUN BINDING response, to=14.238.152.x:43559, writable=1, id=4746324a616579437637656b
[184:758][329491] (bitrate_allocator.cc:500): Current BWE 1908000
[186:700][280503] (connection.cc:1824): Conn[35227000CRWS|S|0|1|p|55]: Sent STUN BINDING request, id=4f596b3563746c64454a7771, use_candidate=0, nomination=1
[186:752][280503] (connection.cc:1702): Conn[35227000CRWI|S|0|1|p|55]: Received STUN BINDING response, id=4f596b3563746c64454a7771, code=0, rtt=51755 us, pings_since_last_response=4f596b3563746c64454a7771 
[186:939][280503] (connection.cc:957): Conn[35227000CRWS|S|0|1|p|54]: Sent STUN BINDING response, to=14.238.152.x:43559, writable=1, id=6735474d734f353037426965
[188:761][281083] (video_stream_encoder.cc:1715): Number of frames: captured 1200, dropped (due to congestion window pushback) 0, dropped (due to encoder blocked) 0, interval_ms 60000
[189:205][280503] (connection.cc:1824): Conn[35227000CRWS|S|0|1|p|54]: Sent STUN BINDING request, id=42616f346930647765742b56, use_candidate=0, nomination=1
[189:258][280503] (connection.cc:1702): Conn[35227000CRWI|S|0|1|p|54]: Received STUN BINDING response, id=42616f346930647765742b56, code=0, rtt=53385 us, pings_since_last_response=42616f346930647765742b56 
[189:344][315915] (overuse_frame_detector.cc:645): CheckForOveruse: encode usage 9 overuse detections 0 rampup delay 10000 action NoAction
[189:448][280503] (connection.cc:957): Conn[35227000CRWS|S|0|1|p|54]: Sent STUN BINDING response, to=14.238.152.x:43559, writable=1, id=36627a50787079326b4a3963
[189:980][329491] (rtp_video_stream_receiver2.cc:1449): Packet received on SSRC: 3992556228 with payload type: 35, timestamp: 1373550736, sequence number: 36464, arrival time: 6856246272 us, abs send time: 10356530
[190:327][329491] (webrtc_video_engine.cc:2519): VideoSendStream stats: 6856598, {input_fps: 20.0, encode_fps: 20, encode_ms: 4, encode_usage_perc: 9, target_bps: 900000, media_bps: 904088, suspended: false, bw_adapted_res: false, cpu_adapted_res: false, bw_adapted_fps: false, cpu_adapted_fps: false, #cpu_adaptations: 0, #quality_adaptations: 0} {ssrc: 860390162, type: media, width: 720, height: 404, key: 1, delta: 3625, total_bps: 942648, retransmit_bps: 0, avg_delay_ms: 14, max_delay_ms: 17, cum_loss: 10, max_ext_seq: 25373, nack: 17, fir: 0, pli: 0}
[190:327][329491] (webrtc_video_engine.cc:1690): Call stats: 6856598, {send_bw_bps: 1908000, recv_bw_bps: 0, max_pad_bps: 0, pacer_delay_ms: 0, rtt_ms: 49}
[190:327][329491] (webrtc_video_engine.cc:3974): VideoReceiveStreamInterface stats: 6856598, {ssrc: 3992556228, total_bps: 857792, frameWidth: 720, frameHeight: 404, key: 1, delta: 3616, framesAssembledFromMultiplePackets: 3615, framesDecoded: 3615, framesDropped: 0, network_fps: 20, decode_fps: 20, render_fps: 20, decode_ms: 3, max_decode_ms: 4, first_frame_received_to_decoded_ms: 20, current_delay_ms: 119, target_delay_ms: 105, jitter_delay_ms: 15, totalAssemblyTime: 10.9761, jitterBufferDelay: 379.64, jitterBufferTargetDelay: 372.984, jitterBufferEmittedCount: 3615, jitterBufferMinimumDelay: 69.5587, totalDecodeTime: 10.2266, totalProcessingDelay: 390.113, min_playout_delay_ms: 119, sync_offset_ms: 25, cum_loss: 7, nackCount: 4, firCount: 0, pliCount: 0}
[190:634][329491] (bitrate_allocator.cc:500): Current BWE 1908000
[190:732][329491] (rtp_streams_synchronizer2.cc:136): Sync info stats: 6857003, {ssrc: 1233186867, cur_delay: 125 ms} {ssrc: 3992556228, cur_delay: 119 ms} {relative_delay_ms: 22} 
[191:442][329491] (remote_ntp_time_estimator.cc:94): RTP timestamp: 1373681236 in NTP clock: 3998689832934 estimated time in receiver NTP clock: 3998689832933
[191:713][280503] (connection.cc:1824): Conn[35227000CRWS|S|0|1|p|54]: Sent STUN BINDING request, id=4773577a73317a43754a5451, use_candidate=0, nomination=1
[191:760][280503] (connection.cc:1702): Conn[35227000CRWI|S|0|1|p|54]: Received STUN BINDING response, id=4773577a73317a43754a5451, code=0, rtt=47999 us, pings_since_last_response=4773577a73317a43754a5451 
[191:931][292607] (audio_device_buffer.cc:471): [REC : 10386msec, 48kHz] callbacks: 1038, samples: 498240, rate: 47972, rate diff: 0%, level: 11319
[191:931][292607] (audio_device_buffer.cc:497): [PLAY: 10386msec, 48kHz] callbacks: 1038, samples: 498240, rate: 47972, rate diff: 0%, level: 17074
[191:960][280503] (connection.cc:957): Conn[35227000CRWS|S|0|1|p|52]: Sent STUN BINDING response, to=14.238.152.x:43559, writable=1, id=4f636539427a773071535054
[194:217][280503] (connection.cc:1824): Conn[35227000CRWS|S|0|1|p|52]: Sent STUN BINDING request, id=397871354b4b753962304272, use_candidate=0, nomination=1
[194:283][280503] (connection.cc:1702): Conn[35227000CRWI|S|0|1|p|52]: Received STUN BINDING response, id=397871354b4b753962304272, code=0, rtt=66359 us, pings_since_last_response=397871354b4b753962304272 
[194:456][315915] (overuse_frame_detector.cc:645): CheckForOveruse: encode usage 9 overuse detections 0 rampup delay 10000 action AdaptUp
[194:468][280503] (connection.cc:957): Conn[35227000CRWS|S|0|1|p|56]: Sent STUN BINDING response, to=14.238.152.x:43559, writable=1, id=62364c543455733250634764
[196:508][280503] (connection.cc:634): Conn[2192b000CRxS|-|0|0|p|94]: Received STUN BINDING request, id=6d624f70434a35554b4c707a
[196:508][280503] (connection.cc:957): Conn[2192b000CRxS|-|0|0|p|94]: Sent STUN BINDING response, to=160.250.77.x:37348, writable=0, id=6d624f70434a35554b4c707a
[196:726][280503] (connection.cc:1824): Conn[35227000CRWS|S|0|1|p|56]: Sent STUN BINDING request, id=646a726a57714c69624b4d47, use_candidate=0, nomination=1
[196:779][280503] (connection.cc:1702): Conn[35227000CRWI|S|0|1|p|56]: Received STUN BINDING response, id=646a726a57714c69624b4d47, code=0, rtt=52955 us, pings_since_last_response=646a726a57714c69624b4d47 
[196:834][329491] (bitrate_allocator.cc:500): Current BWE 1908000
[196:973][280503] (connection.cc:957): Conn[35227000CRWS|S|0|1|p|55]: Sent STUN BINDING response, to=14.238.152.x:43559, writable=1, id=35625277764c444e6e69496f
[199:229][280503] (connection.cc:1824): Conn[35227000CRWS|S|0|1|p|55]: Sent STUN BINDING request, id=4369646e7450563462672b54, use_candidate=0, nomination=1
[199:282][280503] (connection.cc:1702): Conn[35227000CRWI|S|0|1|p|55]: Received STUN BINDING response, id=4369646e7450563462672b54, code=0, rtt=52858 us, pings_since_last_response=4369646e7450563462672b54 
[199:364][292607] (overuse_frame_detector.cc:645): CheckForOveruse: encode usage 9 overuse detections 0 rampup delay 10000 action NoAction
[199:483][280503] (connection.cc:957): Conn[35227000CRWS|S|0|1|p|55]: Sent STUN BINDING response, to=14.238.152.x:43559, writable=1, id=7651594c5a6a6b7256656870
[200:012][329491] (rtp_video_stream_receiver2.cc:1449): Packet received on SSRC: 3992556228 with payload type: 35, timestamp: 1374455056, sequence number: 37479, arrival time: 6866278326 us, abs send time: 12986858
[200:355][329491] (webrtc_video_engine.cc:2519): VideoSendStream stats: 6866625, {input_fps: 20.0, encode_fps: 20, encode_ms: 4, encode_usage_perc: 9, target_bps: 900000, media_bps: 863376, suspended: false, bw_adapted_res: false, cpu_adapted_res: false, bw_adapted_fps: false, cpu_adapted_fps: false, #cpu_adaptations: 0, #quality_adaptations: 0} {ssrc: 860390162, type: media, width: 720, height: 404, key: 1, delta: 3825, total_bps: 878512, retransmit_bps: 0, avg_delay_ms: 15, max_delay_ms: 17, cum_loss: 10, max_ext_seq: 26438, nack: 17, fir: 0, pli: 0}
[200:355][329491] (webrtc_video_engine.cc:1690): Call stats: 6866625, {send_bw_bps: 1908000, recv_bw_bps: 0, max_pad_bps: 0, pacer_delay_ms: 0, rtt_ms: 55}
[200:355][329491] (webrtc_video_engine.cc:3974): VideoReceiveStreamInterface stats: 6866625, {ssrc: 3992556228, total_bps: 843976, frameWidth: 720, frameHeight: 404, key: 1, delta: 3817, framesAssembledFromMultiplePackets: 3816, framesDecoded: 3816, framesDropped: 0, network_fps: 20, decode_fps: 20, render_fps: 20, decode_ms: 2, max_decode_ms: 3, first_frame_received_to_decoded_ms: 20, current_delay_ms: 119, target_delay_ms: 106, jitter_delay_ms: 15, totalAssemblyTime: 11.7836, jitterBufferDelay: 402.166, jitterBufferTargetDelay: 394.283, jitterBufferEmittedCount: 3816, jitterBufferMinimumDelay: 72.6065, totalDecodeTime: 10.771, totalProcessingDelay: 413.197, min_playout_delay_ms: 119, sync_offset_ms: 9, cum_loss: 7, nackCount: 4, firCount: 0, pliCount: 0}
[201:467][329491] (remote_ntp_time_estimator.cc:94): RTP timestamp: 1374585106 in NTP clock: 3998689842977 estimated time in receiver NTP clock: 3998689842976
[201:732][329491] (rtp_streams_synchronizer2.cc:136): Sync info stats: 6868003, {ssrc: 1233186867, cur_delay: 148 ms} {ssrc: 3992556228, cur_delay: 119 ms} {relative_delay_ms: 17} 
[201:734][280503] (connection.cc:1824): Conn[35227000CRWS|S|0|1|p|55]: Sent STUN BINDING request, id=48677a634d677339346e4833, use_candidate=0, nomination=1
[201:784][280503] (connection.cc:1702): Conn[35227000CRWI|S|0|1|p|55]: Received STUN BINDING response, id=48677a634d677339346e4833, code=0, rtt=50604 us, pings_since_last_response=48677a634d677339346e4833 
[201:933][347779] (audio_device_buffer.cc:471): [REC : 10003msec, 48kHz] callbacks: 1000, samples: 480000, rate: 47986, rate diff: 0%, level: 10091
[201:933][347779] (audio_device_buffer.cc:497): [PLAY: 10003msec, 48kHz] callbacks: 1000, samples: 480000, rate: 47986, rate diff: 0%, level: 30724
[201:981][280503] (connection.cc:957): Conn[35227000CRWS|S|0|1|p|54]: Sent STUN BINDING response, to=14.238.152.x:43559, writable=1, id=6f69556d6b58632b61467451
[202:334][329491] (bitrate_allocator.cc:500): Current BWE 1908000
[204:235][172075] (overuse_frame_detector.cc:645): CheckForOveruse: encode usage 9 overuse detections 0 rampup delay 10000 action NoAction
[204:240][280503] (connection.cc:1824): Conn[35227000CRWS|S|0|1|p|54]: Sent STUN BINDING request, id=744957335570684d4b4e4566, use_candidate=0, nomination=1
[204:294][280503] (connection.cc:1702): Conn[35227000CRWI|S|0|1|p|54]: Received STUN BINDING response, id=744957335570684d4b4e4566, code=0, rtt=54430 us, pings_since_last_response=744957335570684d4b4e4566 
[204:487][280503] (connection.cc:957): Conn[35227000CRWS|S|0|1|p|54]: Sent STUN BINDING response, to=14.238.152.x:43559, writable=1, id=71654c62416951587a524a6f
[206:744][280503] (connection.cc:1824): Conn[35227000CRWS|S|0|1|p|54]: Sent STUN BINDING request, id=4d7376513743667a75532b44, use_candidate=0, nomination=1
[206:795][280503] (connection.cc:1702): Conn[35227000CRWI|S|0|1|p|54]: Received STUN BINDING response, id=4d7376513743667a75532b44, code=0, rtt=50953 us, pings_since_last_response=4d7376513743667a75532b44 
[206:997][280503] (connection.cc:957): Conn[35227000CRWS|S|0|1|p|53]: Sent STUN BINDING response, to=14.238.152.x:43559, writable=1, id=713053656a58654c5473656d
[207:867][329491] (bitrate_allocator.cc:500): Current BWE 1908000
[209:165][154383] (overuse_frame_detector.cc:645): CheckForOveruse: encode usage 9 overuse detections 0 rampup delay 10000 action AdaptUp
[209:250][280503] (connection.cc:1824): Conn[35227000CRWS|S|0|1|p|53]: Sent STUN BINDING request, id=37762b2f4b4f6d3754645a57, use_candidate=0, nomination=1
[209:312][280503] (connection.cc:1702): Conn[35227000CRWI|S|0|1|p|53]: Received STUN BINDING response, id=37762b2f4b4f6d3754645a57, code=0, rtt=62691 us, pings_since_last_response=37762b2f4b4f6d3754645a57 
[209:511][280503] (connection.cc:957): Conn[35227000CRWS|S|0|1|p|55]: Sent STUN BINDING response, to=14.238.152.x:43559, writable=1, id=716d596939695449736c7267
[210:019][329491] (rtp_video_stream_receiver2.cc:1449): Packet received on SSRC: 3992556228 with payload type: 35, timestamp: 1375353886, sequence number: 38490, arrival time: 6876284550 us, abs send time: 15608721
[210:389][329491] (webrtc_video_engine.cc:2519): VideoSendStream stats: 6876660, {input_fps: 20.0, encode_fps: 20, encode_ms: 4, encode_usage_perc: 9, target_bps: 900000, media_bps: 861016, suspended: false, bw_adapted_res: false, cpu_adapted_res: false, bw_adapted_fps: false, cpu_adapted_fps: false, #cpu_adaptations: 0, #quality_adaptations: 0} {ssrc: 860390162, type: media, width: 720, height: 404, key: 1, delta: 4026, total_bps: 909656, retransmit_bps: 0, avg_delay_ms: 16, max_delay_ms: 18, cum_loss: 10, max_ext_seq: 27477, nack: 17, fir: 0, pli: 0}
[210:389][329491] (webrtc_video_engine.cc:1690): Call stats: 6876660, {send_bw_bps: 1908000, recv_bw_bps: 0, max_pad_bps: 0, pacer_delay_ms: 0, rtt_ms: 56}
[210:389][329491] (webrtc_video_engine.cc:3974): VideoReceiveStreamInterface stats: 6876660, {ssrc: 3992556228, total_bps: 891488, frameWidth: 720, frameHeight: 404, key: 1, delta: 4018, framesAssembledFromMultiplePackets: 4017, framesDecoded: 4017, framesDropped: 0, network_fps: 20, decode_fps: 20, render_fps: 20, decode_ms: 2, max_decode_ms: 3, first_frame_received_to_decoded_ms: 20, current_delay_ms: 119, target_delay_ms: 106, jitter_delay_ms: 14, totalAssemblyTime: 12.6027, jitterBufferDelay: 425.457, jitterBufferTargetDelay: 415.589, jitterBufferEmittedCount: 4017, jitterBufferMinimumDelay: 75.5709, totalDecodeTime: 11.2437, totalProcessingDelay: 436.972, min_playout_delay_ms: 119, sync_offset_ms: 42, cum_loss: 7, nackCount: 4, firCount: 0, pliCount: 0}
[211:511][329491] (remote_ntp_time_estimator.cc:94): RTP timestamp: 1375488796 in NTP clock: 3998689853018 estimated time in receiver NTP clock: 3998689853015
[211:758][280503] (connection.cc:1824): Conn[35227000CRWS|S|0|1|p|55]: Sent STUN BINDING request, id=796b4e376d71644546414c67, use_candidate=0, nomination=1
[211:818][280503] (connection.cc:1702): Conn[35227000CRWI|S|0|1|p|55]: Received STUN BINDING response, id=796b4e376d71644546414c67, code=0, rtt=60926 us, pings_since_last_response=796b4e376d71644546414c67 
[211:933][154383] (audio_device_buffer.cc:471): [REC : 10000msec, 48kHz] callbacks: 1000, samples: 480000, rate: 48000, rate diff: 0%, level: 5558
[211:933][154383] (audio_device_buffer.cc:497): [PLAY: 10000msec, 48kHz] callbacks: 1000, samples: 480000, rate: 48000, rate diff: 0%, level: 11581
[212:023][280503] (connection.cc:957): Conn[35227000CRWS|S|0|1|p|57]: Sent STUN BINDING response, to=14.238.152.x:43559, writable=1, id=453954444d41376e362f5461
[212:733][329491] (rtp_streams_synchronizer2.cc:136): Sync info stats: 6879003, {ssrc: 1233186867, cur_delay: 127 ms} {ssrc: 3992556228, cur_delay: 119 ms} {relative_delay_ms: 33} 
[212:959][329491] (bitrate_allocator.cc:500): Current BWE 1908000
[214:262][280503] (connection.cc:1824): Conn[35227000CRWS|S|0|1|p|57]: Sent STUN BINDING request, id=454172466e7930594b625038, use_candidate=0, nomination=1
[214:316][280503] (connection.cc:1702): Conn[35227000CRWI|S|0|1|p|57]: Received STUN BINDING response, id=454172466e7930594b625038, code=0, rtt=55064 us, pings_since_last_response=454172466e7930594b625038 
[214:469][315915] (overuse_frame_detector.cc:645): CheckForOveruse: encode usage 9 overuse detections 0 rampup delay 10000 action NoAction
[214:515][280503] (connection.cc:957): Conn[35227000CRWS|S|0|1|p|56]: Sent STUN BINDING response, to=14.238.152.x:43559, writable=1, id=374172353054625461732b67
[216:766][280503] (connection.cc:1824): Conn[35227000CRWS|S|0|1|p|56]: Sent STUN BINDING request, id=44313343765458774b6e4f44, use_candidate=0, nomination=1
[216:823][280503] (connection.cc:1702): Conn[35227000CRWI|S|0|1|p|56]: Received STUN BINDING response, id=44313343765458774b6e4f44, code=0, rtt=57277 us, pings_since_last_response=44313343765458774b6e4f44 
[217:023][280503] (connection.cc:957): Conn[35227000CRWS|S|0|1|p|57]: Sent STUN BINDING response, to=14.238.152.x:43559, writable=1, id=596172387770753670336867
[218:616][329491] (bitrate_allocator.cc:500): Current BWE 1908000
[218:732][329491] (video_receive_stream2.cc:1099): Multiple playout delays set. Actual delay value set to 104 ms frame min delay=<unset> base min delay=0 us sync min delay=104 ms
[219:269][280503] (connection.cc:1824): Conn[35227000CRWS|S|0|1|p|57]: Sent STUN BINDING request, id=6d642b6c4242565055494751, use_candidate=0, nomination=1
[219:333][280503] (connection.cc:1702): Conn[35227000CRWI|S|0|1|p|57]: Received STUN BINDING response, id=6d642b6c4242565055494751, code=0, rtt=63565 us, pings_since_last_response=6d642b6c4242565055494751 
[219:445][347779] (overuse_frame_detector.cc:645): CheckForOveruse: encode usage 9 overuse detections 0 rampup delay 10000 action AdaptUp
[219:531][280503] (connection.cc:957): Conn[35227000CRWS|S|0|1|p|58]: Sent STUN BINDING response, to=14.238.152.x:43559, writable=1, id=3077587159396232636f5070
[220:060][329491] (rtp_video_stream_receiver2.cc:1449): Packet received on SSRC: 3992556228 with payload type: 35, timestamp: 1376258026, sequence number: 39502, arrival time: 6886325600 us, abs send time: 1465697
[220:420][329491] (webrtc_video_engine.cc:2519): VideoSendStream stats: 6886691, {input_fps: 20.0, encode_fps: 20, encode_ms: 4, encode_usage_perc: 9, target_bps: 900000, media_bps: 905072, suspended: false, bw_adapted_res: false, cpu_adapted_res: false, bw_adapted_fps: false, cpu_adapted_fps: false, #cpu_adaptations: 0, #quality_adaptations: 0} {ssrc: 860390162, type: media, width: 720, height: 404, key: 1, delta: 4227, total_bps: 887448, retransmit_bps: 0, avg_delay_ms: 15, max_delay_ms: 19, cum_loss: 10, max_ext_seq: 28471, nack: 17, fir: 0, pli: 0}
[220:420][329491] (webrtc_video_engine.cc:1690): Call stats: 6886691, {send_bw_bps: 1908000, recv_bw_bps: 0, max_pad_bps: 0, pacer_delay_ms: 0, rtt_ms: 53}
[220:420][329491] (webrtc_video_engine.cc:3974): VideoReceiveStreamInterface stats: 6886691, {ssrc: 3992556228, total_bps: 850624, frameWidth: 720, frameHeight: 404, key: 1, delta: 4219, framesAssembledFromMultiplePackets: 4218, framesDecoded: 4218, framesDropped: 0, network_fps: 20, decode_fps: 20, render_fps: 20, decode_ms: 3, max_decode_ms: 3, first_frame_received_to_decoded_ms: 20, current_delay_ms: 104, target_delay_ms: 91, jitter_delay_ms: 16, totalAssemblyTime: 13.4062, jitterBufferDelay: 447.423, jitterBufferTargetDelay: 436.385, jitterBufferEmittedCount: 4218, jitterBufferMinimumDelay: 78.6645, totalDecodeTime: 11.8069, totalProcessingDelay: 459.514, min_playout_delay_ms: 104, sync_offset_ms: 29, cum_loss: 7, nackCount: 4, firCount: 0, pliCount: 0}
[221:521][329491] (remote_ntp_time_estimator.cc:94): RTP timestamp: 1376388436 in NTP clock: 3998689863014 estimated time in receiver NTP clock: 3998689863014
[221:771][280503] (connection.cc:1824): Conn[35227000CRWS|S|0|1|p|58]: Sent STUN BINDING request, id=6e48316a617a584967397150, use_candidate=0, nomination=1
[221:820][280503] (connection.cc:634): Conn[2192b000CRxS|-|0|0|p|94]: Received STUN BINDING request, id=4c6f57313436356a4d72316d
[221:821][280503] (connection.cc:957): Conn[2192b000CRxS|-|0|0|p|94]: Sent STUN BINDING response, to=160.250.77.x:37348, writable=0, id=4c6f57313436356a4d72316d
[221:830][280503] (connection.cc:1702): Conn[35227000CRWI|S|0|1|p|58]: Received STUN BINDING response, id=6e48316a617a584967397150, code=0, rtt=59256 us, pings_since_last_response=6e48316a617a584967397150 
[222:287][280503] (connection.cc:957): Conn[35227000CRWS|S|0|1|p|59]: Sent STUN BINDING response, to=14.238.152.x:43559, writable=1, id=685065437a68786d57467373
[222:588][292607] (audio_device_buffer.cc:471): [REC : 10654msec, 48kHz] callbacks: 1066, samples: 511680, rate: 48027, rate diff: 0%, level: 18400
[222:588][292607] (audio_device_buffer.cc:497): [PLAY: 10654msec, 48kHz] callbacks: 1066, samples: 511680, rate: 48027, rate diff: 0%, level: 8987
[223:732][329491] (rtp_streams_synchronizer2.cc:136): Sync info stats: 6890002, {ssrc: 1233186867, cur_delay: 108 ms} {ssrc: 3992556228, cur_delay: 104 ms} {relative_delay_ms: 25} 
[223:860][329491] (bitrate_allocator.cc:500): Current BWE 1908000
[224:274][280503] (connection.cc:1824): Conn[35227000CRWS|S|0|1|p|59]: Sent STUN BINDING request, id=2f7656745a68454a787a5837, use_candidate=0, nomination=1
[224:329][280503] (connection.cc:1702): Conn[35227000CRWI|S|0|1|p|59]: Received STUN BINDING response, id=2f7656745a68454a787a5837, code=0, rtt=55168 us, pings_since_last_response=2f7656745a68454a787a5837 
[224:452][315915] (overuse_frame_detector.cc:645): CheckForOveruse: encode usage 9 overuse detections 0 rampup delay 10000 action NoAction
[224:797][280503] (connection.cc:957): Conn[35227000CRWS|S|0|1|p|58]: Sent STUN BINDING response, to=14.238.152.x:43559, writable=1, id=61686d4765522b656f6e3764
[226:779][280503] (connection.cc:1824): Conn[35227000CRWS|S|0|1|p|58]: Sent STUN BINDING request, id=6a65495466422f4a746c7372, use_candidate=0, nomination=1
[226:839][280503] (connection.cc:1702): Conn[35227000CRWI|S|0|1|p|58]: Received STUN BINDING response, id=6a65495466422f4a746c7372, code=0, rtt=59768 us, pings_since_last_response=6a65495466422f4a746c7372 
[227:307][280503] (connection.cc:957): Conn[35227000CRWS|S|0|1|p|58]: Sent STUN BINDING response, to=14.238.152.x:43559, writable=1, id=5634354e61554f5766577151
[229:281][280503] (connection.cc:1824): Conn[35227000CRWS|S|0|1|p|58]: Sent STUN BINDING request, id=306261753748316871494741, use_candidate=0, nomination=1
[229:327][280503] (connection.cc:1702): Conn[35227000CRWI|S|0|1|p|58]: Received STUN BINDING response, id=306261753748316871494741, code=0, rtt=46095 us, pings_since_last_response=306261753748316871494741 
[229:400][329491] (bitrate_allocator.cc:500): Current BWE 1908000
[229:448][347779] (overuse_frame_detector.cc:645): CheckForOveruse: encode usage 9 overuse detections 0 rampup delay 10000 action AdaptUp
[229:816][280503] (connection.cc:957): Conn[35227000CRWS|S|0|1|p|55]: Sent STUN BINDING response, to=14.238.152.x:43559, writable=1, id=49304d6a727646367a71576a
[230:069][329491] (rtp_video_stream_receiver2.cc:1449): Packet received on SSRC: 3992556228 with payload type: 35, timestamp: 1377157846, sequence number: 40518, arrival time: 6896334172 us, abs send time: 4086225
[230:453][329491] (webrtc_video_engine.cc:2519): VideoSendStream stats: 6896723, {input_fps: 20.0, encode_fps: 20, encode_ms: 4, encode_usage_perc: 9, target_bps: 900000, media_bps: 852152, suspended: false, bw_adapted_res: false, cpu_adapted_res: false, bw_adapted_fps: false, cpu_adapted_fps: false, #cpu_adaptations: 0, #quality_adaptations: 0} {ssrc: 860390162, type: media, width: 720, height: 404, key: 1, delta: 4427, total_bps: 910120, retransmit_bps: 0, avg_delay_ms: 16, max_delay_ms: 19, cum_loss: 10, max_ext_seq: 29425, nack: 17, fir: 0, pli: 0}
[230:453][329491] (webrtc_video_engine.cc:1690): Call stats: 6896723, {send_bw_bps: 1908000, recv_bw_bps: 0, max_pad_bps: 0, pacer_delay_ms: 0, rtt_ms: 47}
[230:453][329491] (webrtc_video_engine.cc:3974): VideoReceiveStreamInterface stats: 6896723, {ssrc: 3992556228, total_bps: 861080, frameWidth: 720, frameHeight: 404, key: 1, delta: 4419, framesAssembledFromMultiplePackets: 4418, framesDecoded: 4418, framesDropped: 0, network_fps: 20, decode_fps: 20, render_fps: 20, decode_ms: 3, max_decode_ms: 3, first_frame_received_to_decoded_ms: 20, current_delay_ms: 104, target_delay_ms: 91, jitter_delay_ms: 16, totalAssemblyTime: 14.2716, jitterBufferDelay: 466.672, jitterBufferTargetDelay: 454.585, jitterBufferEmittedCount: 4418, jitterBufferMinimumDelay: 81.9307, totalDecodeTime: 12.3726, totalProcessingDelay: 479.342, min_playout_delay_ms: 104, sync_offset_ms: 38, cum_loss: 7, nackCount: 4, firCount: 0, pliCount: 0}
[231:523][329491] (remote_ntp_time_estimator.cc:94): RTP timestamp: 1377288256 in NTP clock: 3998689873012 estimated time in receiver NTP clock: 3998689873017
[231:787][280503] (connection.cc:1824): Conn[35227000CRWS|S|0|1|p|55]: Sent STUN BINDING request, id=4b70637a4649444f4b4e664d, use_candidate=0, nomination=1
[231:839][280503] (connection.cc:1702): Conn[35227000CRWI|S|0|1|p|55]: Received STUN BINDING response, id=4b70637a4649444f4b4e664d, code=0, rtt=52365 us, pings_since_last_response=4b70637a4649444f4b4e664d 
[232:321][280503] (connection.cc:957): Conn[35227000CRWS|S|0|1|p|54]: Sent STUN BINDING response, to=14.238.152.x:43559, writable=1, id=487a43494651756c636d4549
[232:932][315915] (audio_device_buffer.cc:471): [REC : 10344msec, 48kHz] callbacks: 1034, samples: 496320, rate: 47981, rate diff: 0%, level: 11443
[232:932][315915] (audio_device_buffer.cc:497): [PLAY: 10344msec, 48kHz] callbacks: 1034, samples: 496320, rate: 47981, rate diff: 0%, level: 8374
[234:295][280503] (connection.cc:1824): Conn[35227000CRWS|S|0|1|p|54]: Sent STUN BINDING request, id=645039525536436a3653626d, use_candidate=0, nomination=1
[234:348][280503] (connection.cc:1702): Conn[35227000CRWI|S|0|1|p|54]: Received STUN BINDING response, id=645039525536436a3653626d, code=0, rtt=54067 us, pings_since_last_response=645039525536436a3653626d 
[234:449][347779] (overuse_frame_detector.cc:645): CheckForOveruse: encode usage 9 overuse detections 0 rampup delay 10000 action NoAction
[234:542][329491] (bitrate_allocator.cc:500): Current BWE 1908000
[234:732][329491] (rtp_streams_synchronizer2.cc:136): Sync info stats: 6901002, {ssrc: 1233186867, cur_delay: 108 ms} {ssrc: 3992556228, cur_delay: 104 ms} {relative_delay_ms: 26} 
[234:820][280503] (connection.cc:957): Conn[35227000CRWS|S|0|1|p|54]: Sent STUN BINDING response, to=14.238.152.x:43559, writable=1, id=66764a467936777742355856
[236:448][280503] (thread.cc:557): Message to network_thread 0x0x135237300 took 10ms to dispatch.
[236:731][329491] (video_receive_stream2.cc:1099): Multiple playout delays set. Actual delay value set to 88 ms frame min delay=<unset> base min delay=0 us sync min delay=88 ms
[236:800][280503] (connection.cc:1824): Conn[35227000CRWS|S|0|1|p|54]: Sent STUN BINDING request, id=33355a4a76727a54714f7858, use_candidate=0, nomination=1
[236:865][280503] (connection.cc:1702): Conn[35227000CRWI|S|0|1|p|54]: Received STUN BINDING response, id=33355a4a76727a54714f7858, code=0, rtt=65006 us, pings_since_last_response=33355a4a76727a54714f7858 
[237:325][280503] (connection.cc:957): Conn[35227000CRWS|S|0|1|p|57]: Sent STUN BINDING response, to=14.238.152.x:43559, writable=1, id=42354173497a325430347970
[239:309][280503] (connection.cc:1824): Conn[35227000CRWS|S|0|1|p|57]: Sent STUN BINDING request, id=514d2f2b6e6d30484674754f, use_candidate=0, nomination=1
[239:331][172075] (overuse_frame_detector.cc:645): CheckForOveruse: encode usage 9 overuse detections 0 rampup delay 10000 action NoAction
[239:366][280503] (connection.cc:1702): Conn[35227000CRWI|S|0|1|p|57]: Received STUN BINDING response, id=514d2f2b6e6d30484674754f, code=0, rtt=57181 us, pings_since_last_response=514d2f2b6e6d30484674754f 
[239:629][329491] (bitrate_allocator.cc:500): Current BWE 1908000
[239:841][280503] (connection.cc:957): Conn[35227000CRWS|S|0|1|p|57]: Sent STUN BINDING response, to=14.238.152.x:43559, writable=1, id=474a786f44384e4e4465504a
[240:117][329491] (rtp_video_stream_receiver2.cc:1449): Packet received on SSRC: 3992556228 with payload type: 35, timestamp: 1378062166, sequence number: 41531, arrival time: 6906382355 us, abs send time: 6720767
[240:490][329491] (webrtc_video_engine.cc:2519): VideoSendStream stats: 6906760, {input_fps: 20.0, encode_fps: 20, encode_ms: 4, encode_usage_perc: 9, target_bps: 900000, media_bps: 890416, suspended: false, bw_adapted_res: false, cpu_adapted_res: false, bw_adapted_fps: false, cpu_adapted_fps: false, #cpu_adaptations: 0, #quality_adaptations: 0} {ssrc: 860390162, type: media, width: 720, height: 404, key: 1, delta: 4628, total_bps: 887656, retransmit_bps: 0, avg_delay_ms: 15, max_delay_ms: 22, cum_loss: 10, max_ext_seq: 30453, nack: 17, fir: 0, pli: 0}
[240:490][329491] (webrtc_video_engine.cc:1690): Call stats: 6906760, {send_bw_bps: 1908000, recv_bw_bps: 0, max_pad_bps: 0, pacer_delay_ms: 0, rtt_ms: 56}
[240:490][329491] (webrtc_video_engine.cc:3974): VideoReceiveStreamInterface stats: 6906760, {ssrc: 3992556228, total_bps: 846160, frameWidth: 720, frameHeight: 404, key: 1, delta: 4620, framesAssembledFromMultiplePackets: 4619, framesDecoded: 4619, framesDropped: 0, network_fps: 20, decode_fps: 20, render_fps: 20, decode_ms: 2, max_decode_ms: 3, first_frame_received_to_decoded_ms: 20, current_delay_ms: 88, target_delay_ms: 75, jitter_delay_ms: 16, totalAssemblyTime: 15.2789, jitterBufferDelay: 484.752, jitterBufferTargetDelay: 471.676, jitterBufferEmittedCount: 4619, jitterBufferMinimumDelay: 85.1754, totalDecodeTime: 12.8287, totalProcessingDelay: 497.889, min_playout_delay_ms: 88, sync_offset_ms: 7, cum_loss: 7, nackCount: 4, firCount: 0, pliCount: 0}
[241:614][329491] (remote_ntp_time_estimator.cc:94): RTP timestamp: 1378192666 in NTP clock: 3998689883061 estimated time in receiver NTP clock: 3998689883058
[241:816][280503] (connection.cc:1824): Conn[35227000CRWS|S|0|1|p|57]: Sent STUN BINDING request, id=356b6e4a7166495462633150, use_candidate=0, nomination=1
[241:875][280503] (connection.cc:1702): Conn[35227000CRWI|S|0|1|p|57]: Received STUN BINDING response, id=356b6e4a7166495462633150, code=0, rtt=59467 us, pings_since_last_response=356b6e4a7166495462633150 
[242:334][280503] (connection.cc:957): Conn[35227000CRWS|S|0|1|p|58]: Sent STUN BINDING response, to=14.238.152.x:43559, writable=1, id=70326e62616e614a39556454
[243:042][347779] (audio_device_buffer.cc:471): [REC : 10111msec, 48kHz] callbacks: 1012, samples: 485760, rate: 48043, rate diff: 0%, level: 11470
[243:042][347779] (audio_device_buffer.cc:497): [PLAY: 10111msec, 48kHz] callbacks: 1012, samples: 485760, rate: 48043, rate diff: 0%, level: 24917
[244:260][347779] (overuse_frame_detector.cc:645): CheckForOveruse: encode usage 9 overuse detections 0 rampup delay 10000 action AdaptUp
[244:320][280503] (connection.cc:1824): Conn[35227000CRWS|S|0|1|p|58]: Sent STUN BINDING request, id=62444d34753255714d4b4751, use_candidate=0, nomination=1
[244:375][280503] (connection.cc:1702): Conn[35227000CRWI|S|0|1|p|58]: Received STUN BINDING response, id=62444d34753255714d4b4751, code=0, rtt=55872 us, pings_since_last_response=62444d34753255714d4b4751 
[244:733][329491] (rtp_streams_synchronizer2.cc:136): Sync info stats: 6911003, {ssrc: 1233186867, cur_delay: 121 ms} {ssrc: 3992556228, cur_delay: 88 ms} {relative_delay_ms: 28} 
[244:841][280503] (connection.cc:957): Conn[35227000CRWS|S|0|1|p|57]: Sent STUN BINDING response, to=14.238.152.x:43559, writable=1, id=314c624249656c516c585934
[245:885][329491] (bitrate_allocator.cc:500): Current BWE 1908000
[246:826][280503] (connection.cc:1824): Conn[35227000CRWS|S|0|1|p|57]: Sent STUN BINDING request, id=666e73724231374270696144, use_candidate=0, nomination=1
[246:882][280503] (connection.cc:1702): Conn[35227000CRWI|S|0|1|p|57]: Received STUN BINDING response, id=666e73724231374270696144, code=0, rtt=55693 us, pings_since_last_response=666e73724231374270696144 
[247:127][280503] (connection.cc:634): Conn[2192b000CRxS|-|0|0|p|94]: Received STUN BINDING request, id=784d37325431316e4e4c3050
[247:127][280503] (connection.cc:957): Conn[2192b000CRxS|-|0|0|p|94]: Sent STUN BINDING response, to=160.250.77.x:37348, writable=0, id=784d37325431316e4e4c3050
[247:596][280503] (connection.cc:957): Conn[35227000CRWS|S|0|1|p|57]: Sent STUN BINDING response, to=14.238.152.x:43559, writable=1, id=786d53436a67354a426a6a79
[248:763][281083] (video_stream_encoder.cc:1715): Number of frames: captured 1200, dropped (due to congestion window pushback) 0, dropped (due to encoder blocked) 0, interval_ms 60000
[248:768][280503] (turn_port.cc:2047): TurnPort(Port[52480500:0:1:0:relay:Net[pdp_ip0:100.81.44.x/32:Cellular:id=3]]-Remote[14.238.62.98:3478/udp]: TURN create permission request sent, id=50724c45304964466e365231 with address: 14.238.152.70:45069
[248:769][280503] (turn_port.cc:2047): TurnPort(Port[52480500:0:1:0:relay:Net[pdp_ip0:100.81.44.x/32:Cellular:id=3]]-Remote[14.238.62.98:3478/udp]: TURN create permission request sent, id=6f7434624554494d4b575832 with address: 160.250.77.139:37348
[248:769][280503] (turn_port.cc:2047): TurnPort(Port[52480500:0:1:0:relay:Net[pdp_ip0:100.81.44.x/32:Cellular:id=3]]-Remote[14.238.62.98:3478/udp]: TURN create permission request sent, id=314f66417441567544596448 with address: 160.250.77.139:33849
[248:769][280503] (turn_port.cc:2047): TurnPort(Port[52480500:0:1:0:relay:Net[pdp_ip0:100.81.44.x/32:Cellular:id=3]]-Remote[14.238.62.98:3478/udp]: TURN create permission request sent, id=5145524d7a6c774c792b5a69 with address: 14.238.152.70:43559
[248:777][280503] (turn_port.cc:2047): TurnPort(Port[52480500:0:1:0:relay:Net[pdp_ip0:100.81.44.x/32:Cellular:id=3]]-Remote[14.238.62.98:3478/udp]: TURN create permission request sent, id=6b4836536f6a6d6e7a634642 with address: 58.186.3.44:60453
[248:777][280503] (turn_port.cc:2047): TurnPort(Port[52480500:0:1:0:relay:Net[pdp_ip0:100.81.44.x/32:Cellular:id=3]]-Remote[14.238.62.98:3478/udp]: TURN create permission request sent, id=7877776a2f3933582f4e436b with address: 58.186.3.44:27363
[248:781][280503] (turn_port.cc:2047): TurnPort(Port[52480000:0:1:0:relay:Net[pdp_ip0:100.81.44.x/32:Cellular:id=3]]-Remote[160.250.77.139:3478/udp]: TURN create permission request sent, id=38787659584a38704b4a766f with address: 14.238.152.70:45069
[248:781][280503] (turn_port.cc:2047): TurnPort(Port[52480000:0:1:0:relay:Net[pdp_ip0:100.81.44.x/32:Cellular:id=3]]-Remote[160.250.77.139:3478/udp]: TURN create permission request sent, id=4745504733774a38514f4749 with address: 160.250.77.139:37348
[248:781][280503] (turn_port.cc:2047): TurnPort(Port[52480000:0:1:0:relay:Net[pdp_ip0:100.81.44.x/32:Cellular:id=3]]-Remote[160.250.77.139:3478/udp]: TURN create permission request sent, id=545142626c7639707437325a with address: 160.250.77.139:33849
[248:781][280503] (turn_port.cc:2047): TurnPort(Port[52480000:0:1:0:relay:Net[pdp_ip0:100.81.44.x/32:Cellular:id=3]]-Remote[160.250.77.139:3478/udp]: TURN create permission request sent, id=6d612f7862446a6b724d307a with address: 14.238.152.70:43559
[248:781][280503] (turn_port.cc:2047): TurnPort(Port[52480000:0:1:0:relay:Net[pdp_ip0:100.81.44.x/32:Cellular:id=3]]-Remote[160.250.77.139:3478/udp]: TURN create permission request sent, id=4d7739524347426965394c2b with address: 58.186.3.44:60453
[248:781][280503] (turn_port.cc:2047): TurnPort(Port[52480000:0:1:0:relay:Net[pdp_ip0:100.81.44.x/32:Cellular:id=3]]-Remote[160.250.77.139:3478/udp]: TURN create permission request sent, id=6c6673364872366e61756768 with address: 58.186.3.44:27363
[248:781][280503] (turn_port.cc:2047): TurnPort(Port[52480a00:0:1:0:relay:Net[pdp_ip0:100.81.44.x/32:Cellular:id=3]]-Remote[14.238.161.90:3478/udp]: TURN create permission request sent, id=7852717950623454666e7846 with address: 14.238.152.70:45069
[248:781][280503] (turn_port.cc:2047): TurnPort(Port[52480a00:0:1:0:relay:Net[pdp_ip0:100.81.44.x/32:Cellular:id=3]]-Remote[14.238.161.90:3478/udp]: TURN create permission request sent, id=7a74382b4b49666a71667755 with address: 160.250.77.139:37348
[248:782][280503] (turn_port.cc:2047): TurnPort(Port[52480a00:0:1:0:relay:Net[pdp_ip0:100.81.44.x/32:Cellular:id=3]]-Remote[14.238.161.90:3478/udp]: TURN create permission request sent, id=702b4a6c7a727962776c7551 with address: 160.250.77.139:33849
[248:782][280503] (turn_port.cc:2047): TurnPort(Port[52480a00:0:1:0:relay:Net[pdp_ip0:100.81.44.x/32:Cellular:id=3]]-Remote[14.238.161.90:3478/udp]: TURN create permission request sent, id=56544c6c34656631597a3951 with address: 14.238.152.70:43559
[248:786][280503] (turn_port.cc:2047): TurnPort(Port[52480a00:0:1:0:relay:Net[pdp_ip0:100.81.44.x/32:Cellular:id=3]]-Remote[14.238.161.90:3478/udp]: TURN create permission request sent, id=735232497550356d79374d75 with address: 58.186.3.44:60453
[248:787][280503] (turn_port.cc:2047): TurnPort(Port[52480a00:0:1:0:relay:Net[pdp_ip0:100.81.44.x/32:Cellular:id=3]]-Remote[14.238.161.90:3478/udp]: TURN create permission request sent, id=354b763578634c7639696733 with address: 58.186.3.44:27363
[248:796][280503] (turn_port.cc:2055): TurnPort(Port[52480500:0:1:0:relay:Net[pdp_ip0:100.81.44.x/32:Cellular:id=3]]-Remote[14.238.62.98:3478/udp]: TURN permission requested successfully, id=50724c45304964466e365231, code=0, rtt=27576 us
[248:796][280503] (turn_port.cc:2271): TurnEntry(538b1a40:0:TurnPort(Port[52480500:0:1:0:relay:Net[pdp_ip0:100.81.44.x/32:Cellular:id=3]]-Remote[14.238.62.98:3478/udp][Ext:14.238.152.x:45069][Conn(0)[]]): Create permission for 14.238.152.x:45069 succeeded
[248:796][280503] (turn_port.cc:2055): TurnPort(Port[52480500:0:1:0:relay:Net[pdp_ip0:100.81.44.x/32:Cellular:id=3]]-Remote[14.238.62.98:3478/udp]: TURN permission requested successfully, id=6f7434624554494d4b575832, code=0, rtt=27601 us
[248:796][280503] (turn_port.cc:2271): TurnEntry(538b0e60:0:TurnPort(Port[52480500:0:1:0:relay:Net[pdp_ip0:100.81.44.x/32:Cellular:id=3]]-Remote[14.238.62.98:3478/udp][Ext:160.250.77.x:37348][Conn(1)[2192b000]]): Create permission for 160.250.77.x:37348 succeeded
[248:796][280503] (turn_port.cc:2055): TurnPort(Port[52480500:0:1:0:relay:Net[pdp_ip0:100.81.44.x/32:Cellular:id=3]]-Remote[14.238.62.98:3478/udp]: TURN permission requested successfully, id=314f66417441567544596448, code=0, rtt=27703 us
[248:796][280503] (turn_port.cc:2271): TurnEntry(538b1540:0:TurnPort(Port[52480500:0:1:0:relay:Net[pdp_ip0:100.81.44.x/32:Cellular:id=3]]-Remote[14.238.62.98:3478/udp][Ext:160.250.77.x:33849][Conn(0)[]]): Create permission for 160.250.77.x:33849 succeeded
[248:807][280503] (turn_port.cc:2055): TurnPort(Port[52480500:0:1:0:relay:Net[pdp_ip0:100.81.44.x/32:Cellular:id=3]]-Remote[14.238.62.98:3478/udp]: TURN permission requested successfully, id=5145524d7a6c774c792b5a69, code=0, rtt=38424 us
[248:807][280503] (turn_port.cc:2271): TurnEntry(538b3700:2:TurnPort(Port[52480500:0:1:0:relay:Net[pdp_ip0:100.81.44.x/32:Cellular:id=3]]-Remote[14.238.62.98:3478/udp][Ext:14.238.152.x:43559][Conn(1)[35227000]]): Create permission for 14.238.152.x:43559 succeeded
[248:807][280503] (turn_port.cc:2055): TurnPort(Port[52480500:0:1:0:relay:Net[pdp_ip0:100.81.44.x/32:Cellular:id=3]]-Remote[14.238.62.98:3478/udp]: TURN permission requested successfully, id=6b4836536f6a6d6e7a634642, code=0, rtt=30637 us
[248:807][280503] (turn_port.cc:2271): TurnEntry(459c8aa0:0:TurnPort(Port[52480500:0:1:0:relay:Net[pdp_ip0:100.81.44.x/32:Cellular:id=3]]-Remote[14.238.62.98:3478/udp][Ext:58.186.3.x:60453][Conn(0)[]]): Create permission for 58.186.3.x:60453 succeeded
[248:807][280503] (turn_port.cc:2055): TurnPort(Port[52480500:0:1:0:relay:Net[pdp_ip0:100.81.44.x/32:Cellular:id=3]]-Remote[14.238.62.98:3478/udp]: TURN permission requested successfully, id=7877776a2f3933582f4e436b, code=0, rtt=30444 us
[248:807][280503] (turn_port.cc:2271): TurnEntry(150f05a0:0:TurnPort(Port[52480500:0:1:0:relay:Net[pdp_ip0:100.81.44.x/32:Cellular:id=3]]-Remote[14.238.62.98:3478/udp][Ext:58.186.3.x:27363][Conn(0)[]]): Create permission for 58.186.3.x:27363 succeeded
[248:819][280503] (turn_port.cc:2069): TurnPort(Port[52480000:0:1:0:relay:Net[pdp_ip0:100.81.44.x/32:Cellular:id=3]]-Remote[160.250.77.139:3478/udp]: Received TURN create permission error response, id=38787659584a38704b4a766f, code=438, rtt=38968 us
[248:820][280503] (turn_port.cc:2047): TurnPort(Port[52480000:0:1:0:relay:Net[pdp_ip0:100.81.44.x/32:Cellular:id=3]]-Remote[160.250.77.139:3478/udp]: TURN create permission request sent, id=6650694c444c41384b63506e with address: 14.238.152.70:45069
[248:825][280503] (turn_port.cc:2069): TurnPort(Port[52480000:0:1:0:relay:Net[pdp_ip0:100.81.44.x/32:Cellular:id=3]]-Remote[160.250.77.139:3478/udp]: Received TURN create permission error response, id=4745504733774a38514f4749, code=438, rtt=44531 us
[248:825][280503] (turn_port.cc:2047): TurnPort(Port[52480000:0:1:0:relay:Net[pdp_ip0:100.81.44.x/32:Cellular:id=3]]-Remote[160.250.77.139:3478/udp]: TURN create permission request sent, id=50677359476344576f6a3346 with address: 160.250.77.139:37348
[248:826][280503] (turn_port.cc:2069): TurnPort(Port[52480000:0:1:0:relay:Net[pdp_ip0:100.81.44.x/32:Cellular:id=3]]-Remote[160.250.77.139:3478/udp]: Received TURN create permission error response, id=545142626c7639707437325a, code=438, rtt=45019 us
[248:826][280503] (turn_port.cc:2047): TurnPort(Port[52480000:0:1:0:relay:Net[pdp_ip0:100.81.44.x/32:Cellular:id=3]]-Remote[160.250.77.139:3478/udp]: TURN create permission request sent, id=7a33785a312b493041394c4e with address: 160.250.77.139:33849
[248:826][280503] (turn_port.cc:2069): TurnPort(Port[52480000:0:1:0:relay:Net[pdp_ip0:100.81.44.x/32:Cellular:id=3]]-Remote[160.250.77.139:3478/udp]: Received TURN create permission error response, id=6d612f7862446a6b724d307a, code=438, rtt=45288 us
[248:826][280503] (turn_port.cc:2047): TurnPort(Port[52480000:0:1:0:relay:Net[pdp_ip0:100.81.44.x/32:Cellular:id=3]]-Remote[160.250.77.139:3478/udp]: TURN create permission request sent, id=4143666b7250796e78487938 with address: 14.238.152.70:43559
[248:826][280503] (turn_port.cc:2069): TurnPort(Port[52480000:0:1:0:relay:Net[pdp_ip0:100.81.44.x/32:Cellular:id=3]]-Remote[160.250.77.139:3478/udp]: Received TURN create permission error response, id=4d7739524347426965394c2b, code=438, rtt=45296 us
[248:826][280503] (turn_port.cc:2047): TurnPort(Port[52480000:0:1:0:relay:Net[pdp_ip0:100.81.44.x/32:Cellular:id=3]]-Remote[160.250.77.139:3478/udp]: TURN create permission request sent, id=5353786c6455304f4b305965 with address: 58.186.3.44:60453
[248:826][280503] (turn_port.cc:2069): TurnPort(Port[52480000:0:1:0:relay:Net[pdp_ip0:100.81.44.x/32:Cellular:id=3]]-Remote[160.250.77.139:3478/udp]: Received TURN create permission error response, id=6c6673364872366e61756768, code=438, rtt=45289 us
[248:826][280503] (turn_port.cc:2047): TurnPort(Port[52480000:0:1:0:relay:Net[pdp_ip0:100.81.44.x/32:Cellular:id=3]]-Remote[160.250.77.139:3478/udp]: TURN create permission request sent, id=49596641515a7134622b3933 with address: 58.186.3.44:27363
[248:832][280503] (turn_port.cc:2069): TurnPort(Port[52480a00:0:1:0:relay:Net[pdp_ip0:100.81.44.x/32:Cellular:id=3]]-Remote[14.238.161.90:3478/udp]: Received TURN create permission error response, id=7852717950623454666e7846, code=438, rtt=50694 us
[248:832][280503] (turn_port.cc:2047): TurnPort(Port[52480a00:0:1:0:relay:Net[pdp_ip0:100.81.44.x/32:Cellular:id=3]]-Remote[14.238.161.90:3478/udp]: TURN create permission request sent, id=614c6c446f7636634f487232 with address: 14.238.152.70:45069
[248:832][280503] (turn_port.cc:2069): TurnPort(Port[52480a00:0:1:0:relay:Net[pdp_ip0:100.81.44.x/32:Cellular:id=3]]-Remote[14.238.161.90:3478/udp]: Received TURN create permission error response, id=7a74382b4b49666a71667755, code=438, rtt=50920 us
[248:832][280503] (turn_port.cc:2047): TurnPort(Port[52480a00:0:1:0:relay:Net[pdp_ip0:100.81.44.x/32:Cellular:id=3]]-Remote[14.238.161.90:3478/udp]: TURN create permission request sent, id=302f58594b6a57624e373974 with address: 160.250.77.139:37348
[248:832][280503] (turn_port.cc:2069): TurnPort(Port[52480a00:0:1:0:relay:Net[pdp_ip0:100.81.44.x/32:Cellular:id=3]]-Remote[14.238.161.90:3478/udp]: Received TURN create permission error response, id=702b4a6c7a727962776c7551, code=438, rtt=51039 us
[248:833][280503] (turn_port.cc:2047): TurnPort(Port[52480a00:0:1:0:relay:Net[pdp_ip0:100.81.44.x/32:Cellular:id=3]]-Remote[14.238.161.90:3478/udp]: TURN create permission request sent, id=54534c51707a755338365852 with address: 160.250.77.139:33849
[248:833][280503] (turn_port.cc:2069): TurnPort(Port[52480a00:0:1:0:relay:Net[pdp_ip0:100.81.44.x/32:Cellular:id=3]]-Remote[14.238.161.90:3478/udp]: Received TURN create permission error response, id=56544c6c34656631597a3951, code=438, rtt=50989 us
[248:833][280503] (turn_port.cc:2047): TurnPort(Port[52480a00:0:1:0:relay:Net[pdp_ip0:100.81.44.x/32:Cellular:id=3]]-Remote[14.238.161.90:3478/udp]: TURN create permission request sent, id=47665a3463524b716d374956 with address: 14.238.152.70:43559
[248:833][280503] (turn_port.cc:2069): TurnPort(Port[52480a00:0:1:0:relay:Net[pdp_ip0:100.81.44.x/32:Cellular:id=3]]-Remote[14.238.161.90:3478/udp]: Received TURN create permission error response, id=735232497550356d79374d75, code=438, rtt=46408 us
[248:833][280503] (turn_port.cc:2047): TurnPort(Port[52480a00:0:1:0:relay:Net[pdp_ip0:100.81.44.x/32:Cellular:id=3]]-Remote[14.238.161.90:3478/udp]: TURN create permission request sent, id=74367953695173624f657769 with address: 58.186.3.44:60453
[248:833][280503] (turn_port.cc:2069): TurnPort(Port[52480a00:0:1:0:relay:Net[pdp_ip0:100.81.44.x/32:Cellular:id=3]]-Remote[14.238.161.90:3478/udp]: Received TURN create permission error response, id=354b763578634c7639696733, code=438, rtt=46487 us
[248:833][280503] (turn_port.cc:2047): TurnPort(Port[52480a00:0:1:0:relay:Net[pdp_ip0:100.81.44.x/32:Cellular:id=3]]-Remote[14.238.161.90:3478/udp]: TURN create permission request sent, id=477a486c62376a3431753257 with address: 58.186.3.44:27363
[248:866][280503] (turn_port.cc:2069): TurnPort(Port[52480000:0:1:0:relay:Net[pdp_ip0:100.81.44.x/32:Cellular:id=3]]-Remote[160.250.77.139:3478/udp]: Received TURN create permission error response, id=6650694c444c41384b63506e, code=400, rtt=46382 us
[248:866][280503] (turn_port.cc:2069): TurnPort(Port[52480000:0:1:0:relay:Net[pdp_ip0:100.81.44.x/32:Cellular:id=3]]-Remote[160.250.77.139:3478/udp]: Received TURN create permission error response, id=50677359476344576f6a3346, code=400, rtt=40568 us
[248:866][280503] (turn_port.cc:2069): TurnPort(Port[52480000:0:1:0:relay:Net[pdp_ip0:100.81.44.x/32:Cellular:id=3]]-Remote[160.250.77.139:3478/udp]: Received TURN create permission error response, id=7a33785a312b493041394c4e, code=400, rtt=40057 us
[248:866][280503] (turn_port.cc:2069): TurnPort(Port[52480000:0:1:0:relay:Net[pdp_ip0:100.81.44.x/32:Cellular:id=3]]-Remote[160.250.77.139:3478/udp]: Received TURN create permission error response, id=4143666b7250796e78487938, code=400, rtt=39752 us
[248:866][280503] (turn_port.cc:2069): TurnPort(Port[52480000:0:1:0:relay:Net[pdp_ip0:100.81.44.x/32:Cellular:id=3]]-Remote[160.250.77.139:3478/udp]: Received TURN create permission error response, id=5353786c6455304f4b305965, code=400, rtt=39976 us
[248:866][280503] (turn_port.cc:2069): TurnPort(Port[52480000:0:1:0:relay:Net[pdp_ip0:100.81.44.x/32:Cellular:id=3]]-Remote[160.250.77.139:3478/udp]: Received TURN create permission error response, id=49596641515a7134622b3933, code=400, rtt=40001 us
[248:871][280503] (turn_port.cc:2069): TurnPort(Port[52480a00:0:1:0:relay:Net[pdp_ip0:100.81.44.x/32:Cellular:id=3]]-Remote[14.238.161.90:3478/udp]: Received TURN create permission error response, id=614c6c446f7636634f487232, code=400, rtt=39365 us
[248:878][280503] (turn_port.cc:2069): TurnPort(Port[52480a00:0:1:0:relay:Net[pdp_ip0:100.81.44.x/32:Cellular:id=3]]-Remote[14.238.161.90:3478/udp]: Received TURN create permission error response, id=302f58594b6a57624e373974, code=400, rtt=45279 us
[248:878][280503] (turn_port.cc:2069): TurnPort(Port[52480a00:0:1:0:relay:Net[pdp_ip0:100.81.44.x/32:Cellular:id=3]]-Remote[14.238.161.90:3478/udp]: Received TURN create permission error response, id=54534c51707a755338365852, code=400, rtt=45139 us
[248:878][280503] (turn_port.cc:2069): TurnPort(Port[52480a00:0:1:0:relay:Net[pdp_ip0:100.81.44.x/32:Cellular:id=3]]-Remote[14.238.161.90:3478/udp]: Received TURN create permission error response, id=47665a3463524b716d374956, code=400, rtt=45038 us
[248:878][280503] (turn_port.cc:2069): TurnPort(Port[52480a00:0:1:0:relay:Net[pdp_ip0:100.81.44.x/32:Cellular:id=3]]-Remote[14.238.161.90:3478/udp]: Received TURN create permission error response, id=74367953695173624f657769, code=400, rtt=44950 us
[248:878][280503] (turn_port.cc:2069): TurnPort(Port[52480a00:0:1:0:relay:Net[pdp_ip0:100.81.44.x/32:Cellular:id=3]]-Remote[14.238.161.90:3478/udp]: Received TURN create permission error response, id=477a486c62376a3431753257, code=400, rtt=44751 us
[248:941][280503] (turn_port.cc:2123): TurnPort(Port[52480500:0:1:0:relay:Net[pdp_ip0:100.81.44.x/32:Cellular:id=3]]-Remote[14.238.62.98:3478/udp]: TURN channel bind request sent, id=35326559566e327144686e43 with address: 14.238.152.70:43559
[248:971][280503] (turn_port.cc:2131): TurnPort(Port[52480500:0:1:0:relay:Net[pdp_ip0:100.81.44.x/32:Cellular:id=3]]-Remote[14.238.62.98:3478/udp]: TURN channel bind requested successfully, id=35326559566e327144686e43, code=0, rtt=30693 us
[248:972][280503] (turn_port.cc:2319): TurnEntry(538b3700:2:TurnPort(Port[52480500:0:1:0:relay:Net[pdp_ip0:100.81.44.x/32:Cellular:id=3]]-Remote[14.238.62.98:3478/udp][Ext:14.238.152.x:43559][Conn(1)[35227000]]): Successful channel bind for 14.238.152.x:43559
[248:972][280503] (turn_port.cc:2146): TurnPort(Port[52480500:0:1:0:relay:Net[pdp_ip0:100.81.44.x/32:Cellular:id=3]]-Remote[14.238.62.98:3478/udp]: Scheduled channel bind in 240000ms.
[249:235][292607] (overuse_frame_detector.cc:645): CheckForOveruse: encode usage 9 overuse detections 0 rampup delay 10000 action NoAction
[249:333][280503] (connection.cc:1824): Conn[35227000CRWS|S|0|1|p|57]: Sent STUN BINDING request, id=62536d4d5365656e72345234, use_candidate=0, nomination=1
[249:385][280503] (connection.cc:1702): Conn[35227000CRWI|S|0|1|p|57]: Received STUN BINDING response, id=62536d4d5365656e72345234, code=0, rtt=52323 us, pings_since_last_response=62536d4d5365656e72345234 
[250:107][280503] (connection.cc:957): Conn[35227000CRWS|S|0|1|p|56]: Sent STUN BINDING response, to=14.238.152.x:43559, writable=1, id=736b48366c55744e4a435155
[250:156][329491] (rtp_video_stream_receiver2.cc:1449): Packet received on SSRC: 3992556228 with payload type: 35, timestamp: 1378966486, sequence number: 42553, arrival time: 6916420442 us, abs send time: 9354618
[250:520][329491] (webrtc_video_engine.cc:2519): VideoSendStream stats: 6916791, {input_fps: 20.0, encode_fps: 20, encode_ms: 5, encode_usage_perc: 9, target_bps: 900000, media_bps: 839560, suspended: false, bw_adapted_res: false, cpu_adapted_res: false, bw_adapted_fps: false, cpu_adapted_fps: false, #cpu_adaptations: 0, #quality_adaptations: 0} {ssrc: 860390162, type: media, width: 720, height: 404, key: 2, delta: 4828, total_bps: 817784, retransmit_bps: 0, avg_delay_ms: 15, max_delay_ms: 21, cum_loss: 10, max_ext_seq: 31515, nack: 17, fir: 0, pli: 0}
[250:520][329491] (webrtc_video_engine.cc:1690): Call stats: 6916791, {send_bw_bps: 1908000, recv_bw_bps: 0, max_pad_bps: 0, pacer_delay_ms: 0, rtt_ms: 51}
[250:520][329491] (webrtc_video_engine.cc:3974): VideoReceiveStreamInterface stats: 6916791, {ssrc: 3992556228, total_bps: 887280, frameWidth: 720, frameHeight: 404, key: 2, delta: 4820, framesAssembledFromMultiplePackets: 4820, framesDecoded: 4820, framesDropped: 0, network_fps: 20, decode_fps: 20, render_fps: 20, decode_ms: 2, max_decode_ms: 3, first_frame_received_to_decoded_ms: 20, current_delay_ms: 88, target_delay_ms: 75, jitter_delay_ms: 31, totalAssemblyTime: 16.3318, jitterBufferDelay: 501.006, jitterBufferTargetDelay: 486.751, jitterBufferEmittedCount: 4820, jitterBufferMinimumDelay: 88.6823, totalDecodeTime: 13.2791, totalProcessingDelay: 514.605, min_playout_delay_ms: 88, sync_offset_ms: 7, cum_loss: 7, nackCount: 4, firCount: 0, pliCount: 0}
[251:500][329491] (bitrate_allocator.cc:500): Current BWE 1908000
[251:623][329491] (remote_ntp_time_estimator.cc:94): RTP timestamp: 1379096986 in NTP clock: 3998689893109 estimated time in receiver NTP clock: 3998689893117
[251:840][280503] (connection.cc:1824): Conn[35227000CRWS|S|0|1|p|56]: Sent STUN BINDING request, id=345759445056674c59595652, use_candidate=0, nomination=1
[251:893][280503] (connection.cc:1702): Conn[35227000CRWI|S|0|1|p|56]: Received STUN BINDING response, id=345759445056674c59595652, code=0, rtt=53108 us, pings_since_last_response=345759445056674c59595652 
[252:616][280503] (connection.cc:957): Conn[35227000CRWS|S|0|1|p|55]: Sent STUN BINDING response, to=14.238.152.x:43559, writable=1, id=304635584333744e48466c4c
[253:708][292607] (audio_device_buffer.cc:471): [REC : 10666msec, 48kHz] callbacks: 1066, samples: 511680, rate: 47973, rate diff: 0%, level: 3958
[253:708][292607] (audio_device_buffer.cc:497): [PLAY: 10666msec, 48kHz] callbacks: 1066, samples: 511680, rate: 47973, rate diff: 0%, level: 21892
[254:140][315915] (overuse_frame_detector.cc:645): CheckForOveruse: encode usage 10 overuse detections 0 rampup delay 10000 action NoAction
[254:348][280503] (connection.cc:1824): Conn[35227000CRWS|S|0|1|p|55]: Sent STUN BINDING request, id=474175636e4d556553713555, use_candidate=0, nomination=1
[254:396][280503] (connection.cc:1702): Conn[35227000CRWI|S|0|1|p|55]: Received STUN BINDING response, id=474175636e4d556553713555, code=0, rtt=49046 us, pings_since_last_response=474175636e4d556553713555 
[255:111][280503] (connection.cc:957): Conn[35227000CRWS|S|0|1|p|54]: Sent STUN BINDING response, to=14.238.152.x:43559, writable=1, id=39416d6e42464b6d4776584e
[255:731][329491] (rtp_streams_synchronizer2.cc:136): Sync info stats: 6922001, {ssrc: 1233186867, cur_delay: 128 ms} {ssrc: 3992556228, cur_delay: 88 ms} {relative_delay_ms: 27} 
[256:857][280503] (connection.cc:1824): Conn[35227000CRWS|S|0|1|p|54]: Sent STUN BINDING request, id=54425436596e536475617154, use_candidate=0, nomination=1
[256:868][329491] (bitrate_allocator.cc:500): Current BWE 1908000
[256:914][280503] (connection.cc:1702): Conn[35227000CRWI|S|0|1|p|54]: Received STUN BINDING response, id=54425436596e536475617154, code=0, rtt=57233 us, pings_since_last_response=54425436596e536475617154 
[257:620][280503] (connection.cc:957): Conn[35227000CRWS|S|0|1|p|54]: Sent STUN BINDING response, to=14.238.152.x:43559, writable=1, id=766e6a68494243593463454c
[259:358][280503] (connection.cc:1824): Conn[35227000CRWS|S|0|1|p|54]: Sent STUN BINDING request, id=4d666a7658306e436c4d7448, use_candidate=0, nomination=1
[259:420][280503] (connection.cc:1702): Conn[35227000CRWI|S|0|1|p|54]: Received STUN BINDING response, id=4d666a7658306e436c4d7448, code=0, rtt=62289 us, pings_since_last_response=4d666a7658306e436c4d7448 
[259:471][281083] (overuse_frame_detector.cc:645): CheckForOveruse: encode usage 10 overuse detections 0 rampup delay 10000 action AdaptUp
[260:125][280503] (connection.cc:957): Conn[35227000CRWS|S|0|1|p|56]: Sent STUN BINDING response, to=14.238.152.x:43559, writable=1, id=693668586753304752786f67
[260:206][329491] (rtp_video_stream_receiver2.cc:1449): Packet received on SSRC: 3992556228 with payload type: 35, timestamp: 1379870896, sequence number: 43564, arrival time: 6926470305 us, abs send time: 11989352
[260:567][329491] (webrtc_video_engine.cc:2519): VideoSendStream stats: 6926838, {input_fps: 20.0, encode_fps: 19, encode_ms: 4, encode_usage_perc: 10, target_bps: 900000, media_bps: 847296, suspended: false, bw_adapted_res: false, cpu_adapted_res: false, bw_adapted_fps: false, cpu_adapted_fps: false, #cpu_adaptations: 0, #quality_adaptations: 0} {ssrc: 860390162, type: media, width: 720, height: 404, key: 2, delta: 5028, total_bps: 872896, retransmit_bps: 0, avg_delay_ms: 16, max_delay_ms: 18, cum_loss: 10, max_ext_seq: 32565, nack: 17, fir: 0, pli: 0}
[260:567][329491] (webrtc_video_engine.cc:1690): Call stats: 6926837, {send_bw_bps: 1908000, recv_bw_bps: 0, max_pad_bps: 0, pacer_delay_ms: 0, rtt_ms: 51}
[260:567][329491] (webrtc_video_engine.cc:3974): VideoReceiveStreamInterface stats: 6926838, {ssrc: 3992556228, total_bps: 811504, frameWidth: 720, frameHeight: 404, key: 2, delta: 5021, framesAssembledFromMultiplePackets: 5021, framesDecoded: 5021, framesDropped: 0, network_fps: 20, decode_fps: 20, render_fps: 20, decode_ms: 2, max_decode_ms: 3, first_frame_received_to_decoded_ms: 20, current_delay_ms: 88, target_delay_ms: 75, jitter_delay_ms: 30, totalAssemblyTime: 17.4191, jitterBufferDelay: 517.271, jitterBufferTargetDelay: 501.826, jitterBufferEmittedCount: 5021, jitterBufferMinimumDelay: 94.6762, totalDecodeTime: 13.7996, totalProcessingDelay: 531.404, min_playout_delay_ms: 88, sync_offset_ms: 14, cum_loss: 11, nackCount: 6, firCount: 0, pliCount: 0}
[261:636][329491] (remote_ntp_time_estimator.cc:94): RTP timestamp: 1379992396 in NTP clock: 3998689903058 estimated time in receiver NTP clock: 3998689903060
[261:859][280503] (connection.cc:1824): Conn[35227000CRWS|S|0|1|p|56]: Sent STUN BINDING request, id=326f59465a766679462b7657, use_candidate=0, nomination=1
[261:914][280503] (connection.cc:1702): Conn[35227000CRWI|S|0|1|p|56]: Received STUN BINDING response, id=326f59465a766679462b7657, code=0, rtt=54655 us, pings_since_last_response=326f59465a766679462b7657 
[262:199][329491] (bitrate_allocator.cc:500): Current BWE 1908000
[262:632][280503] (connection.cc:957): Conn[35227000CRWS|S|0|1|p|56]: Sent STUN BINDING response, to=14.238.152.x:43559, writable=1, id=3966484b567764334568586a
[263:845][281083] (audio_device_buffer.cc:471): [REC : 10136msec, 48kHz] callbacks: 1014, samples: 486720, rate: 48019, rate diff: 0%, level: 12512
[263:845][281083] (audio_device_buffer.cc:497): [PLAY: 10136msec, 48kHz] callbacks: 1014, samples: 486720, rate: 48019, rate diff: 0%, level: 2269
[264:363][280503] (connection.cc:1824): Conn[35227000CRWS|S|0|1|p|56]: Sent STUN BINDING request, id=50444e496268307254702f42, use_candidate=0, nomination=1
[264:414][280503] (connection.cc:1702): Conn[35227000CRWI|S|0|1|p|56]: Received STUN BINDING response, id=50444e496268307254702f42, code=0, rtt=51422 us, pings_since_last_response=50444e496268307254702f42 
[264:447][281083] (overuse_frame_detector.cc:645): CheckForOveruse: encode usage 9 overuse detections 0 rampup delay 10000 action NoAction
[265:135][280503] (connection.cc:957): Conn[35227000CRWS|S|0|1|p|55]: Sent STUN BINDING response, to=14.238.152.x:43559, writable=1, id=65696c596378446652382b63
[265:731][329491] (rtp_streams_synchronizer2.cc:136): Sync info stats: 6932002, {ssrc: 1233186867, cur_delay: 119 ms} {ssrc: 3992556228, cur_delay: 88 ms} {relative_delay_ms: 16} 
[266:869][280503] (connection.cc:1824): Conn[35227000CRWS|S|0|1|p|55]: Sent STUN BINDING request, id=3037722f5a69547652425259, use_candidate=0, nomination=1
[266:920][280503] (connection.cc:1702): Conn[35227000CRWI|S|0|1|p|55]: Received STUN BINDING response, id=3037722f5a69547652425259, code=0, rtt=51084 us, pings_since_last_response=3037722f5a69547652425259 
[267:418][329491] (bitrate_allocator.cc:500): Current BWE 1908000
[267:642][280503] (connection.cc:957): Conn[35227000CRWS|S|0|1|p|54]: Sent STUN BINDING response, to=14.238.152.x:43559, writable=1, id=58304e41536a4b3744683367
[269:341][275219] (overuse_frame_detector.cc:645): CheckForOveruse: encode usage 9 overuse detections 0 rampup delay 10000 action NoAction
[269:373][280503] (connection.cc:1824): Conn[35227000CRWS|S|0|1|p|54]: Sent STUN BINDING request, id=696559643053662f70724b76, use_candidate=0, nomination=1
[269:426][280503] (connection.cc:1702): Conn[35227000CRWI|S|0|1|p|54]: Received STUN BINDING response, id=696559643053662f70724b76, code=0, rtt=52365 us, pings_since_last_response=696559643053662f70724b76 
[270:152][280503] (connection.cc:957): Conn[35227000CRWS|S|0|1|p|54]: Sent STUN BINDING response, to=14.238.152.x:43559, writable=1, id=367048734e6f7a764274386c
[270:212][329491] (rtp_video_stream_receiver2.cc:1449): Packet received on SSRC: 3992556228 with payload type: 35, timestamp: 1380770896, sequence number: 44545, arrival time: 6936476255 us, abs send time: 14610315
[270:600][329491] (webrtc_video_engine.cc:2519): VideoSendStream stats: 6936871, {input_fps: 20.0, encode_fps: 20, encode_ms: 4, encode_usage_perc: 9, target_bps: 900000, media_bps: 853824, suspended: false, bw_adapted_res: false, cpu_adapted_res: false, bw_adapted_fps: false, cpu_adapted_fps: false, #cpu_adaptations: 0, #quality_adaptations: 0} {ssrc: 860390162, type: media, width: 720, height: 404, key: 2, delta: 5229, total_bps: 1036930, retransmit_bps: 124370, avg_delay_ms: 16, max_delay_ms: 18, cum_loss: 10, max_ext_seq: 33522, nack: 18, fir: 0, pli: 0}
[270:600][329491] (webrtc_video_engine.cc:1690): Call stats: 6936871, {send_bw_bps: 1908000, recv_bw_bps: 0, max_pad_bps: 0, pacer_delay_ms: 0, rtt_ms: 51}
[270:600][329491] (webrtc_video_engine.cc:3974): VideoReceiveStreamInterface stats: 6936871, {ssrc: 3992556228, total_bps: 866160, frameWidth: 720, frameHeight: 404, key: 2, delta: 5221, framesAssembledFromMultiplePackets: 5222, framesDecoded: 5222, framesDropped: 0, network_fps: 20, decode_fps: 20, render_fps: 20, decode_ms: 2, max_decode_ms: 3, first_frame_received_to_decoded_ms: 20, current_delay_ms: 88, target_delay_ms: 75, jitter_delay_ms: 29, totalAssemblyTime: 18.4626, jitterBufferDelay: 533.028, jitterBufferTargetDelay: 516.901, jitterBufferEmittedCount: 5222, jitterBufferMinimumDelay: 100.596, totalDecodeTime: 14.3131, totalProcessingDelay: 547.686, min_playout_delay_ms: 88, sync_offset_ms: -9, cum_loss: 13, nackCount: 7, firCount: 0, pliCount: 0}
[271:652][329491] (remote_ntp_time_estimator.cc:94): RTP timestamp: 1380901306 in NTP clock: 3998689913157 estimated time in receiver NTP clock: 3998689913159
[271:878][280503] (connection.cc:1824): Conn[35227000CRWS|S|0|1|p|54]: Sent STUN BINDING request, id=4e78554556324d3663484e64, use_candidate=0, nomination=1
[271:930][280503] (connection.cc:1702): Conn[35227000CRWI|S|0|1|p|54]: Received STUN BINDING response, id=4e78554556324d3663484e64, code=0, rtt=51693 us, pings_since_last_response=4e78554556324d3663484e64 
[272:446][280503] (connection.cc:634): Conn[2192b000CRxS|-|0|0|p|94]: Received STUN BINDING request, id=5962372f502b455138486c56
[272:446][280503] (connection.cc:957): Conn[2192b000CRxS|-|0|0|p|94]: Sent STUN BINDING response, to=160.250.77.x:37348, writable=0, id=5962372f502b455138486c56
[272:921][280503] (connection.cc:957): Conn[35227000CRWS|S|0|1|p|53]: Sent STUN BINDING response, to=14.238.152.x:43559, writable=1, id=2f44514f4f765264574a6b4b
[273:273][329491] (bitrate_allocator.cc:500): Current BWE 1908000
[273:932][172075] (audio_device_buffer.cc:471): [REC : 10088msec, 48kHz] callbacks: 1008, samples: 483840, rate: 47962, rate diff: 0%, level: 13465
[273:932][172075] (audio_device_buffer.cc:497): [PLAY: 10088msec, 48kHz] callbacks: 1008, samples: 483840, rate: 47962, rate diff: 0%, level: 19361
[274:380][280503] (connection.cc:1824): Conn[35227000CRWS|S|0|1|p|53]: Sent STUN BINDING request, id=696871516430326b38523735, use_candidate=0, nomination=1
[274:439][280503] (connection.cc:1702): Conn[35227000CRWI|S|0|1|p|53]: Received STUN BINDING response, id=696871516430326b38523735, code=0, rtt=58706 us, pings_since_last_response=696871516430326b38523735 
[274:458][172075] (overuse_frame_detector.cc:645): CheckForOveruse: encode usage 9 overuse detections 0 rampup delay 10000 action AdaptUp
[275:421][280503] (connection.cc:957): Conn[35227000CRWS|S|0|1|p|54]: Sent STUN BINDING response, to=14.238.152.x:43559, writable=1, id=4c417134555931514f416861
[276:731][329491] (rtp_streams_synchronizer2.cc:136): Sync info stats: 6943002, {ssrc: 1233186867, cur_delay: 122 ms} {ssrc: 3992556228, cur_delay: 88 ms} {relative_delay_ms: 43} 
[276:881][280503] (connection.cc:1824): Conn[35227000CRWS|S|0|1|p|54]: Sent STUN BINDING request, id=6c56716b326571684f315954, use_candidate=0, nomination=1
[276:934][280503] (connection.cc:1702): Conn[35227000CRWI|S|0|1|p|54]: Received STUN BINDING response, id=6c56716b326571684f315954, code=0, rtt=52620 us, pings_since_last_response=6c56716b326571684f315954 
[277:922][280503] (connection.cc:957): Conn[35227000CRWS|S|0|1|p|54]: Sent STUN BINDING response, to=14.238.152.x:43559, writable=1, id=6f72652f45677475702f5a6b
[278:502][329491] (bitrate_allocator.cc:500): Current BWE 1908000
[279:384][280503] (connection.cc:1824): Conn[35227000CRWS|S|0|1|p|54]: Sent STUN BINDING request, id=734f4b526f6d616d36516b61, use_candidate=0, nomination=1
[279:434][280503] (connection.cc:1702): Conn[35227000CRWI|S|0|1|p|54]: Received STUN BINDING response, id=734f4b526f6d616d36516b61, code=0, rtt=49914 us, pings_since_last_response=734f4b526f6d616d36516b61 
[279:443][315915] (overuse_frame_detector.cc:645): CheckForOveruse: encode usage 10 overuse detections 0 rampup delay 10000 action NoAction
[280:213][329491] (rtp_video_stream_receiver2.cc:1449): Packet received on SSRC: 3992556228 with payload type: 35, timestamp: 1381671256, sequence number: 45553, arrival time: 6946477076 us, abs send time: 457256
[280:444][280503] (connection.cc:957): Conn[35227000CRWS|S|0|1|p|53]: Sent STUN BINDING response, to=14.238.152.x:43559, writable=1, id=4b324d4f445a414756775276
[280:641][329491] (webrtc_video_engine.cc:2519): VideoSendStream stats: 6946911, {input_fps: 20.0, encode_fps: 20, encode_ms: 4, encode_usage_perc: 10, target_bps: 900000, media_bps: 886352, suspended: false, bw_adapted_res: false, cpu_adapted_res: false, bw_adapted_fps: false, cpu_adapted_fps: false, #cpu_adaptations: 0, #quality_adaptations: 0} {ssrc: 860390162, type: media, width: 720, height: 404, key: 2, delta: 5430, total_bps: 920696, retransmit_bps: 0, avg_delay_ms: 15, max_delay_ms: 18, cum_loss: 15, max_ext_seq: 34605, nack: 18, fir: 0, pli: 0}
[280:641][329491] (webrtc_video_engine.cc:1690): Call stats: 6946911, {send_bw_bps: 1908000, recv_bw_bps: 0, max_pad_bps: 0, pacer_delay_ms: 0, rtt_ms: 53}
[280:641][329491] (webrtc_video_engine.cc:3974): VideoReceiveStreamInterface stats: 6946911, {ssrc: 3992556228, total_bps: 867136, frameWidth: 720, frameHeight: 404, key: 2, delta: 5422, framesAssembledFromMultiplePackets: 5422, framesDecoded: 5422, framesDropped: 0, network_fps: 20, decode_fps: 20, render_fps: 20, decode_ms: 2, max_decode_ms: 3, first_frame_received_to_decoded_ms: 20, current_delay_ms: 88, target_delay_ms: 75, jitter_delay_ms: 28, totalAssemblyTime: 19.2889, jitterBufferDelay: 548.526, jitterBufferTargetDelay: 531.901, jitterBufferEmittedCount: 5422, jitterBufferMinimumDelay: 106.303, totalDecodeTime: 14.8315, totalProcessingDelay: 563.715, min_playout_delay_ms: 88, sync_offset_ms: 1, cum_loss: 13, nackCount: 7, firCount: 0, pliCount: 0}
[281:671][329491] (remote_ntp_time_estimator.cc:94): RTP timestamp: 1381801936 in NTP clock: 3998689923164 estimated time in receiver NTP clock: 3998689923170
[281:885][280503] (connection.cc:1824): Conn[35227000CRWS|S|0|1|p|53]: Sent STUN BINDING request, id=4c6b5a4e6646322b4a66414c, use_candidate=0, nomination=1
[281:944][280503] (connection.cc:1702): Conn[35227000CRWI|S|0|1|p|53]: Received STUN BINDING response, id=4c6b5a4e6646322b4a66414c, code=0, rtt=58661 us, pings_since_last_response=4c6b5a4e6646322b4a66414c 
[282:934][280503] (connection.cc:957): Conn[35227000CRWS|S|0|1|p|54]: Sent STUN BINDING response, to=14.238.152.x:43559, writable=1, id=47306e6e46524f36574a3641
[283:933][275219] (audio_device_buffer.cc:471): [REC : 10000msec, 48kHz] callbacks: 1000, samples: 480000, rate: 48000, rate diff: 0%, level: 8183
[283:933][275219] (audio_device_buffer.cc:497): [PLAY: 10000msec, 48kHz] callbacks: 1000, samples: 480000, rate: 48000, rate diff: 0%, level: 5609
[284:240][329491] (bitrate_allocator.cc:500): Current BWE 1908000
[284:392][280503] (connection.cc:1824): Conn[35227000CRWS|S|0|1|p|54]: Sent STUN BINDING request, id=76686f2f4d76584330306246, use_candidate=0, nomination=1
[284:451][292607] (overuse_frame_detector.cc:645): CheckForOveruse: encode usage 9 overuse detections 0 rampup delay 10000 action NoAction
[284:454][280503] (connection.cc:1702): Conn[35227000CRWI|S|0|1|p|54]: Received STUN BINDING response, id=76686f2f4d76584330306246, code=0, rtt=61416 us, pings_since_last_response=76686f2f4d76584330306246 
[285:449][280503] (connection.cc:957): Conn[35227000CRWS|S|0|1|p|56]: Sent STUN BINDING response, to=14.238.152.x:43559, writable=1, id=6f505a73397741794968484f
[286:898][280503] (connection.cc:1824): Conn[35227000CRWS|S|0|1|p|56]: Sent STUN BINDING request, id=4d525a687645307369345964, use_candidate=0, nomination=1
[286:948][280503] (connection.cc:1702): Conn[35227000CRWI|S|0|1|p|56]: Received STUN BINDING response, id=4d525a687645307369345964, code=0, rtt=50588 us, pings_since_last_response=4d525a687645307369345964 
[287:731][329491] (rtp_streams_synchronizer2.cc:136): Sync info stats: 6954002, {ssrc: 1233186867, cur_delay: 108 ms} {ssrc: 3992556228, cur_delay: 88 ms} {relative_delay_ms: 25} 
[287:958][280503] (connection.cc:957): Conn[35227000CRWS|S|0|1|p|55]: Sent STUN BINDING response, to=14.238.152.x:43559, writable=1, id=5a3869366159576678706c34
[289:265][319635] (overuse_frame_detector.cc:645): CheckForOveruse: encode usage 10 overuse detections 0 rampup delay 10000 action AdaptUp
[289:408][280503] (connection.cc:1824): Conn[35227000CRWS|S|0|1|p|55]: Sent STUN BINDING request, id=415372374732524468466c76, use_candidate=0, nomination=1
[289:455][280503] (connection.cc:1702): Conn[35227000CRWI|S|0|1|p|55]: Received STUN BINDING response, id=415372374732524468466c76, code=0, rtt=47557 us, pings_since_last_response=415372374732524468466c76 
[289:859][329491] (bitrate_allocator.cc:500): Current BWE 1908000
[290:213][329491] (rtp_video_stream_receiver2.cc:1449): Packet received on SSRC: 3992556228 with payload type: 35, timestamp: 1382571706, sequence number: 46562, arrival time: 6956477310 us, abs send time: 3078462
[290:459][280503] (connection.cc:957): Conn[35227000CRWS|S|0|1|p|53]: Sent STUN BINDING response, to=14.238.152.x:43559, writable=1, id=697068716f724e6d32533753
[290:670][329491] (webrtc_video_engine.cc:2519): VideoSendStream stats: 6956940, {input_fps: 20.0, encode_fps: 19, encode_ms: 4, encode_usage_perc: 10, target_bps: 900000, media_bps: 856192, suspended: false, bw_adapted_res: false, cpu_adapted_res: false, bw_adapted_fps: false, cpu_adapted_fps: false, #cpu_adaptations: 0, #quality_adaptations: 0} {ssrc: 860390162, type: media, width: 720, height: 404, key: 2, delta: 5630, total_bps: 920704, retransmit_bps: 0, avg_delay_ms: 15, max_delay_ms: 17, cum_loss: 18, max_ext_seq: 35607, nack: 19, fir: 0, pli: 0}
[290:670][329491] (webrtc_video_engine.cc:1690): Call stats: 6956940, {send_bw_bps: 1908000, recv_bw_bps: 0, max_pad_bps: 0, pacer_delay_ms: 0, rtt_ms: 54}
[290:670][329491] (webrtc_video_engine.cc:3974): VideoReceiveStreamInterface stats: 6956940, {ssrc: 3992556228, total_bps: 879408, frameWidth: 720, frameHeight: 404, key: 2, delta: 5622, framesAssembledFromMultiplePackets: 5623, framesDecoded: 5623, framesDropped: 0, network_fps: 19, decode_fps: 20, render_fps: 20, decode_ms: 3, max_decode_ms: 3, first_frame_received_to_decoded_ms: 20, current_delay_ms: 92, target_delay_ms: 79, jitter_delay_ms: 79, totalAssemblyTime: 20.3945, jitterBufferDelay: 564.546, jitterBufferTargetDelay: 547.927, jitterBufferEmittedCount: 5623, jitterBufferMinimumDelay: 114.914, totalDecodeTime: 15.385, totalProcessingDelay: 580.303, min_playout_delay_ms: 88, sync_offset_ms: 36, cum_loss: 16, nackCount: 9, firCount: 0, pliCount: 0}
[291:720][329491] (remote_ntp_time_estimator.cc:94): RTP timestamp: 1382706706 in NTP clock: 3998689933217 estimated time in receiver NTP clock: 3998689933219
[291:913][280503] (connection.cc:1824): Conn[35227000CRWS|S|0|1|p|53]: Sent STUN BINDING request, id=4a49576d3235416468654a30, use_candidate=0, nomination=1
[291:962][280503] (connection.cc:1702): Conn[35227000CRWI|S|0|1|p|53]: Received STUN BINDING response, id=4a49576d3235416468654a30, code=0, rtt=49918 us, pings_since_last_response=4a49576d3235416468654a30 
[292:967][280503] (connection.cc:957): Conn[35227000CRWS|S|0|1|p|52]: Sent STUN BINDING response, to=14.238.152.x:43559, writable=1, id=4a394f4346706f4861334772
[294:424][280503] (connection.cc:1824): Conn[35227000CRWS|S|0|1|p|52]: Sent STUN BINDING request, id=2f2b516f4370425a494c3149, use_candidate=0, nomination=1
[294:462][284123] (overuse_frame_detector.cc:645): CheckForOveruse: encode usage 10 overuse detections 0 rampup delay 10000 action NoAction
[294:462][331547] (audio_device_buffer.cc:471): [REC : 10530msec, 48kHz] callbacks: 1054, samples: 505920, rate: 48046, rate diff: 0%, level: 12062
[294:462][331547] (audio_device_buffer.cc:497): [PLAY: 10530msec, 48kHz] callbacks: 1054, samples: 505920, rate: 48046, rate diff: 0%, level: 30320
[294:489][280503] (connection.cc:1702): Conn[35227000CRWI|S|0|1|p|52]: Received STUN BINDING response, id=2f2b516f4370425a494c3149, code=0, rtt=65599 us, pings_since_last_response=2f2b516f4370425a494c3149 
[295:301][329491] (bitrate_allocator.cc:500): Current BWE 1908000
[295:477][280503] (connection.cc:957): Conn[35227000CRWS|S|0|1|p|56]: Sent STUN BINDING response, to=14.238.152.x:43559, writable=1, id=725533726e43473738734674
[296:926][280503] (connection.cc:1824): Conn[35227000CRWS|S|0|1|p|56]: Sent STUN BINDING request, id=465739374352444644314d66, use_candidate=0, nomination=1
[296:982][280503] (connection.cc:1702): Conn[35227000CRWI|S|0|1|p|56]: Received STUN BINDING response, id=465739374352444644314d66, code=0, rtt=56876 us, pings_since_last_response=465739374352444644314d66 
[297:733][329491] (rtp_streams_synchronizer2.cc:136): Sync info stats: 6964003, {ssrc: 1233186867, cur_delay: 110 ms} {ssrc: 3992556228, cur_delay: 92868 us} {relative_delay_ms: 26} 
[297:768][280503] (connection.cc:634): Conn[2192b000CRxS|-|0|0|p|94]: Received STUN BINDING request, id=5365344c70704d664f6a652f
[297:769][280503] (connection.cc:957): Conn[2192b000CRxS|-|0|0|p|94]: Sent STUN BINDING response, to=160.250.77.x:37348, writable=0, id=5365344c70704d664f6a652f
[298:224][280503] (connection.cc:957): Conn[35227000CRWS|S|0|1|p|56]: Sent STUN BINDING response, to=14.238.152.x:43559, writable=1, id=7056675149774b3436727346
[299:431][280503] (connection.cc:1824): Conn[35227000CRWS|S|0|1|p|56]: Sent STUN BINDING request, id=72494167692f394777715a51, use_candidate=0, nomination=1
[299:450][203099] (overuse_frame_detector.cc:645): CheckForOveruse: encode usage 10 overuse detections 0 rampup delay 10000 action AdaptUp
[299:488][280503] (connection.cc:1702): Conn[35227000CRWI|S|0|1|p|56]: Received STUN BINDING response, id=72494167692f394777715a51, code=0, rtt=57376 us, pings_since_last_response=72494167692f394777715a51 
[300:215][329491] (rtp_video_stream_receiver2.cc:1449): Packet received on SSRC: 3992556228 with payload type: 35, timestamp: 1383471706, sequence number: 47583, arrival time: 6966478555 us, abs send time: 5699442
[300:693][329491] (webrtc_video_engine.cc:2519): VideoSendStream stats: 6966963, {input_fps: 20.0, encode_fps: 20, encode_ms: 4, encode_usage_perc: 10, target_bps: 900000, media_bps: 863784, suspended: false, bw_adapted_res: false, cpu_adapted_res: false, bw_adapted_fps: false, cpu_adapted_fps: false, #cpu_adaptations: 0, #quality_adaptations: 0} {ssrc: 860390162, type: media, width: 720, height: 404, key: 2, delta: 5831, total_bps: 885352, retransmit_bps: 0, avg_delay_ms: 15, max_delay_ms: 18, cum_loss: 18, max_ext_seq: 36556, nack: 21, fir: 0, pli: 0}
[300:693][329491] (webrtc_video_engine.cc:1690): Call stats: 6966963, {send_bw_bps: 1908000, recv_bw_bps: 0, max_pad_bps: 0, pacer_delay_ms: 0, rtt_ms: 50}
[300:693][329491] (webrtc_video_engine.cc:3974): VideoReceiveStreamInterface stats: 6966963, {ssrc: 3992556228, total_bps: 896336, frameWidth: 720, frameHeight: 404, key: 2, delta: 5823, framesAssembledFromMultiplePackets: 5823, framesDecoded: 5823, framesDropped: 0, network_fps: 20, decode_fps: 20, render_fps: 20, decode_ms: 3, max_decode_ms: 3, first_frame_received_to_decoded_ms: 20, current_delay_ms: 92, target_delay_ms: 79, jitter_delay_ms: 79, totalAssemblyTime: 21.1628, jitterBufferDelay: 582.124, jitterBufferTargetDelay: 564.021, jitterBufferEmittedCount: 5823, jitterBufferMinimumDelay: 131.008, totalDecodeTime: 15.9157, totalProcessingDelay: 598.43, min_playout_delay_ms: 88, sync_offset_ms: 35, cum_loss: 16, nackCount: 10, firCount: 0, pliCount: 0}
[300:733][280503] (connection.cc:957): Conn[35227000CRWS|S|0|1|p|56]: Sent STUN BINDING response, to=14.238.152.x:43559, writable=1, id=467954766168684446467778
[301:281][329491] (bitrate_allocator.cc:500): Current BWE 1908000
[301:770][329491] (remote_ntp_time_estimator.cc:94): RTP timestamp: 1383611116 in NTP clock: 3998689943266 estimated time in receiver NTP clock: 3998689943269
[301:935][280503] (connection.cc:1824): Conn[35227000CRWS|S|0|1|p|56]: Sent STUN BINDING request, id=564250684f57496b68653464, use_candidate=0, nomination=1
[301:983][280503] (connection.cc:1702): Conn[35227000CRWI|S|0|1|p|56]: Received STUN BINDING response, id=564250684f57496b68653464, code=0, rtt=47866 us, pings_since_last_response=564250684f57496b68653464 
[303:234][280503] (connection.cc:957): Conn[35227000CRWS|S|0|1|p|54]: Sent STUN BINDING response, to=14.238.152.x:43559, writable=1, id=32306e6e485968714b6f5349
[304:440][280503] (connection.cc:1824): Conn[35227000CRWS|S|0|1|p|54]: Sent STUN BINDING request, id=4266633169355a6d4b334e62, use_candidate=0, nomination=1
[304:452][331547] (overuse_frame_detector.cc:645): CheckForOveruse: encode usage 9 overuse detections 0 rampup delay 10000 action NoAction
[304:498][280503] (connection.cc:1702): Conn[35227000CRWI|S|0|1|p|54]: Received STUN BINDING response, id=4266633169355a6d4b334e62, code=0, rtt=57860 us, pings_since_last_response=4266633169355a6d4b334e62 
[304:931][275219] (audio_device_buffer.cc:471): [REC : 10469msec, 48kHz] callbacks: 1046, samples: 502080, rate: 47959, rate diff: 0%, level: 10265
[304:931][275219] (audio_device_buffer.cc:497): [PLAY: 10469msec, 48kHz] callbacks: 1046, samples: 502080, rate: 47959, rate diff: 0%, level: 8615
[305:747][280503] (connection.cc:957): Conn[35227000CRWS|S|0|1|p|55]: Sent STUN BINDING response, to=14.238.152.x:43559, writable=1, id=724c374345794e427866522f
[306:833][329491] (bitrate_allocator.cc:500): Current BWE 1908000
[306:944][280503] (connection.cc:1824): Conn[35227000CRWS|S|0|1|p|55]: Sent STUN BINDING request, id=54505249546c424e2b577768, use_candidate=0, nomination=1
[306:993][280503] (connection.cc:1702): Conn[35227000CRWI|S|0|1|p|55]: Received STUN BINDING response, id=54505249546c424e2b577768, code=0, rtt=49120 us, pings_since_last_response=54505249546c424e2b577768 
[308:263][280503] (connection.cc:957): Conn[35227000CRWS|S|0|1|p|54]: Sent STUN BINDING response, to=14.238.152.x:43559, writable=1, id=4247413837726c4c45527265
[308:732][329491] (rtp_streams_synchronizer2.cc:136): Sync info stats: 6975002, {ssrc: 1233186867, cur_delay: 105 ms} {ssrc: 3992556228, cur_delay: 89197 us} {relative_delay_ms: 30} 
[308:770][330451] (video_stream_encoder.cc:1715): Number of frames: captured 1200, dropped (due to congestion window pushback) 0, dropped (due to encoder blocked) 0, interval_ms 60000
[309:165][284123] (overuse_frame_detector.cc:645): CheckForOveruse: encode usage 9 overuse detections 0 rampup delay 10000 action NoAction
[309:452][280503] (connection.cc:1824): Conn[35227000CRWS|S|0|1|p|54]: Sent STUN BINDING request, id=64304c3637725a6533674f2f, use_candidate=0, nomination=1
[309:502][280503] (connection.cc:1702): Conn[35227000CRWI|S|0|1|p|54]: Received STUN BINDING response, id=64304c3637725a6533674f2f, code=0, rtt=50089 us, pings_since_last_response=64304c3637725a6533674f2f 
[310:276][329491] (rtp_video_stream_receiver2.cc:1449): Packet received on SSRC: 3992556228 with payload type: 35, timestamp: 1384376026, sequence number: 48596, arrival time: 6976539794 us, abs send time: 8334195
[310:728][329491] (webrtc_video_engine.cc:2519): VideoSendStream stats: 6976998, {input_fps: 20.0, encode_fps: 20, encode_ms: 4, encode_usage_perc: 9, target_bps: 900000, media_bps: 883000, suspended: false, bw_adapted_res: false, cpu_adapted_res: false, bw_adapted_fps: false, cpu_adapted_fps: false, #cpu_adaptations: 0, #quality_adaptations: 0} {ssrc: 860390162, type: media, width: 720, height: 404, key: 2, delta: 6032, total_bps: 871552, retransmit_bps: 0, avg_delay_ms: 15, max_delay_ms: 17, cum_loss: 18, max_ext_seq: 37630, nack: 21, fir: 0, pli: 0}
[310:728][329491] (webrtc_video_engine.cc:1690): Call stats: 6976998, {send_bw_bps: 1908000, recv_bw_bps: 0, max_pad_bps: 0, pacer_delay_ms: 0, rtt_ms: 47}
[310:728][329491] (webrtc_video_engine.cc:3974): VideoReceiveStreamInterface stats: 6976998, {ssrc: 3992556228, total_bps: 881152, frameWidth: 720, frameHeight: 404, key: 2, delta: 6024, framesAssembledFromMultiplePackets: 6024, framesDecoded: 6024, framesDropped: 0, network_fps: 20, decode_fps: 20, render_fps: 20, decode_ms: 2, max_decode_ms: 3, first_frame_received_to_decoded_ms: 20, current_delay_ms: 89, target_delay_ms: 76, jitter_delay_ms: 76, totalAssemblyTime: 21.9108, jitterBufferDelay: 599.886, jitterBufferTargetDelay: 580.307, jitterBufferEmittedCount: 6024, jitterBufferMinimumDelay: 147.294, totalDecodeTime: 16.4597, totalProcessingDelay: 616.749, min_playout_delay_ms: 88, sync_offset_ms: 26, cum_loss: 16, nackCount: 10, firCount: 0, pliCount: 0}
[310:757][280503] (connection.cc:957): Conn[35227000CRWS|S|0|1|p|53]: Sent STUN BINDING response, to=14.238.152.x:43559, writable=1, id=49433050744e50316a496651
[311:773][329491] (remote_ntp_time_estimator.cc:94): RTP timestamp: 1384511026 in NTP clock: 3998689953265 estimated time in receiver NTP clock: 3998689953270
[311:959][280503] (connection.cc:1824): Conn[35227000CRWS|S|0|1|p|53]: Sent STUN BINDING request, id=6e3038336b5853717151335a, use_candidate=0, nomination=1
[312:007][280503] (connection.cc:1702): Conn[35227000CRWI|S|0|1|p|53]: Received STUN BINDING response, id=6e3038336b5853717151335a, code=0, rtt=48243 us, pings_since_last_response=6e3038336b5853717151335a 
[312:658][329491] (bitrate_allocator.cc:500): Current BWE 1908000
[313:269][280503] (connection.cc:957): Conn[35227000CRWS|S|0|1|p|52]: Sent STUN BINDING response, to=14.238.152.x:43559, writable=1, id=443868666171425072783173
[314:151][275219] (overuse_frame_detector.cc:645): CheckForOveruse: encode usage 9 overuse detections 0 rampup delay 10000 action AdaptUp
[314:463][280503] (connection.cc:1824): Conn[35227000CRWS|S|0|1|p|52]: Sent STUN BINDING request, id=766c7033653176674c41306e, use_candidate=0, nomination=1
[314:548][280503] (connection.cc:1702): Conn[35227000CRWI|S|0|1|p|52]: Received STUN BINDING response, id=766c7033653176674c41306e, code=0, rtt=85334 us, pings_since_last_response=766c7033653176674c41306e 
[314:935][330451] (audio_device_buffer.cc:471): [REC : 10004msec, 48kHz] callbacks: 1000, samples: 480000, rate: 47981, rate diff: 0%, level: 8880
[314:935][330451] (audio_device_buffer.cc:497): [PLAY: 10004msec, 48kHz] callbacks: 1000, samples: 480000, rate: 47981, rate diff: 0%, level: 12435
[315:777][280503] (connection.cc:957): Conn[35227000CRWS|S|0|1|p|60]: Sent STUN BINDING response, to=14.238.152.x:43559, writable=1, id=6938464845476145766d3777
[316:967][280503] (connection.cc:1824): Conn[35227000CRWS|S|0|1|p|60]: Sent STUN BINDING request, id=75414d646a2b382b55657257, use_candidate=0, nomination=1
[317:022][280503] (connection.cc:1702): Conn[35227000CRWI|S|0|1|p|60]: Received STUN BINDING response, id=75414d646a2b382b55657257, code=0, rtt=54958 us, pings_since_last_response=75414d646a2b382b55657257 
[318:281][280503] (connection.cc:957): Conn[35227000CRWS|S|0|1|p|59]: Sent STUN BINDING response, to=14.238.152.x:43559, writable=1, id=425759504b64743968764669
[318:974][329491] (bitrate_allocator.cc:500): Current BWE 1908000
[319:262][330451] (overuse_frame_detector.cc:645): CheckForOveruse: encode usage 9 overuse detections 0 rampup delay 10000 action NoAction
[319:473][280503] (connection.cc:1824): Conn[35227000CRWS|S|0|1|p|59]: Sent STUN BINDING request, id=4742767a6a454d6659767374, use_candidate=0, nomination=1
[319:534][280503] (connection.cc:1702): Conn[35227000CRWI|S|0|1|p|59]: Received STUN BINDING response, id=4742767a6a454d6659767374, code=0, rtt=60510 us, pings_since_last_response=4742767a6a454d6659767374 
[319:731][329491] (rtp_streams_synchronizer2.cc:136): Sync info stats: 6986001, {ssrc: 1233186867, cur_delay: 161 ms} {ssrc: 3992556228, cur_delay: 175824 us} {relative_delay_ms: 33} 
[320:281][329491] (rtp_video_stream_receiver2.cc:1449): Packet received on SSRC: 3992556228 with payload type: 35, timestamp: 1385275936, sequence number: 49613, arrival time: 6986544906 us, abs send time: 10955196
[320:731][329491] (video_receive_stream2.cc:1099): Multiple playout delays set. Actual delay value set to 72 ms frame min delay=<unset> base min delay=0 us sync min delay=72 ms
[320:755][329491] (webrtc_video_engine.cc:2519): VideoSendStream stats: 6987026, {input_fps: 20.0, encode_fps: 20, encode_ms: 5, encode_usage_perc: 9, target_bps: 900000, media_bps: 876064, suspended: false, bw_adapted_res: false, cpu_adapted_res: false, bw_adapted_fps: false, cpu_adapted_fps: false, #cpu_adaptations: 0, #quality_adaptations: 0} {ssrc: 860390162, type: media, width: 720, height: 404, key: 2, delta: 6232, total_bps: 892448, retransmit_bps: 0, avg_delay_ms: 15, max_delay_ms: 17, cum_loss: 18, max_ext_seq: 38632, nack: 21, fir: 0, pli: 0}
[320:755][329491] (webrtc_video_engine.cc:1690): Call stats: 6987026, {send_bw_bps: 1908000, recv_bw_bps: 0, max_pad_bps: 0, pacer_delay_ms: 0, rtt_ms: 56}
[320:755][329491] (webrtc_video_engine.cc:3974): VideoReceiveStreamInterface stats: 6987026, {ssrc: 3992556228, total_bps: 865280, frameWidth: 720, frameHeight: 404, key: 2, delta: 6224, framesAssembledFromMultiplePackets: 6223, framesDecoded: 6223, framesDropped: 0, network_fps: 20, decode_fps: 19, render_fps: 20, decode_ms: 2, max_decode_ms: 3, first_frame_received_to_decoded_ms: 20, current_delay_ms: 163, target_delay_ms: 163, jitter_delay_ms: 163, totalAssemblyTime: 22.9222, jitterBufferDelay: 618.936, jitterBufferTargetDelay: 602.419, jitterBufferEmittedCount: 6223, jitterBufferMinimumDelay: 169.406, totalDecodeTime: 17.0001, totalProcessingDelay: 636.354, min_playout_delay_ms: 88, sync_offset_ms: 50, cum_loss: 16, nackCount: 10, firCount: 0, pliCount: 0}
[320:793][280503] (connection.cc:957): Conn[35227000CRWS|S|0|1|p|59]: Sent STUN BINDING response, to=14.238.152.x:43559, writable=1, id=596d75426b31584e38724732
[321:817][329491] (remote_ntp_time_estimator.cc:94): RTP timestamp: 1385415346 in NTP clock: 3998689963313 estimated time in receiver NTP clock: 3998689963320
[321:977][280503] (connection.cc:1824): Conn[35227000CRWS|S|0|1|p|59]: Sent STUN BINDING request, id=744c6e324674446d476f684e, use_candidate=0, nomination=1
[322:037][280503] (connection.cc:1702): Conn[35227000CRWI|S|0|1|p|59]: Received STUN BINDING response, id=744c6e324674446d476f684e, code=0, rtt=59658 us, pings_since_last_response=744c6e324674446d476f684e 
[323:081][280503] (connection.cc:634): Conn[2192b000CRxS|-|0|0|p|94]: Received STUN BINDING request, id=794157592b414676442b587a
[323:081][280503] (connection.cc:957): Conn[2192b000CRxS|-|0|0|p|94]: Sent STUN BINDING response, to=160.250.77.x:37348, writable=0, id=794157592b414676442b587a
[323:551][280503] (connection.cc:957): Conn[35227000CRWS|S|0|1|p|59]: Sent STUN BINDING response, to=14.238.152.x:43559, writable=1, id=776d724d7357705137585a31
[324:460][275219] (overuse_frame_detector.cc:645): CheckForOveruse: encode usage 9 overuse detections 0 rampup delay 10000 action AdaptUp
[324:478][280503] (connection.cc:1824): Conn[35227000CRWS|S|0|1|p|59]: Sent STUN BINDING request, id=415746785366324a58673769, use_candidate=0, nomination=1
[324:527][280503] (connection.cc:1702): Conn[35227000CRWI|S|0|1|p|59]: Received STUN BINDING response, id=415746785366324a58673769, code=0, rtt=48843 us, pings_since_last_response=415746785366324a58673769 
[325:220][329491] (bitrate_allocator.cc:500): Current BWE 1908000
[325:334][275219] (audio_device_buffer.cc:471): [REC : 10398msec, 48kHz] callbacks: 1040, samples: 499200, rate: 48009, rate diff: 0%, level: 1811
[325:334][275219] (audio_device_buffer.cc:497): [PLAY: 10398msec, 48kHz] callbacks: 1040, samples: 499200, rate: 48009, rate diff: 0%, level: 7608
[325:732][329491] (video_receive_stream2.cc:1099): Multiple playout delays set. Actual delay value set to 55 ms frame min delay=<unset> base min delay=0 us sync min delay=55 ms
[326:058][280503] (connection.cc:957): Conn[35227000CRWS|S|0|1|p|57]: Sent STUN BINDING response, to=14.238.152.x:43559, writable=1, id=346c76335230417968455068
[326:985][280503] (connection.cc:1824): Conn[35227000CRWS|S|0|1|p|57]: Sent STUN BINDING request, id=384133523650524565645234, use_candidate=0, nomination=1
[327:041][280503] (connection.cc:1702): Conn[35227000CRWI|S|0|1|p|57]: Received STUN BINDING response, id=384133523650524565645234, code=0, rtt=56251 us, pings_since_last_response=384133523650524565645234 
[327:733][329491] (video_receive_stream2.cc:1099): Multiple playout delays set. Actual delay value set to 39 ms frame min delay=<unset> base min delay=0 us sync min delay=39 ms
[328:567][280503] (connection.cc:957): Conn[35227000CRWS|S|0|1|p|57]: Sent STUN BINDING response, to=14.238.152.x:43559, writable=1, id=6a78496d5a6655334a625930
[329:448][275219] (overuse_frame_detector.cc:645): CheckForOveruse: encode usage 9 overuse detections 0 rampup delay 10000 action NoAction
[329:492][280503] (connection.cc:1824): Conn[35227000CRWS|S|0|1|p|57]: Sent STUN BINDING request, id=6570656a71355a70344b4154, use_candidate=0, nomination=1
[329:543][280503] (connection.cc:1702): Conn[35227000CRWI|S|0|1|p|57]: Received STUN BINDING response, id=6570656a71355a70344b4154, code=0, rtt=50932 us, pings_since_last_response=6570656a71355a70344b4154 
[329:732][329491] (rtp_streams_synchronizer2.cc:136): Sync info stats: 6996002, {ssrc: 1233186867, cur_delay: 126 ms} {ssrc: 3992556228, cur_delay: 175115 us} {relative_delay_ms: 24} 
[329:732][329491] (rtp_streams_synchronizer2.cc:160): Sync delay stats: 6996002, {ssrc: 1233186867, target_delay_ms: 0} {ssrc: 3992556228, target_delay_ms: 23} 
[329:732][329491] (video_receive_stream2.cc:1099): Multiple playout delays set. Actual delay value set to 23 ms frame min delay=<unset> base min delay=0 us sync min delay=23 ms
[330:311][329491] (rtp_video_stream_receiver2.cc:1449): Packet received on SSRC: 3992556228 with payload type: 35, timestamp: 1386180256, sequence number: 50623, arrival time: 6996574150 us, abs send time: 13589129
[330:622][329491] (bitrate_allocator.cc:500): Current BWE 1908000
[330:785][329491] (webrtc_video_engine.cc:2519): VideoSendStream stats: 6997056, {input_fps: 20.0, encode_fps: 20, encode_ms: 5, encode_usage_perc: 9, target_bps: 900000, media_bps: 891816, suspended: false, bw_adapted_res: false, cpu_adapted_res: false, bw_adapted_fps: false, cpu_adapted_fps: false, #cpu_adaptations: 0, #quality_adaptations: 0} {ssrc: 860390162, type: media, width: 720, height: 404, key: 2, delta: 6433, total_bps: 876112, retransmit_bps: 0, avg_delay_ms: 15, max_delay_ms: 18, cum_loss: 18, max_ext_seq: 39664, nack: 21, fir: 0, pli: 0}
[330:785][329491] (webrtc_video_engine.cc:1690): Call stats: 6997056, {send_bw_bps: 1908000, recv_bw_bps: 0, max_pad_bps: 0, pacer_delay_ms: 0, rtt_ms: 52}
[330:787][329491] (webrtc_video_engine.cc:3974): VideoReceiveStreamInterface stats: 6997057, {ssrc: 3992556228, total_bps: 887344, frameWidth: 720, frameHeight: 404, key: 2, delta: 6425, framesAssembledFromMultiplePackets: 6424, framesDecoded: 6424, framesDropped: 0, network_fps: 20, decode_fps: 20, render_fps: 20, decode_ms: 3, max_decode_ms: 3, first_frame_received_to_decoded_ms: 20, current_delay_ms: 175, target_delay_ms: 162, jitter_delay_ms: 162, totalAssemblyTime: 23.7718, jitterBufferDelay: 652.732, jitterBufferTargetDelay: 635.032, jitterBufferEmittedCount: 6424, jitterBufferMinimumDelay: 202.019, totalDecodeTime: 17.5302, totalProcessingDelay: 670.694, min_playout_delay_ms: 23, sync_offset_ms: 89, cum_loss: 16, nackCount: 10, firCount: 0, pliCount: 0}
[331:072][280503] (connection.cc:957): Conn[35227000CRWS|S|0|1|p|55]: Sent STUN BINDING response, to=14.238.152.x:43559, writable=1, id=683767494f7453535877414e
[331:731][329491] (video_receive_stream2.cc:1099): Multiple playout delays set. Actual delay value set to 8 ms frame min delay=<unset> base min delay=0 us sync min delay=8 ms
[331:821][329491] (remote_ntp_time_estimator.cc:94): RTP timestamp: 1386315256 in NTP clock: 3998689973312 estimated time in receiver NTP clock: 3998689973317
[331:996][280503] (connection.cc:1824): Conn[35227000CRWS|S|0|1|p|55]: Sent STUN BINDING request, id=61425653654464797861344c, use_candidate=0, nomination=1
[332:053][280503] (connection.cc:1702): Conn[35227000CRWI|S|0|1|p|55]: Received STUN BINDING response, id=61425653654464797861344c, code=0, rtt=56803 us, pings_since_last_response=61425653654464797861344c 
[333:577][280503] (connection.cc:957): Conn[35227000CRWS|S|0|1|p|56]: Sent STUN BINDING response, to=14.238.152.x:43559, writable=1, id=686b4c776448516361383270
[334:445][275219] (overuse_frame_detector.cc:645): CheckForOveruse: encode usage 10 overuse detections 0 rampup delay 10000 action NoAction
[334:505][280503] (connection.cc:1824): Conn[35227000CRWS|S|0|1|p|56]: Sent STUN BINDING request, id=2b6844346d2b3838524c2f4c, use_candidate=0, nomination=1
[334:559][280503] (connection.cc:1702): Conn[35227000CRWI|S|0|1|p|56]: Received STUN BINDING response, id=2b6844346d2b3838524c2f4c, code=0, rtt=54652 us, pings_since_last_response=2b6844346d2b3838524c2f4c 
[335:382][259463] (audio_device_buffer.cc:471): [REC : 10048msec, 48kHz] callbacks: 1006, samples: 482880, rate: 48057, rate diff: 0%, level: 12503
[335:382][259463] (audio_device_buffer.cc:497): [PLAY: 10048msec, 48kHz] callbacks: 1006, samples: 482880, rate: 48057, rate diff: 0%, level: 16212
[335:933][329491] (bitrate_allocator.cc:500): Current BWE 1908000
[336:078][280503] (connection.cc:957): Conn[35227000CRWS|S|0|1|p|55]: Sent STUN BINDING response, to=14.238.152.x:43559, writable=1, id=335443532f4b655651546d43
[337:011][280503] (connection.cc:1824): Conn[35227000CRWS|S|0|1|p|55]: Sent STUN BINDING request, id=6e6a5565636345304456626d, use_candidate=0, nomination=1
[337:065][280503] (connection.cc:1702): Conn[35227000CRWI|S|0|1|p|55]: Received STUN BINDING response, id=6e6a5565636345304456626d, code=0, rtt=54289 us, pings_since_last_response=6e6a5565636345304456626d 
[338:619][280503] (connection.cc:957): Conn[35227000CRWS|S|0|1|p|55]: Sent STUN BINDING response, to=14.238.152.x:43559, writable=1, id=57546d66634b434b70637331
[339:264][331547] (overuse_frame_detector.cc:645): CheckForOveruse: encode usage 10 overuse detections 0 rampup delay 10000 action AdaptUp
[339:513][280503] (connection.cc:1824): Conn[35227000CRWS|S|0|1|p|55]: Sent STUN BINDING request, id=6d3968534d414668546a7431, use_candidate=0, nomination=1
[339:581][280503] (connection.cc:1702): Conn[35227000CRWI|S|0|1|p|55]: Received STUN BINDING response, id=6d3968534d414668546a7431, code=0, rtt=67653 us, pings_since_last_response=6d3968534d414668546a7431 
[339:732][329491] (rtp_streams_synchronizer2.cc:136): Sync info stats: 7006003, {ssrc: 1233186867, cur_delay: 117 ms} {ssrc: 3992556228, cur_delay: 176032 us} {relative_delay_ms: 26} 
[339:732][329491] (rtp_streams_synchronizer2.cc:160): Sync delay stats: 7006003, {ssrc: 1233186867, target_delay_ms: 62} {ssrc: 3992556228, target_delay_ms: 8} 
[340:311][329491] (rtp_video_stream_receiver2.cc:1449): Packet received on SSRC: 3992556228 with payload type: 35, timestamp: 1387080076, sequence number: 51634, arrival time: 7006574865 us, abs send time: 16209824
[340:823][329491] (webrtc_video_engine.cc:2519): VideoSendStream stats: 7007094, {input_fps: 20.0, encode_fps: 20, encode_ms: 5, encode_usage_perc: 10, target_bps: 900000, media_bps: 888264, suspended: false, bw_adapted_res: false, cpu_adapted_res: false, bw_adapted_fps: false, cpu_adapted_fps: false, #cpu_adaptations: 0, #quality_adaptations: 0} {ssrc: 860390162, type: media, width: 720, height: 404, key: 2, delta: 6634, total_bps: 861576, retransmit_bps: 0, avg_delay_ms: 15, max_delay_ms: 55, cum_loss: 18, max_ext_seq: 40703, nack: 21, fir: 0, pli: 0}
[340:823][329491] (webrtc_video_engine.cc:1690): Call stats: 7007094, {send_bw_bps: 1908000, recv_bw_bps: 0, max_pad_bps: 0, pacer_delay_ms: 0, rtt_ms: 69}
[340:823][329491] (webrtc_video_engine.cc:3974): VideoReceiveStreamInterface stats: 7007094, {ssrc: 3992556228, total_bps: 893384, frameWidth: 720, frameHeight: 404, key: 2, delta: 6626, framesAssembledFromMultiplePackets: 6624, framesDecoded: 6624, framesDropped: 0, network_fps: 20, decode_fps: 20, render_fps: 20, decode_ms: 3, max_decode_ms: 3, first_frame_received_to_decoded_ms: 20, current_delay_ms: 176, target_delay_ms: 163, jitter_delay_ms: 163, totalAssemblyTime: 24.9584, jitterBufferDelay: 686.542, jitterBufferTargetDelay: 667.497, jitterBufferEmittedCount: 6624, jitterBufferMinimumDelay: 234.484, totalDecodeTime: 18.0312, totalProcessingDelay: 705.016, min_playout_delay_ms: 8, sync_offset_ms: 89, cum_loss: 16, nackCount: 10, firCount: 0, pliCount: 0}
[341:093][280503] (connection.cc:957): Conn[35227000CRWS|S|0|1|p|58]: Sent STUN BINDING response, to=14.238.152.x:43559, writable=1, id=476771634236433962736935
[341:408][329491] (bitrate_allocator.cc:500): Current BWE 1908000
[341:872][329491] (remote_ntp_time_estimator.cc:94): RTP timestamp: 1387219576 in NTP clock: 3998689983360 estimated time in receiver NTP clock: 3998689983365
[342:021][280503] (connection.cc:1824): Conn[35227000CRWS|S|0|1|p|58]: Sent STUN BINDING request, id=5a72554c4d4d58426f5a2b74, use_candidate=0, nomination=1
[342:082][280503] (connection.cc:1702): Conn[35227000CRWI|S|0|1|p|58]: Received STUN BINDING response, id=5a72554c4d4d58426f5a2b74, code=0, rtt=61858 us, pings_since_last_response=5a72554c4d4d58426f5a2b74 
[343:089][330451] (video_render_frames.cc:75): Frame scheduled out of order, render_time=7009330, latest=7009365
[343:593][280503] (connection.cc:957): Conn[35227000CRWS|S|0|1|p|59]: Sent STUN BINDING response, to=14.238.152.x:43559, writable=1, id=79485277346b4b4a4c637544
[344:464][203099] (overuse_frame_detector.cc:645): CheckForOveruse: encode usage 10 overuse detections 0 rampup delay 10000 action NoAction
[344:524][280503] (connection.cc:1824): Conn[35227000CRWS|S|0|1|p|59]: Sent STUN BINDING request, id=4561454875305446594c784f, use_candidate=0, nomination=1
[344:584][280503] (connection.cc:1702): Conn[35227000CRWI|S|0|1|p|59]: Received STUN BINDING response, id=4561454875305446594c784f, code=0, rtt=60565 us, pings_since_last_response=4561454875305446594c784f 
[345:898][330451] (audio_device_buffer.cc:471): [REC : 10516msec, 48kHz] callbacks: 1050, samples: 504000, rate: 47927, rate diff: 0%, level: 15539
[345:898][330451] (audio_device_buffer.cc:497): [PLAY: 10516msec, 48kHz] callbacks: 1050, samples: 504000, rate: 47927, rate diff: 0%, level: 6890
[346:098][280503] (connection.cc:957): Conn[35227000CRWS|S|0|1|p|59]: Sent STUN BINDING response, to=14.238.152.x:43559, writable=1, id=685654433034715639766a71
[347:029][280503] (connection.cc:1824): Conn[35227000CRWS|S|0|1|p|59]: Sent STUN BINDING request, id=6c6a4a50304e6f7631713956, use_candidate=0, nomination=1
[347:080][280503] (connection.cc:1702): Conn[35227000CRWI|S|0|1|p|59]: Received STUN BINDING response, id=6c6a4a50304e6f7631713956, code=0, rtt=51536 us, pings_since_last_response=6c6a4a50304e6f7631713956 
[347:801][329491] (bitrate_allocator.cc:500): Current BWE 1908000
[348:387][280503] (connection.cc:634): Conn[2192b000CRxS|-|0|0|p|94]: Received STUN BINDING request, id=373450564551682f7a777875
[348:388][280503] (connection.cc:957): Conn[2192b000CRxS|-|0|0|p|94]: Sent STUN BINDING response, to=160.250.77.x:37348, writable=0, id=373450564551682f7a777875
[348:857][280503] (connection.cc:957): Conn[35227000CRWS|S|0|1|p|58]: Sent STUN BINDING response, to=14.238.152.x:43559, writable=1, id=64366e79757a627a4638412f
[349:449][331547] (overuse_frame_detector.cc:645): CheckForOveruse: encode usage 10 overuse detections 0 rampup delay 10000 action AdaptUp
[349:534][280503] (connection.cc:1824): Conn[35227000CRWS|S|0|1|p|58]: Sent STUN BINDING request, id=515674557666697461452b65, use_candidate=0, nomination=1
[349:586][280503] (connection.cc:1702): Conn[35227000CRWI|S|0|1|p|58]: Received STUN BINDING response, id=515674557666697461452b65, code=0, rtt=52416 us, pings_since_last_response=515674557666697461452b65 
[350:313][329491] (rtp_video_stream_receiver2.cc:1449): Packet received on SSRC: 3992556228 with payload type: 35, timestamp: 1387979986, sequence number: 52648, arrival time: 7016576942 us, abs send time: 2053955
[350:731][329491] (rtp_streams_synchronizer2.cc:136): Sync info stats: 7017002, {ssrc: 1233186867, cur_delay: 140 ms} {ssrc: 3992556228, cur_delay: 115917 us} {relative_delay_ms: 38} 
[350:858][329491] (webrtc_video_engine.cc:2519): VideoSendStream stats: 7017129, {input_fps: 20.0, encode_fps: 20, encode_ms: 4, encode_usage_perc: 10, target_bps: 900000, media_bps: 839680, suspended: false, bw_adapted_res: false, cpu_adapted_res: false, bw_adapted_fps: false, cpu_adapted_fps: false, #cpu_adaptations: 0, #quality_adaptations: 0} {ssrc: 860390162, type: media, width: 720, height: 404, key: 2, delta: 6834, total_bps: 886200, retransmit_bps: 0, avg_delay_ms: 15, max_delay_ms: 17, cum_loss: 18, max_ext_seq: 41712, nack: 21, fir: 0, pli: 0}
[350:858][329491] (webrtc_video_engine.cc:1690): Call stats: 7017129, {send_bw_bps: 1908000, recv_bw_bps: 0, max_pad_bps: 0, pacer_delay_ms: 0, rtt_ms: 59}
[350:859][329491] (webrtc_video_engine.cc:3974): VideoReceiveStreamInterface stats: 7017129, {ssrc: 3992556228, total_bps: 894992, frameWidth: 720, frameHeight: 404, key: 2, delta: 6826, framesAssembledFromMultiplePackets: 6826, framesDecoded: 6826, framesDropped: 0, network_fps: 20, decode_fps: 19, render_fps: 19, decode_ms: 2, max_decode_ms: 3, first_frame_received_to_decoded_ms: 20, current_delay_ms: 109, target_delay_ms: 103, jitter_delay_ms: 103, totalAssemblyTime: 25.9776, jitterBufferDelay: 708.014, jitterBufferTargetDelay: 687.739, jitterBufferEmittedCount: 6826, jitterBufferMinimumDelay: 254.726, totalDecodeTime: 18.4915, totalProcessingDelay: 726.961, min_playout_delay_ms: 8, sync_offset_ms: 4, cum_loss: 16, nackCount: 10, firCount: 0, pliCount: 0}
[351:365][280503] (connection.cc:957): Conn[35227000CRWS|S|0|1|p|56]: Sent STUN BINDING response, to=14.238.152.x:43559, writable=1, id=4c4667642f43414d70675030
[351:913][329491] (remote_ntp_time_estimator.cc:94): RTP timestamp: 1388123896 in NTP clock: 3998689993408 estimated time in receiver NTP clock: 3998689993403
[352:041][280503] (connection.cc:1824): Conn[35227000CRWS|S|0|1|p|56]: Sent STUN BINDING request, id=61646862654f2b7541593255, use_candidate=0, nomination=1
[352:112][280503] (connection.cc:1702): Conn[35227000CRWI|S|0|1|p|56]: Received STUN BINDING response, id=61646862654f2b7541593255, code=0, rtt=70242 us, pings_since_last_response=61646862654f2b7541593255 
[353:559][329491] (bitrate_allocator.cc:500): Current BWE 1908000
[353:869][280503] (connection.cc:957): Conn[35227000CRWS|S|0|1|p|60]: Sent STUN BINDING response, to=14.238.152.x:43559, writable=1, id=5654454f786a6c6a39456549
[354:450][259463] (overuse_frame_detector.cc:645): CheckForOveruse: encode usage 10 overuse detections 0 rampup delay 10000 action NoAction
[354:546][280503] (connection.cc:1824): Conn[35227000CRWS|S|0|1|p|60]: Sent STUN BINDING request, id=45383357575663412f785934, use_candidate=0, nomination=1
[354:598][280503] (connection.cc:1702): Conn[35227000CRWI|S|0|1|p|60]: Received STUN BINDING response, id=45383357575663412f785934, code=0, rtt=52441 us, pings_since_last_response=45383357575663412f785934 
[355:932][331547] (audio_device_buffer.cc:471): [REC : 10035msec, 48kHz] callbacks: 1004, samples: 481920, rate: 48024, rate diff: 0%, level: 13219
[355:932][331547] (audio_device_buffer.cc:497): [PLAY: 10035msec, 48kHz] callbacks: 1004, samples: 481920, rate: 48024, rate diff: 0%, level: 4307
[356:372][280503] (connection.cc:957): Conn[35227000CRWS|S|0|1|p|58]: Sent STUN BINDING response, to=14.238.152.x:43559, writable=1, id=766d624238482f582b327653
[357:052][280503] (connection.cc:1824): Conn[35227000CRWS|S|0|1|p|58]: Sent STUN BINDING request, id=51594b736a36354538687333, use_candidate=0, nomination=1
[357:116][280503] (connection.cc:1702): Conn[35227000CRWI|S|0|1|p|58]: Received STUN BINDING response, id=51594b736a36354538687333, code=0, rtt=63741 us, pings_since_last_response=51594b736a36354538687333 
[357:473][331547] (video_render_frames.cc:75): Frame scheduled out of order, render_time=7023724, latest=7023751
[358:879][280503] (connection.cc:957): Conn[35227000CRWS|S|0|1|p|59]: Sent STUN BINDING response, to=14.238.152.x:43559, writable=1, id=30345661437a4e38344c2f58
[359:142][203099] (overuse_frame_detector.cc:645): CheckForOveruse: encode usage 10 overuse detections 0 rampup delay 10000 action NoAction
[359:557][280503] (connection.cc:1824): Conn[35227000CRWS|S|0|1|p|59]: Sent STUN BINDING request, id=66694d744f684b7236624e4e, use_candidate=0, nomination=1
[359:612][280503] (connection.cc:1702): Conn[35227000CRWI|S|0|1|p|59]: Received STUN BINDING response, id=66694d744f684b7236624e4e, code=0, rtt=55255 us, pings_since_last_response=66694d744f684b7236624e4e 
[359:921][329491] (bitrate_allocator.cc:500): Current BWE 1908000
[360:356][329491] (rtp_video_stream_receiver2.cc:1449): Packet received on SSRC: 3992556228 with payload type: 35, timestamp: 1388884306, sequence number: 53659, arrival time: 7026619396 us, abs send time: 4688345
[360:878][329491] (webrtc_video_engine.cc:2519): VideoSendStream stats: 7027148, {input_fps: 20.0, encode_fps: 20, encode_ms: 4, encode_usage_perc: 10, target_bps: 900000, media_bps: 912904, suspended: false, bw_adapted_res: false, cpu_adapted_res: false, bw_adapted_fps: false, cpu_adapted_fps: false, #cpu_adaptations: 0, #quality_adaptations: 0} {ssrc: 860390162, type: media, width: 720, height: 404, key: 2, delta: 7035, total_bps: 907472, retransmit_bps: 0, avg_delay_ms: 15, max_delay_ms: 17, cum_loss: 18, max_ext_seq: 42631, nack: 21, fir: 0, pli: 0}
[360:878][329491] (webrtc_video_engine.cc:1690): Call stats: 7027148, {send_bw_bps: 1908000, recv_bw_bps: 0, max_pad_bps: 0, pacer_delay_ms: 0, rtt_ms: 68}
[360:878][329491] (webrtc_video_engine.cc:3974): VideoReceiveStreamInterface stats: 7027148, {ssrc: 3992556228, total_bps: 858576, frameWidth: 720, frameHeight: 404, key: 2, delta: 7027, framesAssembledFromMultiplePackets: 7028, framesDecoded: 7028, framesDropped: 0, network_fps: 20, decode_fps: 20, render_fps: 20, decode_ms: 3, max_decode_ms: 3, first_frame_received_to_decoded_ms: 20, current_delay_ms: 37, target_delay_ms: 25, jitter_delay_ms: 25, totalAssemblyTime: 27.0125, jitterBufferDelay: 724.867, jitterBufferTargetDelay: 702.995, jitterBufferEmittedCount: 7028, jitterBufferMinimumDelay: 269.982, totalDecodeTime: 19.051, totalProcessingDelay: 744.388, min_playout_delay_ms: 8, sync_offset_ms: -32, cum_loss: 16, nackCount: 10, firCount: 0, pliCount: 0}
[361:388][280503] (connection.cc:957): Conn[35227000CRWS|S|0|1|p|58]: Sent STUN BINDING response, to=14.238.152.x:43559, writable=1, id=6d78652b736e7855345a5561
[361:732][329491] (rtp_streams_synchronizer2.cc:136): Sync info stats: 7028003, {ssrc: 1233186867, cur_delay: 122 ms} {ssrc: 3992556228, cur_delay: 37910 us} {relative_delay_ms: 32} 
[361:962][329491] (remote_ntp_time_estimator.cc:94): RTP timestamp: 1389028306 in NTP clock: 3998690003457 estimated time in receiver NTP clock: 3998690003460
[362:061][280503] (connection.cc:1824): Conn[35227000CRWS|S|0|1|p|58]: Sent STUN BINDING request, id=4d31774e39657a4562737457, use_candidate=0, nomination=1
[362:158][280503] (connection.cc:1702): Conn[35227000CRWI|S|0|1|p|58]: Received STUN BINDING response, id=4d31774e39657a4562737457, code=0, rtt=97169 us, pings_since_last_response=4d31774e39657a4562737457 
[363:892][280503] (connection.cc:957): Conn[35227000CRWS|S|0|1|p|68]: Sent STUN BINDING response, to=14.238.152.x:43559, writable=1, id=5a792b72487256634a4e6333
[364:441][275219] (overuse_frame_detector.cc:645): CheckForOveruse: encode usage 9 overuse detections 0 rampup delay 10000 action AdaptUp
[364:567][280503] (connection.cc:1824): Conn[35227000CRWS|S|0|1|p|68]: Sent STUN BINDING request, id=5a6f65616659626378325744, use_candidate=0, nomination=1
[364:622][280503] (connection.cc:1702): Conn[35227000CRWI|S|0|1|p|68]: Received STUN BINDING response, id=5a6f65616659626378325744, code=0, rtt=55391 us, pings_since_last_response=5a6f65616659626378325744 
[365:480][280503] (srtp_session.cc:304): Failed to unprotect SRTCP packet, err=9
[365:480][280503] (srtp_transport.cc:132): Failed to unprotect RTCP packet: size=50, type=205, previous failure count: 0, srtp_active=true, writable=true  __BWE_TRACE__
[365:480][280503] (srtp_session.cc:304): Failed to unprotect SRTCP packet, err=9
[365:703][329491] (bitrate_allocator.cc:500): Current BWE 1908000
[366:241][275219] (audio_device_buffer.cc:471): [REC : 10309msec, 48kHz] callbacks: 1032, samples: 495360, rate: 48051, rate diff: 0%, level: 14696
[366:241][275219] (audio_device_buffer.cc:497): [PLAY: 10309msec, 48kHz] callbacks: 1032, samples: 495360, rate: 48051, rate diff: 0%, level: 32767
[366:403][280503] (connection.cc:957): Conn[35227000CRWS|S|0|1|p|65]: Sent STUN BINDING response, to=14.238.152.x:43559, writable=1, id=68356a63383756346c524677
[367:092][280503] (connection.cc:1824): Conn[35227000CRWS|S|0|1|p|65]: Sent STUN BINDING request, id=624642734c716b48714e6d7a, use_candidate=0, nomination=1
[367:146][280503] (connection.cc:1702): Conn[35227000CRWI|S|0|1|p|65]: Received STUN BINDING response, id=624642734c716b48714e6d7a, code=0, rtt=53573 us, pings_since_last_response=624642734c716b48714e6d7a 
[367:530][259] (RTCLogging.mm:34): (RTCAudioSession.mm:631 -[RTCAudioSession handleApplicationDidBecomeActive:]): Application became active after an interruption. Treating as interruption end. isInterrupted changed from 0 to 0.
[367:530][259] (audio_device_ios.mm:376): AudioDeviceIOS::OnInterruptionEnd
[367:531][329491] (RTCLogging.mm:34): (audio_device_ios.mm:578 HandleInterruptionEnd): Interruption ended. IsInterrupted changed from 0 to 0. Updating audio unit state.
[367:532][329491] (RTCLogging.mm:34): (audio_device_ios.mm:837 UpdateAudioUnit): Updating audio unit state. CanPlayOrRecord=1 IsInterrupted=0
[367:532][329491] (RTCLogging.mm:34): (audio_device_ios.mm:874 UpdateAudioUnit): VPAU state: Started
[368:813][330451] (video_stream_encoder.cc:1715): Number of frames: captured 1201, dropped (due to congestion window pushback) 0, dropped (due to encoder blocked) 0, interval_ms 60000
[368:910][280503] (connection.cc:957): Conn[35227000CRWS|S|0|1|p|62]: Sent STUN BINDING response, to=14.238.152.x:43559, writable=1, id=6a7873574153686b596c6638
[369:341][298803] (overuse_frame_detector.cc:645): CheckForOveruse: encode usage 9 overuse detections 0 rampup delay 10000 action NoAction
[369:524][280503] (dcsctp_transport.cc:637): DcSctpTransport0->OnIncomingStreamsReset(...): Incoming stream reset, sid=1
[369:524][228135] (RTCLogging.mm:34): (RTCCameraVideoCapturer.m:220 -[RTCCameraVideoCapturer stopCaptureWithCompletionHandler:]_block_invoke): Stop
[369:531][280503] (dcsctp_transport.cc:554): DcSctpTransport0->OnAborted(error=PEER_REPORTED, message=User-Initiated Abort, reason=Close called).
[369:531][280503] (openssl_adapter.cc:811): SSL negotiation finished successfully
[369:532][280503] (openssl_adapter.cc:811): SSL negotiation finished successfully
[369:532][280503] (dtls_transport.cc:1024): DtlsTransport[0|1|_W]: DTLS transport closed by remote
[369:532][280503] (jsep_transport_controller.cc:1222):  Transport 0 writability changed to 0.
[369:532][280503] (channel.cc:687): Channel not writable ({mid: 0, media_type: audio})
[369:532][280503] (channel.cc:687): Channel not writable ({mid: 1, media_type: video})
[369:532][280503] (srtp_transport.cc:255): The params in SRTP transport are reset.
[369:532][280503] (dtls_transport.cc:297): DTLS-STUN piggyback complete with success=0
[369:532][329227] (peer_connection.cc:2032): Changing IceConnectionState connected => disconnected
[369:565][329227] (peer_connection.cc:1945): PeerConnection close: 6590065330239080068
[369:566][329227] (sdp_offer_answer.cc:3264): Session: 6590065330239080068 Old state: stable New state: closed
[369:566][329491] (webrtc_voice_engine.cc:2532): WRVMC::SetOutputVolume({ssrc=1233186867}, {volume=0.00})
[369:566][329491] (webrtc_voice_engine.cc:2542): WRVMC::SetOutputVolume => (stream with SSRC 1233186867 now uses volume 0.00)
[369:566][329491] (webrtc_video_engine.cc:1550): SetVideoSend (ssrc= 860390162, options: nullptr, source = nullptr)
[369:566][329491] (webrtc_video_engine.cc:3196): SetSink: ssrc:3992556228 nullptr
[369:566][280503] (peer_connection.cc:2785): Tearing down data channel transport for mid=2
[369:566][280503] (connection.cc:1027): Conn[2192b000CRxS|-|0|0|p|94]: Connection destroy
[369:566][280503] (connection.cc:1027): Conn[35227000CRWS|S|0|1|p|62]: Connection destroy
[369:566][280503] (basic_port_allocator.cc:1460): [539c95e0]Net[pdp_ip0:100.81.44.x/32:Cellular:id=3] Clear
[369:567][280503] (turn_port.cc:1947): TurnPort(Port[52480500:0:1:0:relay:Net[pdp_ip0:100.81.44.x/32:Cellular:id=3]]-Remote[14.238.62.98:3478/udp]: TURN refresh request sent, id=61585676536152734c375a46 with lifetime = 0
[369:567][280503] (turn_port.cc:1262): TurnPort(Port[52480500:0:1:0:relay:Net[pdp_ip0:100.81.44.x/32:Cellular:id=3]]-Remote[14.238.62.98:3478/udp]: TurnPort::Release
[369:567][280503] (turn_port.cc:1947): TurnPort(Port[52480000:0:1:0:relay:Net[pdp_ip0:100.81.44.x/32:Cellular:id=3]]-Remote[160.250.77.139:3478/udp]: TURN refresh request sent, id=6d336357754c454c72726c5a with lifetime = 0
[369:567][280503] (turn_port.cc:1262): TurnPort(Port[52480000:0:1:0:relay:Net[pdp_ip0:100.81.44.x/32:Cellular:id=3]]-Remote[160.250.77.139:3478/udp]: TurnPort::Release
[369:567][280503] (turn_port.cc:1947): TurnPort(Port[52480a00:0:1:0:relay:Net[pdp_ip0:100.81.44.x/32:Cellular:id=3]]-Remote[14.238.161.90:3478/udp]: TURN refresh request sent, id=3655356e4f3857334c754874 with lifetime = 0
[369:567][280503] (turn_port.cc:1262): TurnPort(Port[52480a00:0:1:0:relay:Net[pdp_ip0:100.81.44.x/32:Cellular:id=3]]-Remote[14.238.161.90:3478/udp]: TurnPort::Release
[369:568][329491] (channel.cc:646): Channel disabled: {mid: 1, media_type: video}
[369:572][329491] (receive_statistics_proxy.cc:412): WebRTC.Video.ReceiveStreamLifetimeInSeconds 361
Frames decoded 7202
WebRTC.Video.DroppedFrames.Receiver 0
WebRTC.Video.ReceivedPacketsLostInPercent 0
WebRTC.Video.DecodedFramesPerSecond 20
WebRTC.Video.RenderFramesPerSecond 20
WebRTC.Video.AVSyncOffsetInMs 26
WebRTC.Video.RtpToNtpFreqOffsetInKhz periodic_samples:8, {min:0, avg:0, max:0}
WebRTC.Video.KeyFramesReceivedInPermille 0
WebRTC.Video.DecodeTimeInMs 2
WebRTC.Video.JitterBufferDelayInMs 38
WebRTC.Video.TargetDelayInMs 98
WebRTC.Video.CurrentDelayInMs 110
WebRTC.Video.EndToEndDelayInMs 158
WebRTC.Video.EndToEndDelayMaxInMs 247
WebRTC.Video.InterframeDelayInMs 49
WebRTC.Video.InterframeDelayMaxInMs 132
WebRTC.Video.InterframeDelay95PercentileInMs 52
WebRTC.Video.ReceivedWidthInPixels 720
WebRTC.Video.ReceivedHeightInPixels 404
WebRTC.Video.MediaBitrateReceivedInKbps 854

[369:572][329491] (video_quality_observer2.cc:140): WebRTC.Video.MeanTimeBetweenFreezesMs 359989
WebRTC.Video.TimeInHdPercentage 0
WebRTC.Video.TimeInBlockyVideoPercentage 0
WebRTC.Video.NumberResolutionDownswitchesPerMinute 0
WebRTC.Video.NumberFreezesPerMinute 0
WebRTC.Video.HarmonicFrameRate 20

[369:572][329491] (video_render_frames.cc:50): WebRTC.Video.DroppedFrames.RenderQueue 2
[369:572][329491] (video_receive_stream2.cc:313): ~VideoReceiveStream2: {decoders: [{payload_type: 35, payload_name: H265, codec_params: {level-id: 123, profile-id: 1, tier-flag: 0, tx-mode: SRST}}, {payload_type: 96, payload_name: H264, codec_params: {level-asymmetry-allowed: 1, packetization-mode: 1, profile-level-id: 640c29}}, {payload_type: 98, payload_name: H264, codec_params: {level-asymmetry-allowed: 1, packetization-mode: 1, profile-level-id: 42e029}}, {payload_type: 100, payload_name: VP8, codec_params: {}}], rtp: {remote_ssrc: 3992556228, rtcp_mode: RtcpMode::kCompound, rtcp_xr: {receiver_reference_time_report: off}, lntf: {enabled: false}, nack: {rtp_history_ms: 1000}, ulpfec_payload_type: 107, red_type: 103, rtx_ssrc: 4098728860, rtx_payload_types: {36 (pt) -> 35 (apt), 97 (pt) -> 96 (apt), 99 (pt) -> 98 (apt), 101 (pt) -> 100 (apt), 104 (pt) -> 103 (apt), }, raw_payload_types: {}}, renderer: (renderer), render_delay_ms: 10, sync_group: stream_US43EGOIN7G}
[369:573][329491] (corruption_classifier.cc:27): Calculating corruption probability using scale factor.
[369:573][329491] (video_receive_stream2.cc:273): VideoReceiveStream2: {decoders: [{payload_type: 35, payload_name: H265, codec_params: {level-id: 123, profile-id: 1, tier-flag: 0, tx-mode: SRST}}, {payload_type: 96, payload_name: H264, codec_params: {level-asymmetry-allowed: 1, packetization-mode: 1, profile-level-id: 640c29}}, {payload_type: 98, payload_name: H264, codec_params: {level-asymmetry-allowed: 1, packetization-mode: 1, profile-level-id: 42e029}}, {payload_type: 100, payload_name: VP8, codec_params: {}}], rtp: {remote_ssrc: 3992556228, rtcp_mode: RtcpMode::kCompound, rtcp_xr: {receiver_reference_time_report: off}, lntf: {enabled: false}, nack: {rtp_history_ms: 1000}, ulpfec_payload_type: 107, red_type: 103, rtx_ssrc: 4098728860, rtx_payload_types: {36 (pt) -> 35 (apt), 97 (pt) -> 96 (apt), 99 (pt) -> 98 (apt), 101 (pt) -> 100 (apt), 104 (pt) -> 103 (apt), }, raw_payload_types: {}}, renderer: (renderer), render_delay_ms: 10, sync_group: stream_US43EGOIN7G}
[369:573][329491] (video_send_stream_impl.cc:750): VideoSendStreamImpl::Stop
[369:573][329491] (bitrate_allocator.cc:727): UpdateAllocationLimits : total_requested_min_bitrate: 54400 bps, total_requested_padding_bitrate: 0 bps, total_requested_max_bitrate: 54400 bps
[369:573][329491] (channel.cc:1085): Changing video state, recv=0 send=0 for {mid: 1, media_type: video}
[369:573][314899] (video_stream_encoder.cc:2602): Video suspend state changed to: suspended
[369:573][329491] (video_receive_stream2.cc:313): ~VideoReceiveStream2: {decoders: [{payload_type: 35, payload_name: H265, codec_params: {level-id: 123, profile-id: 1, tier-flag: 0, tx-mode: SRST}}, {payload_type: 96, payload_name: H264, codec_params: {level-asymmetry-allowed: 1, packetization-mode: 1, profile-level-id: 640c29}}, {payload_type: 98, payload_name: H264, codec_params: {level-asymmetry-allowed: 1, packetization-mode: 1, profile-level-id: 42e029}}, {payload_type: 100, payload_name: VP8, codec_params: {}}], rtp: {remote_ssrc: 3992556228, rtcp_mode: RtcpMode::kCompound, rtcp_xr: {receiver_reference_time_report: off}, lntf: {enabled: false}, nack: {rtp_history_ms: 1000}, ulpfec_payload_type: 107, red_type: 103, rtx_ssrc: 4098728860, rtx_payload_types: {36 (pt) -> 35 (apt), 97 (pt) -> 96 (apt), 99 (pt) -> 98 (apt), 101 (pt) -> 100 (apt), 104 (pt) -> 103 (apt), }, raw_payload_types: {}}, renderer: (renderer), render_delay_ms: 10, sync_group: stream_US43EGOIN7G}
[369:573][314899] (resource_adaptation_processor.cc:140): Removing resource "EncoderUsageResource".
[369:573][314899] (resource_adaptation_processor.cc:140): Removing resource "BandwidthQualityScalerResource".
[369:606][329491] (video_send_stream_impl.cc:750): VideoSendStreamImpl::Stop
[369:606][329491] (video_send_stream_impl.cc:582): ~VideoSendStreamImpl: {encoder_settings: { experiment_cpu_load_estimator: off}}, rtp: {ssrcs: [860390162], rids: [], mid: '1', rtcp_mode: RtcpMode::kReducedSize, max_packet_size: 1200, extmap-allow-mixed: true, extensions: [{uri: http://www.ietf.org/id/draft-holmer-rmcat-transport-wide-cc-extensions-01, id: 3}, {uri: http://www.webrtc.org/experiments/rtp-hdrext/abs-send-time, id: 2}, {uri: http://www.webrtc.org/experiments/rtp-hdrext/color-space, id: 8}, {uri: http://www.webrtc.org/experiments/rtp-hdrext/playout-delay, id: 5}, {uri: http://www.webrtc.org/experiments/rtp-hdrext/video-content-type, id: 6}, {uri: http://www.webrtc.org/experiments/rtp-hdrext/video-timing, id: 7}, {uri: urn:3gpp:video-orientation, id: 13}, {uri: urn:ietf:params:rtp-hdrext:sdes:mid, id: 4}, {uri: urn:ietf:params:rtp-hdrext:sdes:repaired-rtp-stream-id, id: 11}, {uri: urn:ietf:params:rtp-hdrext:sdes:rtp-stream-id, id: 10}], lntf: {enabled: false}, nack: {rtp_history_ms: 1000}, ulpfec: {ulpfec_payload_type: 107, red_payload_type: 103, red_rtx_payload_type: 104}, payload_name: H265, payload_type: 35, raw_payload: false, stream_configs: [{ssrc: 860390162, rid: , payload_name: H265, payload_type: 35, raw_payload: false, rtx: {ssrc: 2832255577, payload_type: 36}}], flexfec: {payload_type: -1, ssrc: 0, protected_media_ssrcs: []}, rtx: {ssrcs: [2832255577], payload_type: 36}, c_name: xFtKJUxjP0UB6Faf}, rtcp_report_interval_ms: 1000, send_transport: (Transport), render_delay_ms: 0, target_delay_ms: 0, suspend_below_min_bitrate: off}
[369:606][329491] (send_statistics_proxy.cc:808): WebRTC.Video.InputWidthInPixels 720
WebRTC.Video.InputHeightInPixels 404
WebRTC.Video.InputFramesPerSecond periodic_samples:180, {min:20, avg:20, max:20}
WebRTC.Video.SentWidthInPixels 720
WebRTC.Video.SentHeightInPixels 404
WebRTC.Video.SentFramesPerSecond periodic_samples:180, {min:20, avg:20, max:21}
WebRTC.Video.SentToInputFpsRatioPercent 100
WebRTC.Video.EncodeTimeInMs 5
WebRTC.Video.KeyFramesSentInPermille 0
WebRTC.Video.SentPacketsLostInPercent 0
WebRTC.Video.NumberOfPauseEvents 0
WebRTC.Video.PausedTimeInPercent 0
WebRTC.Video.BitrateSentInBps periodic_samples:180, {min:819280, avg:877632, max:919352}
WebRTC.Video.MediaBitrateSentInBps periodic_samples:180, {min:788136, avg:855992, max:898912}
WebRTC.Video.PaddingBitrateSentInBps periodic_samples:180, {min:0, avg:16, max:3064}
WebRTC.Video.RetransmittedBitrateSentInBps periodic_samples:180, {min:0, avg:1016, max:36568}
WebRTC.Video.RtxBitrateSentInBps periodic_samples:180, {min:0, avg:1080, max:36568}
WebRTC.Video.FecBitrateSentInBps periodic_samples:180, {min:0, avg:0, max:0}
Frames encoded 7210
WebRTC.Video.DroppedFrames.Capturer 0
WebRTC.Video.DroppedFrames.BadTimestamp0
WebRTC.Video.DroppedFrames.EncoderQueue 6
WebRTC.Video.DroppedFrames.Encoder 0
WebRTC.Video.DroppedFrames.Ratelimiter 0
WebRTC.Video.DroppedFrames.CongestionWindow 0
[369:606][329491] (channel.cc:646): Channel disabled: {mid: 0, media_type: audio}
[369:606][329491] (audio_receive_stream.cc:205): AudioReceiveStreamImpl::Stop: 1233186867
[369:606][329491] (audio_device_ios.mm:268): AudioDeviceIOS::StopPlayout
[369:606][329491] (RTCLogging.mm:34): (audio_device_ios.mm:292 StopPlayout): Average number of playout callbacks between glitches: 100000
[369:606][329491] (audio_device_buffer.cc:170): total playout time: 360978
[369:606][329491] (audio_send_stream.cc:388): AudioSendStream::Stop: 964315844
[369:606][329491] (bitrate_allocator.cc:727): UpdateAllocationLimits : total_requested_min_bitrate: 0 bps, total_requested_padding_bitrate: 0 bps, total_requested_max_bitrate: 0 bps
[369:606][329491] (audio_device_ios.mm:330): AudioDeviceIOS::StopRecording
[369:606][329491] (audio_device_ios.mm:1027): AudioDeviceIOS::ShutdownPlayOrRecord
[369:606][329491] (RTCLogging.mm:34): (voice_processing_audio_unit.mm:400 Stop): Stopping audio unit.
[369:621][329491] (RTCLogging.mm:34): (voice_processing_audio_unit.mm:407 Stop): Stopped audio unit
[369:621][329491] (RTCLogging.mm:34): (voice_processing_audio_unit.mm:416 Uninitialize): Unintializing audio unit.
[369:639][329491] (RTCLogging.mm:34): (voice_processing_audio_unit.mm:423 Uninitialize): Uninitialized audio unit.
[369:639][329491] (RTCLogging.mm:34): (voice_processing_audio_unit.mm:561 DisposeAudioUnit): Disposing audio unit.
[369:698][228135] (RTCLogging.mm:34): (RTCCameraVideoCapturer.m:405 -[RTCCameraVideoCapturer handleCaptureSessionDidStopRunning:]): Capture session stopped.
[369:710][329491] (RTCLogging.mm:34): (RTCAudioSession.mm:242 -[RTCAudioSession removeDelegate:]): Removing delegate: (0x124089fc0)
[369:710][329491] (RTCLogging.mm:34): (audio_device_ios.mm:964 UnconfigureAudioSession): Unconfiguring audio session.
[369:710][329491] (RTCLogging.mm:34): (RTCAudioSession.mm:804 -[RTCAudioSession unconfigureWebRTCSession:]): Unconfiguring audio session for WebRTC.
[369:710][329491] (RTCLogging.mm:34): (RTCAudioSession.mm:685 -[RTCAudioSession decrementActivationCount]): Decrementing activation count.
[369:710][329491] (RTCLogging.mm:34): (RTCAudioSession.mm:419 -[RTCAudioSession setActive:error:]): Number of current activations: 2
[369:710][329491] (RTCLogging.mm:34): (audio_device_ios.mm:976 UnconfigureAudioSession): Unconfigured audio session.
[369:710][329491] (audio_device_buffer.cc:200): HISTOGRAM(WebRTC.Audio.RecordedOnlyZeros): 0
[369:710][329491] (audio_device_buffer.cc:203): total recording time: 360709
[369:710][329491] (channel.cc:916): Changing voice state, recv=0 send=0 for {mid: 0, media_type: audio}
[369:710][329491] (webrtc_voice_engine.cc:2480): RemoveRecvStream: 1233186867
[369:710][329491] (audio_receive_stream.cc:146): ~AudioReceiveStreamImpl: 1233186867
[369:710][329491] (webrtc_voice_engine.cc:1651): RemoveSendStream: 964315844
[369:710][329491] (call.cc:1215): UpdateAggregateNetworkState: aggregate_state change to down
[369:710][329491] (pacing_controller.cc:114): PacedSender paused.
[369:710][329491] (control_handler.cc:65): Bitrate estimate state changed, BWE: 1908 kbps.
[369:710][329491] (audio_send_stream.cc:185): ~AudioSendStream: 964315844
[369:710][329491] (send_delay_stats.cc:57): WebRTC.Video.SendDelayInMs, periodic_samples:180, {min:0, avg:0, max:1}
[369:710][329491] (call.cc:630): WebRTC.Call.EstimatedSendBitrateInKbps, periodic_samples:180, {min:1500, avg:1906, max:1908}
[369:710][329491] (call.cc:638): WebRTC.Call.PacerBitrateInKbps, periodic_samples:180, {min:1500, avg:1906, max:1908}
[369:710][329491] (call.cc:578): WebRTC.Call.VideoBitrateReceivedInBps, periodic_samples:179, {min:792880, avg:875128, max:941984}
[369:710][329491] (call.cc:586): WebRTC.Call.AudioBitrateReceivedInBps, periodic_samples:180, {min:32152, avg:41744, max:44936}
[369:710][329491] (call.cc:594): WebRTC.Call.RtcpBitrateReceivedInBps, periodic_samples:180, {min:5248, avg:6416, max:7136}
[369:710][329491] (call.cc:602): WebRTC.Call.BitrateReceivedInBps, periodic_samples:180, {min:668696, avg:922224, max:961352}
[369:713][259] (RTCLogging.mm:34): (RTCAudioSession.mm:557 -[RTCAudioSession handleRouteChangeNotification:]): Audio route changed:
[369:713][259] (RTCLogging.mm:34): (RTCAudioSession.mm:573 -[RTCAudioSession handleRouteChangeNotification:]): Audio route changed: Override
[369:713][259] (RTCLogging.mm:34): (RTCAudioSession.mm:590 -[RTCAudioSession handleRouteChangeNotification:]): Previous route: <AVAudioSessionRouteDescription: 0x128238b90, 
inputs = (
    "<AVAudioSessionPortDescription: 0x128239370, type = MicrophoneBuiltIn; name = Micr\U00f4 c\U1ee7a iPhone; UID = Built-In Microphone; selectedDataSource = Ph\U00eda tr\U01b0\U1edbc>"
); 
outputs = (
    "<AVAudioSessionPortDescription: 0x128239750, type = Speaker; name = Loa ngo\U00e0i; UID = Speaker; selectedDataSource = (null)>"
)>
Current route:<AVAudioSessionRouteDescription: 0x1282398d0, 
inputs = (
    "<AVAudioSessionPortDescription: 0x128239870, type = MicrophoneBuiltIn; name = Micr\U00f4 c\U1ee7a iPhone; UID = Built-In Microphone; selectedDataSource = D\U01b0\U1edbi c\U00f9ng>"
); 
outputs = (
    "<AVAudioSessionPortDescription: 0x128239930, type = Speaker; name = Loa ngo\U00e0i; UID = Speaker; selectedDataSource = (null)>"
)>
[369:715][329491] (webrtc_voice_engine.cc:560): WebRtcVoiceEngine::Terminate
[369:715][329491] (audio_device_ios.mm:268): AudioDeviceIOS::StopPlayout
[369:715][329491] (audio_device_ios.mm:330): AudioDeviceIOS::StopRecording
[369:715][329491] (audio_device_ios.mm:179): AudioDeviceIOS::Terminate
[369:715][329491] (audio_device_ios.mm:268): AudioDeviceIOS::StopPlayout
[369:715][329491] (audio_device_ios.mm:330): AudioDeviceIOS::StopRecording
