[000:000][14611] (RTCLogging.mm:34): (RTCAudioSession.mm:680 -[RTCAudioSession incrementActivationCount]): Incrementing activation count.
[000:000][14611] (RTCLogging.mm:34): (RTCAudioSession.mm:419 -[RTCAudioSession setActive:error:]): Number of current activations: 1
[000:245][19203] (RTCConfiguration.mm:304): Don't have configured cert.
[000:256][110607] (peer_connection_factory.cc:398): Using default network controller factory
[000:257][110607] (bitrate_prober.cc:54): Bandwidth probing enabled, set to inactive
[000:261][110607] (cpu_info.cc:77): Available number of cores: 6
[000:267][110607] (transport_sequence_number_feedback_generator.cc:52): Maximum interval between transport feedback RTCP messages: 250 ms
[000:267][110607] (aimd_rate_control.cc:114): Using aimd rate control with back off factor 0.9
[000:267][110607] (remote_bitrate_estimator_single_stream.cc:59): RemoteBitrateEstimatorSingleStream: Instantiating.
[000:270][101171] (peer_connection.cc:659): PeerConnection create with session: 8408536852214850148
[000:271][106843] (peer_connection.cc:2377): TCP candidates are disabled.
[000:271][106843] (peer_connection.cc:2407): InitializePortAllocator port_allocator: old=10, new=16714, maxIpv6: 5, candidateFilter: 6
[000:272][106843] (basic_port_allocator.cc:271): BasicPortAllocatorSession[3a59b800] () component:0 u/p=bVsH/v9Dio7i1qBfuKPSV18GQzCr8
[000:272][106843] (basic_port_allocator.cc:375): Start getting ports with turn_port_prune_policy 0
[000:272][110607] (webrtc_voice_engine.cc:522): WebRtcVoiceEngine::Init
[000:272][110607] (audio_device_buffer.cc:75): AudioDeviceBuffer::ctor
[000:273][106843] (basic_port_allocator.cc:1011): 3a59b800 OnNetworksChanged start
[000:273][106843] (basic_port_allocator.cc:711): Count of networks: 4
[000:273][106843] (basic_port_allocator.cc:713): Net[pdp_ip0:2402:800:5d8c:x:x:x:x:x/64:Cellular:id=4]
[000:273][106843] (basic_port_allocator.cc:713): Net[pdp_ip0:21.74.162.x/32:Cellular:id=3]
[000:273][106843] (basic_port_allocator.cc:713): Net[lo0:0:0:0:x:x:x:x:x/128:Loopback:id=2]
[000:273][106843] (basic_port_allocator.cc:713): Net[lo0:127.0.0.x/8:Loopback:id=1]
[000:273][106843] (basic_port_allocator.cc:125): Filtered out ignored networks:
[000:273][106843] (basic_port_allocator.cc:127): Net[lo0:0:0:0:x:x:x:x:x/128:Loopback:id=2]
[000:273][106843] (basic_port_allocator.cc:127): Net[lo0:127.0.0.x/8:Loopback:id=1]
[000:274][106843] (basic_port_allocator.cc:1030): 3a59b800 OnNetworksChanged end with network_start: 0 ,allocation_started = 0, failed_networks = 0
[000:274][106843] (basic_port_allocator.cc:1045): 3a59b800 Network manager has started
[000:274][106843] (basic_port_allocator.cc:669): 3a59b800 OnAllocate allocation_epoch = 0 network_start: 1 ,allocation_started = 0
[000:274][106843] (basic_port_allocator.cc:711): Count of networks: 4
[000:274][106843] (basic_port_allocator.cc:713): Net[pdp_ip0:2402:800:5d8c:x:x:x:x:x/64:Cellular:id=4]
[000:274][106843] (basic_port_allocator.cc:713): Net[pdp_ip0:21.74.162.x/32:Cellular:id=3]
[000:274][106843] (basic_port_allocator.cc:713): Net[lo0:0:0:0:x:x:x:x:x/128:Loopback:id=2]
[000:274][106843] (basic_port_allocator.cc:713): Net[lo0:127.0.0.x/8:Loopback:id=1]
[000:274][106843] (basic_port_allocator.cc:125): Filtered out ignored networks:
[000:274][106843] (basic_port_allocator.cc:127): Net[lo0:0:0:0:x:x:x:x:x/128:Loopback:id=2]
[000:274][106843] (basic_port_allocator.cc:127): Net[lo0:127.0.0.x/8:Loopback:id=1]
[000:274][110607] (audio_device_ios.mm:126): AudioDeviceIOS::ctor<NSThread: 0x1210bff80>{number = 39, name = (null)},bypass_voice_processing=0
[000:274][110607] (audio_device_ios.mm:144): AudioDeviceIOS::AttachAudioBuffer
[000:274][110607] (audio_device_ios.mm:151): AudioDeviceIOS::Init
[000:274][110607] (audio_device_ios.mm:741): AudioDeviceIOS::UpdateAudioDevicebuffer
[000:274][110607] (audio_device_buffer.cc:213): SetPlayoutSampleRate(48000)
[000:274][110607] (audio_device_buffer.cc:233): SetPlayoutChannels(1)
[000:274][110607] (audio_device_buffer.cc:207): SetRecordingSampleRate(48000)
[000:274][110607] (audio_device_buffer.cc:227): SetRecordingChannels(1)
[000:275][110607] (audio_device_ios.mm:1134): SetPlayoutDevice: Not implemented
[000:275][110607] (audio_device_ios.mm:1195): SetStereoPlayout: Not implemented
[000:275][110607] (audio_device_module_ios.mm:390): stereo playout is not supported
[000:275][110607] (adm_helpers.cc:57): Failed to set stereo playout mode.
[000:275][110607] (audio_device_ios.mm:1244): SetRecordingDevice: Not implemented
[000:275][110607] (adm_helpers.cc:77): Failed to set stereo recording mode.
[000:274][106843] (basic_port_allocator.cc:934): BasicPortAllocatorSession[3a59b800] Allocate ports on pdp_ip0 pdp_ip0  with allocation: 0, ports: 0, relay_count_success: 0, has_wifi: 0, max_total_probe_packet: 20, max_probe: 5
[000:275][106843] (basic_port_allocator.cc:1434): AllocationSequence[441f1dc0] khoi tao with network: Net[pdp_ip0:21.74.162.x/32:Cellular:id=3] with max_probe: 5
[000:275][110607] (webrtc_voice_engine.cc:606): WebRtcVoiceEngine::ApplyOptions: AudioOptions {aec: 1, agc: 1, ns: 0, hf: 1, swap: 0, audio_jitter_buffer_max_packets: 200, audio_jitter_buffer_fast_accelerate: 0, audio_jitter_buffer_min_delay_ms: 0, }
[000:275][110607] (webrtc_voice_engine.cc:621): Always disable AEC on iOS. Use built-in instead.
[000:275][110607] (webrtc_voice_engine.cc:629): Always disable AGC on iOS. Use built-in instead.
[000:276][106843] (basic_port_allocator.cc:1434): AllocationSequence[441f01c0] khoi tao with network: Net[pdp_ip0:2402:800:5d8c:x:x:x:x:x/64:Cellular:id=4] with max_probe: 5
[000:276][106843] (basic_port_allocator.cc:1576): AllocationSequence[441f1dc0]Net[pdp_ip0:21.74.162.x/32:Cellular:id=3]: Allocation Phase=Udp
[000:276][106843] (port.cc:130): Port[43f08e00::1:0:host:Net[pdp_ip0:21.74.162.x/32:Cellular:id=3]]: Port created with network cost 900
[000:276][106843] (basic_port_allocator.cc:1068): Adding Candidate allocated port for UDPPort(Port[43f08e00::1:0:host:Net[pdp_ip0:21.74.162.x/32:Cellular:id=3]]) with name
[000:276][106843] (basic_port_allocator.cc:1093): UDPPort(Port[43f08e00::0:0:host:Net[pdp_ip0:21.74.162.x/32:Cellular:id=3]]): Added port to allocator
[000:276][106843] (basic_port_allocator.cc:1110): UDPPort(Port[43f08e00::0:0:host:Net[pdp_ip0:21.74.162.x/32:Cellular:id=3]]): Gathered candidate: Cand[:1161134110:0:udp:2122194688:21.74.162.x:50264:host::0:bVsH:v9Dio7i1qBfuKPSV18GQzCr8:3:900:0]
[000:276][106843] (basic_port_allocator.cc:1143): UDPPort(Port[43f08e00::0:0:host:Net[pdp_ip0:21.74.162.x/32:Cellular:id=3]]): Port ready.
[000:276][106843] (basic_port_allocator.cc:1152): OnCandidateReady: UDPPort(Port[43f08e00::0:0:host:Net[pdp_ip0:21.74.162.x/32:Cellular:id=3]]): s:1 with candidates:1
[000:276][106843] (basic_port_allocator.cc:1259): UDPPort(Port[43f08e00::0:0:host:Net[pdp_ip0:21.74.162.x/32:Cellular:id=3]]): Port completed gathering candidates.
[000:276][106843] (basic_port_allocator.cc:1576): AllocationSequence[441f01c0]Net[pdp_ip0:2402:800:5d8c:x:x:x:x:x/64:Cellular:id=4]: Allocation Phase=Udp
[000:276][106843] (port.cc:130): Port[43f0a300::1:0:host:Net[pdp_ip0:2402:800:5d8c:x:x:x:x:x/64:Cellular:id=4]]: Port created with network cost 900
[000:276][106843] (basic_port_allocator.cc:1068): Adding Candidate allocated port for UDPPort(Port[43f0a300::1:0:host:Net[pdp_ip0:2402:800:5d8c:x:x:x:x:x/64:Cellular:id=4]]) with name
[000:276][106843] (basic_port_allocator.cc:1093): UDPPort(Port[43f0a300::0:0:host:Net[pdp_ip0:2402:800:5d8c:x:x:x:x:x/64:Cellular:id=4]]): Added port to allocator
[000:276][106843] (basic_port_allocator.cc:1110): UDPPort(Port[43f0a300::0:0:host:Net[pdp_ip0:2402:800:5d8c:x:x:x:x:x/64:Cellular:id=4]]): Gathered candidate: Cand[:1132392885:0:udp:2122262784:[2402:800:5d8c:x:x:x:x:x]:59690:host::0:bVsH:v9Dio7i1qBfuKPSV18GQzCr8:4:900:0]
[000:276][106843] (basic_port_allocator.cc:1143): UDPPort(Port[43f0a300::0:0:host:Net[pdp_ip0:2402:800:5d8c:x:x:x:x:x/64:Cellular:id=4]]): Port ready.
[000:276][106843] (basic_port_allocator.cc:1152): OnCandidateReady: UDPPort(Port[43f0a300::0:0:host:Net[pdp_ip0:2402:800:5d8c:x:x:x:x:x/64:Cellular:id=4]]): s:1 with candidates:1
[000:276][106843] (basic_port_allocator.cc:1259): UDPPort(Port[43f0a300::0:0:host:Net[pdp_ip0:2402:800:5d8c:x:x:x:x:x/64:Cellular:id=4]]): Port completed gathering candidates.
[000:276][110607] (audio_processing_impl.cc:680): AudioProcessing::ApplyConfig: AudioProcessing::Config{ pipeline: { maximum_internal_processing_rate: 32000, multi_channel_render: 1, multi_channel_capture: 1 }, pre_amplifier: { enabled: 0, fixed_gain_factor: 1 },capture_level_adjustment: { enabled: 0, pre_gain_factor: 1, post_gain_factor: 1, analog_mic_gain_emulation: { enabled: 0, initial_level: 255 }}, high_pass_filter: { enabled: 1 }, echo_canceller: { enabled: 0, enforce_high_pass_filtering: 1 }, noise_suppression: { enabled: 0, level: High }, transient_suppression: { enabled: 0 }, gain_controller1: { enabled: 0, mode: FixedDigital, target_level_dbfs: 3, compression_gain_db: 9, enable_limiter: 1, analog_gain_controller { enabled: 1, startup_min_volume: 0, clipped_level_min: 70, enable_digital_adaptive: 1, clipped_level_step: 15, clipped_ratio_threshold: 0.1, clipped_wait_frames: 300, clipping_predictor:  { enabled: 0, mode: 0, window_length: 5, reference_window_length: 5, reference_window_delay: 5, clipping_threshold: -1, crest_factor_margin: 3, use_predicted_step: 1 }}}, gain_controller2: { enabled: 0, fixed_digital: { gain_db: 0 }, adaptive_digital: { enabled: 0, headroom_db: 5, max_gain_db: 50, initial_gain_db: 15, max_gain_change_db_per_second: 6, max_output_noise_level_dbfs: -50 }, input_volume_control : { enabled 0}}
[000:278][101171] (sdp_offer_answer.cc:1546): SdpOfferAnswerHandler::Initialize.
[000:284][106843] (openssl_key_pair.cc:36): Making key pair
[000:287][106843] (openssl_key_pair.cc:89): Returning key pair
[000:287][106843] (boringssl_certificate.cc:186): Making certificate for WebRTC
[000:290][106843] (boringssl_certificate.cc:242): Returning certificate
[000:292][19203] (sctp_data_channel.cc:387): DataChannelObserver - adapter needed
[000:292][259] (RTCLogging.mm:34): (RTCAudioSession.mm:888 -[RTCAudioSession observeValueForKeyPath:ofObject:change:context:]): OutputVolumeDidChange to 0.500000
[000:293][259] (RTCLogging.mm:34): (RTCAudioSession.mm:557 -[RTCAudioSession handleRouteChangeNotification:]): Audio route changed:
[000:293][259] (RTCLogging.mm:34): (RTCAudioSession.mm:570 -[RTCAudioSession handleRouteChangeNotification:]): Audio route changed: CategoryChange to :AVAudioSessionCategoryPlayAndRecord
[000:294][259] (RTCLogging.mm:34): (RTCAudioSession.mm:590 -[RTCAudioSession handleRouteChangeNotification:]): Previous route: <AVAudioSessionRouteDescription: 0x150a312d0, 
inputs = (
); 
outputs = (
    "<AVAudioSessionPortDescription: 0x150a312e0, type = Speaker; name = Loa ngo\U00e0i; UID = Speaker; selectedDataSource = (null)>"
)>
Current route:<AVAudioSessionRouteDescription: 0x150a32490, 
inputs = (
    "<AVAudioSessionPortDescription: 0x150a324a0, type = MicrophoneBuiltIn; name = Micr\U00f4 c\U1ee7a iPhone; UID = Built-In Microphone; selectedDataSource = D\U01b0\U1edbi c\U00f9ng>"
); 
outputs = (
    "<AVAudioSessionPortDescription: 0x150a32510, type = Receiver; name = Thi\U1ebft b\U1ecb nh\U1eadn; UID = Built-In Receiver; selectedDataSource = (null)>"
)>
[000:296][101171] (rtp_transmission_manager.cc:242): Adding audio transceiver in response to a call to AddTrack.
[000:297][110607] (webrtc_voice_engine.cc:1304): Setting voice channel options: AudioOptions {audio_jitter_buffer_max_packets: 200, audio_jitter_buffer_fast_accelerate: 0, audio_jitter_buffer_min_delay_ms: 0, }
[000:297][110607] (webrtc_voice_engine.cc:606): WebRtcVoiceEngine::ApplyOptions: AudioOptions {audio_jitter_buffer_max_packets: 200, audio_jitter_buffer_fast_accelerate: 0, audio_jitter_buffer_min_delay_ms: 0, }
[000:297][110607] (webrtc_voice_engine.cc:621): Always disable AEC on iOS. Use built-in instead.
[000:297][110607] (webrtc_voice_engine.cc:629): Always disable AGC on iOS. Use built-in instead.
[000:297][110607] (audio_processing_impl.cc:680): AudioProcessing::ApplyConfig: AudioProcessing::Config{ pipeline: { maximum_internal_processing_rate: 32000, multi_channel_render: 1, multi_channel_capture: 1 }, pre_amplifier: { enabled: 0, fixed_gain_factor: 1 },capture_level_adjustment: { enabled: 0, pre_gain_factor: 1, post_gain_factor: 1, analog_mic_gain_emulation: { enabled: 0, initial_level: 255 }}, high_pass_filter: { enabled: 1 }, echo_canceller: { enabled: 0, enforce_high_pass_filtering: 1 }, noise_suppression: { enabled: 0, level: High }, transient_suppression: { enabled: 0 }, gain_controller1: { enabled: 0, mode: FixedDigital, target_level_dbfs: 3, compression_gain_db: 9, enable_limiter: 1, analog_gain_controller { enabled: 1, startup_min_volume: 0, clipped_level_min: 70, enable_digital_adaptive: 1, clipped_level_step: 15, clipped_ratio_threshold: 0.1, clipped_wait_frames: 300, clipping_predictor:  { enabled: 0, mode: 0, window_length: 5, reference_window_length: 5, reference_window_delay: 5, clipping_threshold: -1, crest_factor_margin: 3, use_predicted_step: 1 }}}, gain_controller2: { enabled: 0, fixed_digital: { gain_db: 0 }, adaptive_digital: { enabled: 0, headroom_db: 5, max_gain_db: 50, initial_gain_db: 15, max_gain_change_db_per_second: 6, max_output_noise_level_dbfs: -50 }, input_volume_control : { enabled 0}}
[000:297][110607] (webrtc_voice_engine.cc:1318): Set voice send channel options. Current options: AudioOptions {audio_jitter_buffer_max_packets: 200, audio_jitter_buffer_fast_accelerate: 0, audio_jitter_buffer_min_delay_ms: 0, }
[000:297][110607] (webrtc_voice_engine.cc:2264): Setting voice channel options: AudioOptions {audio_jitter_buffer_max_packets: 200, audio_jitter_buffer_fast_accelerate: 0, audio_jitter_buffer_min_delay_ms: 0, }
[000:297][110607] (webrtc_voice_engine.cc:606): WebRtcVoiceEngine::ApplyOptions: AudioOptions {audio_jitter_buffer_max_packets: 200, audio_jitter_buffer_fast_accelerate: 0, audio_jitter_buffer_min_delay_ms: 0, }
[000:297][110607] (webrtc_voice_engine.cc:621): Always disable AEC on iOS. Use built-in instead.
[000:297][110607] (webrtc_voice_engine.cc:629): Always disable AGC on iOS. Use built-in instead.
[000:297][110607] (audio_processing_impl.cc:680): AudioProcessing::ApplyConfig: AudioProcessing::Config{ pipeline: { maximum_internal_processing_rate: 32000, multi_channel_render: 1, multi_channel_capture: 1 }, pre_amplifier: { enabled: 0, fixed_gain_factor: 1 },capture_level_adjustment: { enabled: 0, pre_gain_factor: 1, post_gain_factor: 1, analog_mic_gain_emulation: { enabled: 0, initial_level: 255 }}, high_pass_filter: { enabled: 1 }, echo_canceller: { enabled: 0, enforce_high_pass_filtering: 1 }, noise_suppression: { enabled: 0, level: High }, transient_suppression: { enabled: 0 }, gain_controller1: { enabled: 0, mode: FixedDigital, target_level_dbfs: 3, compression_gain_db: 9, enable_limiter: 1, analog_gain_controller { enabled: 1, startup_min_volume: 0, clipped_level_min: 70, enable_digital_adaptive: 1, clipped_level_step: 15, clipped_ratio_threshold: 0.1, clipped_wait_frames: 300, clipping_predictor:  { enabled: 0, mode: 0, window_length: 5, reference_window_length: 5, reference_window_delay: 5, clipping_threshold: -1, crest_factor_margin: 3, use_predicted_step: 1 }}}, gain_controller2: { enabled: 0, fixed_digital: { gain_db: 0 }, adaptive_digital: { enabled: 0, headroom_db: 5, max_gain_db: 50, initial_gain_db: 15, max_gain_change_db_per_second: 6, max_output_noise_level_dbfs: -50 }, input_volume_control : { enabled 0}}
[000:297][110607] (webrtc_voice_engine.cc:2294): Set voice receive channel options. Current options: AudioOptions {audio_jitter_buffer_max_packets: 200, audio_jitter_buffer_fast_accelerate: 0, audio_jitter_buffer_min_delay_ms: 0, }
[000:302][19203] (RTCLogging.mm:34): (RTCDtmfSender.mm:78 -[RTCDtmfSender initWithNativeDtmfSender:]): RTC_OBJC_TYPE(RTCDtmfSender)(0x150a32480): created DTMF sender: RTC_OBJC_TYPE(RTCDtmfSender) {
  remainingTones: 
  duration: 0.100000 sec
  interToneGap: 0.050000 sec
}
[000:302][19203] (RTCLogging.mm:34): (RTCRtpSender.mm:141 -[RTCRtpSender initWithFactory:nativeRtpSender:]): RTC_OBJC_TYPE(RTCRtpSender)(0x150a5acc0): created sender: RTC_OBJC_TYPE(RTCRtpSender) {
  senderId: audio_UGCU5AF4MTE
}
[000:302][19203] (RTCLogging.mm:34): (RTCDtmfSender.mm:78 -[RTCDtmfSender initWithNativeDtmfSender:]): RTC_OBJC_TYPE(RTCDtmfSender)(0x150a324a0): created DTMF sender: RTC_OBJC_TYPE(RTCDtmfSender) {
  remainingTones: 
  duration: 0.100000 sec
  interToneGap: 0.050000 sec
}
[000:302][19203] (RTCLogging.mm:34): (RTCRtpSender.mm:141 -[RTCRtpSender initWithFactory:nativeRtpSender:]): RTC_OBJC_TYPE(RTCRtpSender)(0x150a5acc0): created sender: RTC_OBJC_TYPE(RTCRtpSender) {
  senderId: audio_UGCU5AF4MTE
}
[000:302][19203] (RTCLogging.mm:34): (RTCRtpReceiver.mm:150 -[RTCRtpReceiver initWithFactory:nativeRtpReceiver:]): RTC_OBJC_TYPE(RTCRtpReceiver)(0x1210c25e0): created receiver: RTC_OBJC_TYPE(RTCRtpReceiver) {
  receiverId: 008468af-1ca3-4f54-9a08-7adde86a9f69
}
[000:302][19203] (RTCLogging.mm:34): (RTCRtpTransceiver.mm:257 -[RTCRtpTransceiver initWithFactory:nativeRtpTransceiver:]): RTC_OBJC_TYPE(RTCRtpTransceiver)(0x1210c2610): created transceiver: RTC_OBJC_TYPE(RTCRtpTransceiver) {
  sender: RTC_OBJC_TYPE(RTCRtpSender) {
  senderId: audio_UGCU5AF4MTE
}
  receiver: RTC_OBJC_TYPE(RTCRtpReceiver) {
  receiverId: 008468af-1ca3-4f54-9a08-7adde86a9f69
}
}
[000:303][19203] (RTCLogging.mm:34): (RTCDtmfSender.mm:78 -[RTCDtmfSender initWithNativeDtmfSender:]): RTC_OBJC_TYPE(RTCDtmfSender)(0x150a324b0): created DTMF sender: RTC_OBJC_TYPE(RTCDtmfSender) {
  remainingTones: 
  duration: 0.100000 sec
  interToneGap: 0.050000 sec
}
[000:303][19203] (RTCLogging.mm:34): (RTCRtpSender.mm:141 -[RTCRtpSender initWithFactory:nativeRtpSender:]): RTC_OBJC_TYPE(RTCRtpSender)(0x150a5b620): created sender: RTC_OBJC_TYPE(RTCRtpSender) {
  senderId: audio_UGCU5AF4MTE
}
[000:303][19203] (RTCLogging.mm:34): (RTCRtpReceiver.mm:150 -[RTCRtpReceiver initWithFactory:nativeRtpReceiver:]): RTC_OBJC_TYPE(RTCRtpReceiver)(0x1210c2d90): created receiver: RTC_OBJC_TYPE(RTCRtpReceiver) {
  receiverId: 008468af-1ca3-4f54-9a08-7adde86a9f69
}
[000:303][19203] (RTCLogging.mm:34): (RTCRtpTransceiver.mm:257 -[RTCRtpTransceiver initWithFactory:nativeRtpTransceiver:]): RTC_OBJC_TYPE(RTCRtpTransceiver)(0x1210c2a60): created transceiver: RTC_OBJC_TYPE(RTCRtpTransceiver) {
  sender: RTC_OBJC_TYPE(RTCRtpSender) {
  senderId: audio_UGCU5AF4MTE
}
  receiver: RTC_OBJC_TYPE(RTCRtpReceiver) {
  receiverId: 008468af-1ca3-4f54-9a08-7adde86a9f69
}
}
[000:303][101171] (sdp_offer_answer.cc:1687): SdpOfferAnswerHandler::CreateOffer.
[000:304][101171] (sdp_payload_type_suggester.cc:63): SuggestPayloadType: FAILED to find remote mapping for [111:audio/opus/48000/2;minptime=10;useinbandfec=1]
[000:304][101171] (sdp_payload_type_suggester.cc:63): SuggestPayloadType: FAILED to find remote mapping for [9:audio/G722/8000/1]
[000:304][101171] (sdp_payload_type_suggester.cc:63): SuggestPayloadType: FAILED to find remote mapping for [0:audio/PCMU/8000/1]
[000:304][101171] (sdp_payload_type_suggester.cc:63): SuggestPayloadType: FAILED to find remote mapping for [8:audio/PCMA/8000/1]
[000:304][101171] (sdp_payload_type_suggester.cc:63): SuggestPayloadType: FAILED to find remote mapping for [13:audio/CN/8000/1]
[000:304][101171] (sdp_payload_type_suggester.cc:63): SuggestPayloadType: FAILED to find remote mapping for [110:audio/telephone-event/48000/1]
[000:304][101171] (sdp_payload_type_suggester.cc:63): SuggestPayloadType: FAILED to find remote mapping for [126:audio/telephone-event/8000/1]
[000:304][101171] (sdp_payload_type_suggester.cc:63): SuggestPayloadType: FAILED to find remote mapping for [63:audio/red/48000/2;=111/111]
[000:305][101171] (sdp_offer_answer.cc:2594): SdpOfferAnswerHandler::DoSetLocalDescription.
[000:305][101171] (sdp_offer_answer.cc:2630): SdpOfferAnswerHandler::check last.
[000:305][101171] (sdp_offer_answer.cc:2675): SdpOfferAnswerHandler::check codecs_mangled_to_raw.
[000:305][101171] (sdp_offer_answer.cc:2711): DoSetLocalDescription: offer
[000:305][106843] (jsep_transport_controller.cc:1096): MaybeCreateJsepTransport mid=0 begin create transport
[000:306][106843] (p2p_transport_channel.cc:787): Set WebRTC-IceFieldTrials:stop_gather_on_strongly_connected 0
[000:306][106843] (p2p_transport_channel.cc:799): Set skip_relay_to_non_relay_connections
[000:306][106843] (p2p_transport_channel.cc:555): Set continual_gathering_policy to 1
[000:306][106843] (p2p_transport_channel.cc:564): Set backup connection ping interval to 25 s milliseconds.
[000:306][106843] (p2p_transport_channel.cc:573): Set ICE receiving timeout to 2500 ms milliseconds
[000:306][106843] (p2p_transport_channel.cc:580): Set ping most likely connection to 0
[000:306][106843] (p2p_transport_channel.cc:587): Set stable_writable_connection_ping_interval to 2500 ms
[000:306][106843] (p2p_transport_channel.cc:600): Set presume writable when fully relayed to 0
[000:306][106843] (p2p_transport_channel.cc:618): Set regather_on_failed_networks_interval to 300 s
[000:306][106843] (p2p_transport_channel.cc:628): Set receiving_switching_delay to 1 s
[000:306][106843] (p2p_transport_channel.cc:642): Set strong ping interval to 480 ms
[000:306][106843] (p2p_transport_channel.cc:676): Set prune timeout to 10 s
[000:306][106843] (p2p_transport_channel.cc:725): Set DTLS handshake in STUN to 1
[000:306][106843] (jsep_transport_controller.cc:587): Creating DtlsSrtpTransport.
[000:306][106843] (dtls_srtp_transport.cc:53): Setting RTP Transport on 0 transport 43ec0700
[000:306][106843] (srtp_transport.cc:255): The params in SRTP transport are reset.
[000:307][106843] (jsep_transport_controller.cc:1155): MaybeCreateJsepTransport mid=0 end transport
[000:307][106843] (p2p_transport_channel.cc:498): Set ICE ufrag: bVsH pwd: v9Dio7i1qBfuKPSV18GQzCr8 on transport 0
[000:307][110607] (webrtc_voice_engine.cc:1304): Setting voice channel options: AudioOptions {audio_jitter_buffer_max_packets: 200, audio_jitter_buffer_fast_accelerate: 0, audio_jitter_buffer_min_delay_ms: 0, }
[000:307][110607] (webrtc_voice_engine.cc:606): WebRtcVoiceEngine::ApplyOptions: AudioOptions {audio_jitter_buffer_max_packets: 200, audio_jitter_buffer_fast_accelerate: 0, audio_jitter_buffer_min_delay_ms: 0, }
[000:307][110607] (webrtc_voice_engine.cc:621): Always disable AEC on iOS. Use built-in instead.
[000:307][110607] (webrtc_voice_engine.cc:629): Always disable AGC on iOS. Use built-in instead.
[000:307][110607] (audio_processing_impl.cc:680): AudioProcessing::ApplyConfig: AudioProcessing::Config{ pipeline: { maximum_internal_processing_rate: 32000, multi_channel_render: 1, multi_channel_capture: 1 }, pre_amplifier: { enabled: 0, fixed_gain_factor: 1 },capture_level_adjustment: { enabled: 0, pre_gain_factor: 1, post_gain_factor: 1, analog_mic_gain_emulation: { enabled: 0, initial_level: 255 }}, high_pass_filter: { enabled: 1 }, echo_canceller: { enabled: 0, enforce_high_pass_filtering: 1 }, noise_suppression: { enabled: 0, level: High }, transient_suppression: { enabled: 0 }, gain_controller1: { enabled: 0, mode: FixedDigital, target_level_dbfs: 3, compression_gain_db: 9, enable_limiter: 1, analog_gain_controller { enabled: 1, startup_min_volume: 0, clipped_level_min: 70, enable_digital_adaptive: 1, clipped_level_step: 15, clipped_ratio_threshold: 0.1, clipped_wait_frames: 300, clipping_predictor:  { enabled: 0, mode: 0, window_length: 5, reference_window_length: 5, reference_window_delay: 5, clipping_threshold: -1, crest_factor_margin: 3, use_predicted_step: 1 }}}, gain_controller2: { enabled: 0, fixed_digital: { gain_db: 0 }, adaptive_digital: { enabled: 0, headroom_db: 5, max_gain_db: 50, initial_gain_db: 15, max_gain_change_db_per_second: 6, max_output_noise_level_dbfs: -50 }, input_volume_control : { enabled 0}}
[000:307][110607] (webrtc_voice_engine.cc:1318): Set voice send channel options. Current options: AudioOptions {audio_jitter_buffer_max_packets: 200, audio_jitter_buffer_fast_accelerate: 0, audio_jitter_buffer_min_delay_ms: 0, }
[000:307][110607] (webrtc_voice_engine.cc:2264): Setting voice channel options: AudioOptions {audio_jitter_buffer_max_packets: 200, audio_jitter_buffer_fast_accelerate: 0, audio_jitter_buffer_min_delay_ms: 0, }
[000:307][110607] (webrtc_voice_engine.cc:606): WebRtcVoiceEngine::ApplyOptions: AudioOptions {audio_jitter_buffer_max_packets: 200, audio_jitter_buffer_fast_accelerate: 0, audio_jitter_buffer_min_delay_ms: 0, }
[000:307][110607] (webrtc_voice_engine.cc:621): Always disable AEC on iOS. Use built-in instead.
[000:307][110607] (webrtc_voice_engine.cc:629): Always disable AGC on iOS. Use built-in instead.
[000:307][110607] (audio_processing_impl.cc:680): AudioProcessing::ApplyConfig: AudioProcessing::Config{ pipeline: { maximum_internal_processing_rate: 32000, multi_channel_render: 1, multi_channel_capture: 1 }, pre_amplifier: { enabled: 0, fixed_gain_factor: 1 },capture_level_adjustment: { enabled: 0, pre_gain_factor: 1, post_gain_factor: 1, analog_mic_gain_emulation: { enabled: 0, initial_level: 255 }}, high_pass_filter: { enabled: 1 }, echo_canceller: { enabled: 0, enforce_high_pass_filtering: 1 }, noise_suppression: { enabled: 0, level: High }, transient_suppression: { enabled: 0 }, gain_controller1: { enabled: 0, mode: FixedDigital, target_level_dbfs: 3, compression_gain_db: 9, enable_limiter: 1, analog_gain_controller { enabled: 1, startup_min_volume: 0, clipped_level_min: 70, enable_digital_adaptive: 1, clipped_level_step: 15, clipped_ratio_threshold: 0.1, clipped_wait_frames: 300, clipping_predictor:  { enabled: 0, mode: 0, window_length: 5, reference_window_length: 5, reference_window_delay: 5, clipping_threshold: -1, crest_factor_margin: 3, use_predicted_step: 1 }}}, gain_controller2: { enabled: 0, fixed_digital: { gain_db: 0 }, adaptive_digital: { enabled: 0, headroom_db: 5, max_gain_db: 50, initial_gain_db: 15, max_gain_change_db_per_second: 6, max_output_noise_level_dbfs: -50 }, input_volume_control : { enabled 0}}
[000:307][110607] (webrtc_voice_engine.cc:2294): Set voice receive channel options. Current options: AudioOptions {audio_jitter_buffer_max_packets: 200, audio_jitter_buffer_fast_accelerate: 0, audio_jitter_buffer_min_delay_ms: 0, }
[000:308][110607] (pacing_controller.cc:114): PacedSender paused.
[000:308][101171] (peer_connection.cc:2313): Creating data channel, mid=1
[000:308][101171] (sdp_offer_answer.cc:3285): SdpOfferAnswerHandler::UpdateSessionState with type: offer
[000:308][101171] (sdp_offer_answer.cc:3264): Session: 8408536852214850148 Old state: stable New state: have-local-offer
[000:308][101171] (sdp_offer_answer.cc:3310): SdpOfferAnswerHandler::UpdateSessionState ChangeSignalingState with source: 0
[000:308][101171] (sdp_offer_answer.cc:5242): SdpOfferAnswerHandler::PushdownMediaDescription
[000:309][101171] (sdp_offer_answer.cc:5257): SdpOfferAnswerHandler::UpdatePayloadTypeDemuxingState with rtp_transceivers:1
[000:309][101171] (sdp_offer_answer.cc:5295): SdpOfferAnswerHandler::UpdatePayloadTypeDemuxingState transceiver with source: 0
[000:309][101171] (sdp_offer_answer.cc:5308): SdpOfferAnswerHandler::UpdatePayloadTypeDemuxingState batcher.
[000:309][110607] (webrtc_voice_engine.cc:2504): ResetUnsignaledRecvStream.
[000:310][110607] (webrtc_voice_engine.cc:2200): WebRtcVoiceMediaChannel::SetReceiverParameters: {codecs: [AudioCodec[111:opus:48000:0:2], AudioCodec[63:red:48000:0:2], AudioCodec[9:G722:8000:0:1], AudioCodec[0:PCMU:8000:0:1], AudioCodec[8:PCMA:8000:0:1], AudioCodec[13:CN:8000:0:1], AudioCodec[110:telephone-event:48000:0:1], AudioCodec[126:telephone-event:8000:0:1]], extensions: [{uri: http://www.ietf.org/id/draft-holmer-rmcat-transport-wide-cc-extensions-01, id: 3}, {uri: http://www.webrtc.org/experiments/rtp-hdrext/abs-send-time, id: 2}, {uri: urn:ietf:params:rtp-hdrext:sdes:mid, id: 4}, {uri: urn:ietf:params:rtp-hdrext:ssrc-audio-level, id: 1}], rtcp: {reduced_size:1, remote_estimate:0}}
[000:310][110607] (webrtc_voice_engine.cc:1618): AddSendStream: {id:audio_UGCU5AF4MTE;ssrcs:[3379668032];ssrc_groups:;cname:Y9xHul8OMvvdcMwj;stream_ids:stream_UGCU5AF4MTE;}
[000:311][110607] (audio_coding_module.cc:221): Created
[000:313][110607] (audio_send_stream.cc:171): AudioSendStream: 3379668032
[000:313][110607] (audio_send_stream.cc:233): AudioSendStream::ConfigureStream: {rtp: {ssrc: 3379668032, csrcs: [], extmap-allow-mixed: true, extensions: [], c_name: Y9xHul8OMvvdcMwj}, rtcp_report_interval_ms: 5000, send_transport: (Transport), min_bitrate_bps: -1, max_bitrate_bps: -1, has audio_network_adaptor_config: false, has_dscp: false, send_codec_spec: <unset>}
[000:313][110607] (channel.cc:751): Add send stream ssrc: 3379668032 into {mid: 0, media_type: audio}
[000:313][110607] (channel.cc:916): Changing voice state, recv=0 send=0 for {mid: 0, media_type: audio}
[000:315][101171] (sdp_offer_answer.cc:5378): SdpOfferAnswerHandler::UpdatePayloadTypeDemuxingState sctp
[000:315][101171] (sdp_offer_answer.cc:5408): SdpOfferAnswerHandler::UpdatePayloadTypeDemuxingState done
[000:315][110607] (webrtc_voice_engine.cc:1304): Setting voice channel options: AudioOptions {aec: 1, ns: 1, }
[000:315][110607] (webrtc_voice_engine.cc:606): WebRtcVoiceEngine::ApplyOptions: AudioOptions {aec: 1, ns: 1, audio_jitter_buffer_max_packets: 200, audio_jitter_buffer_fast_accelerate: 0, audio_jitter_buffer_min_delay_ms: 0, }
[000:315][110607] (webrtc_voice_engine.cc:621): Always disable AEC on iOS. Use built-in instead.
[000:315][110607] (webrtc_voice_engine.cc:629): Always disable AGC on iOS. Use built-in instead.
[000:315][110607] (audio_processing_impl.cc:680): AudioProcessing::ApplyConfig: AudioProcessing::Config{ pipeline: { maximum_internal_processing_rate: 32000, multi_channel_render: 1, multi_channel_capture: 1 }, pre_amplifier: { enabled: 0, fixed_gain_factor: 1 },capture_level_adjustment: { enabled: 0, pre_gain_factor: 1, post_gain_factor: 1, analog_mic_gain_emulation: { enabled: 0, initial_level: 255 }}, high_pass_filter: { enabled: 1 }, echo_canceller: { enabled: 0, enforce_high_pass_filtering: 1 }, noise_suppression: { enabled: 1, level: High }, transient_suppression: { enabled: 0 }, gain_controller1: { enabled: 0, mode: FixedDigital, target_level_dbfs: 3, compression_gain_db: 9, enable_limiter: 1, analog_gain_controller { enabled: 1, startup_min_volume: 0, clipped_level_min: 70, enable_digital_adaptive: 1, clipped_level_step: 15, clipped_ratio_threshold: 0.1, clipped_wait_frames: 300, clipping_predictor:  { enabled: 0, mode: 0, window_length: 5, reference_window_length: 5, reference_window_delay: 5, clipping_threshold: -1, crest_factor_margin: 3, use_predicted_step: 1 }}}, gain_controller2: { enabled: 0, fixed_digital: { gain_db: 0 }, adaptive_digital: { enabled: 0, headroom_db: 5, max_gain_db: 50, initial_gain_db: 15, max_gain_change_db_per_second: 6, max_output_noise_level_dbfs: -50 }, input_volume_control : { enabled 0}}
[000:315][110607] (webrtc_voice_engine.cc:1318): Set voice send channel options. Current options: AudioOptions {aec: 1, ns: 1, audio_jitter_buffer_max_packets: 200, audio_jitter_buffer_fast_accelerate: 0, audio_jitter_buffer_min_delay_ms: 0, }
[000:316][101171] (sdp_offer_answer.cc:2734): SdpOfferAnswerHandler::check ModifyVideoCodecs.
[000:316][101171] (sdp_offer_answer.cc:2739): SdpOfferAnswerHandler::check candidate_pool_size.
[000:316][101171] (sdp_offer_answer.cc:2766): OnSetLocalDescriptionComplete
[000:316][106843] (p2p_transport_channel.cc:883): P2PTransportChannel::MaybeStartGathering: bVsH with: allocator_sessions:0
[000:316][106843] (p2p_transport_channel.cc:947): P2PTransportChannel::OnPortReady: UDPPort(Port[43f08e00:0:1:0:host:Net[pdp_ip0:21.74.162.x/32:Cellular:id=3]]) remotes: 0
[000:316][106843] (wrapping_active_ice_controller.cc:223): Not switching selected connection due to: new candidate pairs created from a new local candidate
[000:316][106843] (p2p_transport_channel.cc:947): P2PTransportChannel::OnPortReady: UDPPort(Port[43f0a300:0:1:0:host:Net[pdp_ip0:2402:800:5d8c:x:x:x:x:x/64:Cellular:id=4]]) remotes: 0
[000:316][106843] (wrapping_active_ice_controller.cc:223): Not switching selected connection due to: new candidate pairs created from a new local candidate
[000:316][101171] (sdp_offer_answer.cc:2791): SdpOfferAnswerHandler::done MaybeStartGathering.
[000:327][106843] (basic_port_allocator.cc:1576): AllocationSequence[441f1dc0]Net[pdp_ip0:21.74.162.x/32:Cellular:id=3]: Allocation Phase=Relay
[000:330][259] (RTCLogging.mm:34): (RTCAudioSession.mm:888 -[RTCAudioSession observeValueForKeyPath:ofObject:change:context:]): OutputVolumeDidChange to 1.000000
[000:331][259] (RTCLogging.mm:34): (RTCAudioSession.mm:557 -[RTCAudioSession handleRouteChangeNotification:]): Audio route changed:
[000:331][259] (RTCLogging.mm:34): (RTCAudioSession.mm:582 -[RTCAudioSession handleRouteChangeNotification:]): Audio route changed: RouteConfigurationChange
[000:331][259] (RTCLogging.mm:34): (RTCAudioSession.mm:590 -[RTCAudioSession handleRouteChangeNotification:]): Previous route: <AVAudioSessionRouteDescription: 0x150a31860, 
inputs = (
    "<AVAudioSessionPortDescription: 0x150a31870, type = MicrophoneBuiltIn; name = Micr\U00f4 c\U1ee7a iPhone; UID = Built-In Microphone; selectedDataSource = D\U01b0\U1edbi c\U00f9ng>"
); 
outputs = (
    "<AVAudioSessionPortDescription: 0x150a318e0, type = Receiver; name = Thi\U1ebft b\U1ecb nh\U1eadn; UID = Built-In Receiver; selectedDataSource = (null)>"
)>
Current route:<AVAudioSessionRouteDescription: 0x150a32150, 
inputs = (
    "<AVAudioSessionPortDescription: 0x150a32490, type = MicrophoneBuiltIn; name = Micr\U00f4 c\U1ee7a iPhone; UID = Built-In Microphone; selectedDataSource = D\U01b0\U1edbi c\U00f9ng>"
); 
outputs = (
    "<AVAudioSessionPortDescription: 0x150a32590, type = Receiver; name = Thi\U1ebft b\U1ecb nh\U1eadn; UID = Built-In Receiver; selectedDataSource = (null)>"
)>
[000:333][106843] (port.cc:130): Port[43da2300:0:1:0:relay:Net[pdp_ip0:21.74.162.x/32:Cellular:id=3]]: Port created with network cost 900
[000:345][106843] (basic_port_allocator.cc:1068): Adding Candidate allocated port for TurnPort(Port[43da2300:0:1:0:relay:Net[pdp_ip0:21.74.162.x/32:Cellular:id=3]]-Remote[14.238.62.98:3478/udp] with name0
[000:345][106843] (basic_port_allocator.cc:1093): TurnPort(Port[43da2300:0:1:0:relay:Net[pdp_ip0:21.74.162.x/32:Cellular:id=3]]-Remote[14.238.62.98:3478/udp]: Added port to allocator
[000:345][106843] (turn_port.cc:552): TurnPort(Port[43da2300:0:1:0:relay:Net[pdp_ip0:21.74.162.x/32:Cellular:id=3]]-Remote[14.238.62.98:3478/udp]: Trying to connect to TURN server via udp @ 14.238.62.x:3478
[000:350][106843] (turn_port.cc:1666): TurnPort(Port[43da2300:0:1:0:relay:Net[pdp_ip0:21.74.162.x/32:Cellular:id=3]]-Remote[14.238.62.98:3478/udp]: TURN probe request sent, id=7462704c4f4679426f6a2f37
[000:355][106843] (turn_port.cc:1666): TurnPort(Port[43da2300:0:1:0:relay:Net[pdp_ip0:21.74.162.x/32:Cellular:id=3]]-Remote[14.238.62.98:3478/udp]: TURN probe request sent, id=47467a7631677965632b4356
[000:355][106843] (turn_port.cc:1666): TurnPort(Port[43da2300:0:1:0:relay:Net[pdp_ip0:21.74.162.x/32:Cellular:id=3]]-Remote[14.238.62.98:3478/udp]: TURN probe request sent, id=694e7266304d624770413759
[000:355][106843] (turn_port.cc:1666): TurnPort(Port[43da2300:0:1:0:relay:Net[pdp_ip0:21.74.162.x/32:Cellular:id=3]]-Remote[14.238.62.98:3478/udp]: TURN probe request sent, id=374749476f796c4e46645544
[000:355][106843] (turn_port.cc:1666): TurnPort(Port[43da2300:0:1:0:relay:Net[pdp_ip0:21.74.162.x/32:Cellular:id=3]]-Remote[14.238.62.98:3478/udp]: TURN probe request sent, id=59574a4a446f313373595044
[000:355][106843] (port.cc:130): Port[43da2d00:0:1:0:relay:Net[pdp_ip0:21.74.162.x/32:Cellular:id=3]]: Port created with network cost 900
[000:355][106843] (basic_port_allocator.cc:1068): Adding Candidate allocated port for TurnPort(Port[43da2d00:0:1:0:relay:Net[pdp_ip0:21.74.162.x/32:Cellular:id=3]]-Remote[171.226.10.227:3478/udp] with name0
[000:355][106843] (basic_port_allocator.cc:1093): TurnPort(Port[43da2d00:0:1:0:relay:Net[pdp_ip0:21.74.162.x/32:Cellular:id=3]]-Remote[171.226.10.227:3478/udp]: Added port to allocator
[000:355][106843] (turn_port.cc:552): TurnPort(Port[43da2d00:0:1:0:relay:Net[pdp_ip0:21.74.162.x/32:Cellular:id=3]]-Remote[171.226.10.227:3478/udp]: Trying to connect to TURN server via udp @ 171.226.10.x:3478
[000:357][106843] (turn_port.cc:1666): TurnPort(Port[43da2d00:0:1:0:relay:Net[pdp_ip0:21.74.162.x/32:Cellular:id=3]]-Remote[171.226.10.227:3478/udp]: TURN probe request sent, id=4d366b474653626273784435
[000:361][106843] (turn_port.cc:1666): TurnPort(Port[43da2d00:0:1:0:relay:Net[pdp_ip0:21.74.162.x/32:Cellular:id=3]]-Remote[171.226.10.227:3478/udp]: TURN probe request sent, id=6159434b3959724a6b314d79
[000:383][106843] (turn_port.cc:1666): TurnPort(Port[43da2d00:0:1:0:relay:Net[pdp_ip0:21.74.162.x/32:Cellular:id=3]]-Remote[171.226.10.227:3478/udp]: TURN probe request sent, id=49546d2b4c5432667341635a
[000:383][106843] (turn_port.cc:1666): TurnPort(Port[43da2d00:0:1:0:relay:Net[pdp_ip0:21.74.162.x/32:Cellular:id=3]]-Remote[171.226.10.227:3478/udp]: TURN probe request sent, id=684c545a3550387042546335
[000:383][106843] (turn_port.cc:1666): TurnPort(Port[43da2d00:0:1:0:relay:Net[pdp_ip0:21.74.162.x/32:Cellular:id=3]]-Remote[171.226.10.227:3478/udp]: TURN probe request sent, id=53665979644a685a51674e44
[000:383][106843] (port.cc:130): Port[442cf700:0:1:0:relay:Net[pdp_ip0:21.74.162.x/32:Cellular:id=3]]: Port created with network cost 900
[000:383][106843] (basic_port_allocator.cc:1068): Adding Candidate allocated port for TurnPort(Port[442cf700:0:1:0:relay:Net[pdp_ip0:21.74.162.x/32:Cellular:id=3]]-Remote[14.238.161.90:3478/udp] with name0
[000:383][106843] (basic_port_allocator.cc:1093): TurnPort(Port[442cf700:0:1:0:relay:Net[pdp_ip0:21.74.162.x/32:Cellular:id=3]]-Remote[14.238.161.90:3478/udp]: Added port to allocator
[000:383][106843] (turn_port.cc:552): TurnPort(Port[442cf700:0:1:0:relay:Net[pdp_ip0:21.74.162.x/32:Cellular:id=3]]-Remote[14.238.161.90:3478/udp]: Trying to connect to TURN server via udp @ 14.238.161.x:3478
[000:384][106843] (turn_port.cc:1666): TurnPort(Port[442cf700:0:1:0:relay:Net[pdp_ip0:21.74.162.x/32:Cellular:id=3]]-Remote[14.238.161.90:3478/udp]: TURN probe request sent, id=684a4846367865412b4c4a77
[000:384][106843] (turn_port.cc:1666): TurnPort(Port[442cf700:0:1:0:relay:Net[pdp_ip0:21.74.162.x/32:Cellular:id=3]]-Remote[14.238.161.90:3478/udp]: TURN probe request sent, id=4c6331723776417332766554
[000:385][106843] (turn_port.cc:1666): TurnPort(Port[442cf700:0:1:0:relay:Net[pdp_ip0:21.74.162.x/32:Cellular:id=3]]-Remote[14.238.161.90:3478/udp]: TURN probe request sent, id=76474148324175376a624559
[000:385][106843] (turn_port.cc:1666): TurnPort(Port[442cf700:0:1:0:relay:Net[pdp_ip0:21.74.162.x/32:Cellular:id=3]]-Remote[14.238.161.90:3478/udp]: TURN probe request sent, id=5247527449764f545a645873
[000:385][106843] (turn_port.cc:1666): TurnPort(Port[442cf700:0:1:0:relay:Net[pdp_ip0:21.74.162.x/32:Cellular:id=3]]-Remote[14.238.161.90:3478/udp]: TURN probe request sent, id=7a3036673068667459445565
[000:385][106843] (port.cc:130): Port[442cca00:0:1:0:relay:Net[pdp_ip0:21.74.162.x/32:Cellular:id=3]]: Port created with network cost 900
[000:385][106843] (basic_port_allocator.cc:1068): Adding Candidate allocated port for TurnPort(Port[442cca00:0:1:0:relay:Net[pdp_ip0:21.74.162.x/32:Cellular:id=3]]-Remote[203.171.26.154:3478/udp] with name0
[000:385][106843] (basic_port_allocator.cc:1093): TurnPort(Port[442cca00:0:1:0:relay:Net[pdp_ip0:21.74.162.x/32:Cellular:id=3]]-Remote[203.171.26.154:3478/udp]: Added port to allocator
[000:385][106843] (turn_port.cc:552): TurnPort(Port[442cca00:0:1:0:relay:Net[pdp_ip0:21.74.162.x/32:Cellular:id=3]]-Remote[203.171.26.154:3478/udp]: Trying to connect to TURN server via udp @ 203.171.26.x:3478
[000:385][106843] (turn_port.cc:1666): TurnPort(Port[442cca00:0:1:0:relay:Net[pdp_ip0:21.74.162.x/32:Cellular:id=3]]-Remote[203.171.26.154:3478/udp]: TURN probe request sent, id=44334e47506737507233486c
[000:385][106843] (turn_port.cc:1666): TurnPort(Port[442cca00:0:1:0:relay:Net[pdp_ip0:21.74.162.x/32:Cellular:id=3]]-Remote[203.171.26.154:3478/udp]: TURN probe request sent, id=73325466673436676e397656
[000:385][106843] (turn_port.cc:1666): TurnPort(Port[442cca00:0:1:0:relay:Net[pdp_ip0:21.74.162.x/32:Cellular:id=3]]-Remote[203.171.26.154:3478/udp]: TURN probe request sent, id=44467835447570697556414b
[000:385][106843] (turn_port.cc:1666): TurnPort(Port[442cca00:0:1:0:relay:Net[pdp_ip0:21.74.162.x/32:Cellular:id=3]]-Remote[203.171.26.154:3478/udp]: TURN probe request sent, id=7a336e2f634a7961366f3671
[000:385][106843] (turn_port.cc:1666): TurnPort(Port[442cca00:0:1:0:relay:Net[pdp_ip0:21.74.162.x/32:Cellular:id=3]]-Remote[203.171.26.154:3478/udp]: TURN probe request sent, id=5445757364566d43664a3036
[000:385][106843] (thread.cc:557): Message to network_thread 0x0x13a7a4500 took 58ms to dispatch.
[000:385][106843] (basic_port_allocator.cc:1576): AllocationSequence[441f01c0]Net[pdp_ip0:2402:800:5d8c:x:x:x:x:x/64:Cellular:id=4]: Allocation Phase=Relay
[000:386][106843] (turn_port.cc:1728): TurnPort(Port[43da2300:0:1:0:relay:Net[pdp_ip0:21.74.162.x/32:Cellular:id=3]]-Remote[14.238.62.98:3478/udp]: TURN allocate request sent, id=4a4363352b736e52744a6c41
[000:386][106843] (turn_port.cc:1687): TurnPort(Port[43da2d00:0:1:0:relay:Net[pdp_ip0:21.74.162.x/32:Cellular:id=3]]-Remote[171.226.10.227:3478/udp]: Received TURN probe error response, id=4d366b474653626273784435, code=401, rtt=30585 us
[000:386][106843] (turn_port.cc:1687): TurnPort(Port[43da2300:0:1:0:relay:Net[pdp_ip0:21.74.162.x/32:Cellular:id=3]]-Remote[14.238.62.98:3478/udp]: Received TURN probe error response, id=7462704c4f4679426f6a2f37, code=401, rtt=40974 us
[000:396][106843] (turn_port.cc:1687): TurnPort(Port[43da2d00:0:1:0:relay:Net[pdp_ip0:21.74.162.x/32:Cellular:id=3]]-Remote[171.226.10.227:3478/udp]: Received TURN probe error response, id=6159434b3959724a6b314d79, code=401, rtt=39712 us
[000:396][106843] (turn_port.cc:1687): TurnPort(Port[43da2300:0:1:0:relay:Net[pdp_ip0:21.74.162.x/32:Cellular:id=3]]-Remote[14.238.62.98:3478/udp]: Received TURN probe error response, id=47467a7631677965632b4356, code=401, rtt=41858 us
[000:396][106843] (turn_port.cc:1687): TurnPort(Port[43da2300:0:1:0:relay:Net[pdp_ip0:21.74.162.x/32:Cellular:id=3]]-Remote[14.238.62.98:3478/udp]: Received TURN probe error response, id=694e7266304d624770413759, code=401, rtt=41667 us
[000:396][106843] (turn_port.cc:1687): TurnPort(Port[43da2300:0:1:0:relay:Net[pdp_ip0:21.74.162.x/32:Cellular:id=3]]-Remote[14.238.62.98:3478/udp]: Received TURN probe error response, id=374749476f796c4e46645544, code=401, rtt=41617 us
[000:396][106843] (turn_port.cc:1687): TurnPort(Port[43da2300:0:1:0:relay:Net[pdp_ip0:21.74.162.x/32:Cellular:id=3]]-Remote[14.238.62.98:3478/udp]: Received TURN probe error response, id=59574a4a446f313373595044, code=401, rtt=41439 us
[000:413][106843] (turn_port.cc:1728): TurnPort(Port[43da2d00:0:1:0:relay:Net[pdp_ip0:21.74.162.x/32:Cellular:id=3]]-Remote[171.226.10.227:3478/udp]: TURN allocate request sent, id=507831444f526d70686b5a71
[000:414][106843] (turn_port.cc:1728): TurnPort(Port[442cf700:0:1:0:relay:Net[pdp_ip0:21.74.162.x/32:Cellular:id=3]]-Remote[14.238.161.90:3478/udp]: TURN allocate request sent, id=446f6c7939636e5931514957
[000:414][106843] (turn_port.cc:1728): TurnPort(Port[442cca00:0:1:0:relay:Net[pdp_ip0:21.74.162.x/32:Cellular:id=3]]-Remote[203.171.26.154:3478/udp]: TURN allocate request sent, id=33765363653464664c303570
[000:456][106843] (turn_port.cc:1687): TurnPort(Port[43da2d00:0:1:0:relay:Net[pdp_ip0:21.74.162.x/32:Cellular:id=3]]-Remote[171.226.10.227:3478/udp]: Received TURN probe error response, id=49546d2b4c5432667341635a, code=401, rtt=73902 us
[000:456][106843] (basic_port_allocator.cc:1576): AllocationSequence[441f1dc0]Net[pdp_ip0:21.74.162.x/32:Cellular:id=3]: Allocation Phase=Tcp
[000:456][106843] (basic_port_allocator.cc:1576): AllocationSequence[441f01c0]Net[pdp_ip0:2402:800:5d8c:x:x:x:x:x/64:Cellular:id=4]: Allocation Phase=Tcp
[000:456][106843] (turn_port.cc:1687): TurnPort(Port[43da2d00:0:1:0:relay:Net[pdp_ip0:21.74.162.x/32:Cellular:id=3]]-Remote[171.226.10.227:3478/udp]: Received TURN probe error response, id=684c545a3550387042546335, code=401, rtt=73224 us
[000:456][106843] (turn_port.cc:1687): TurnPort(Port[43da2d00:0:1:0:relay:Net[pdp_ip0:21.74.162.x/32:Cellular:id=3]]-Remote[171.226.10.227:3478/udp]: Received TURN probe error response, id=53665979644a685a51674e44, code=401, rtt=73217 us
[000:456][106843] (turn_port.cc:1687): TurnPort(Port[442cca00:0:1:0:relay:Net[pdp_ip0:21.74.162.x/32:Cellular:id=3]]-Remote[203.171.26.154:3478/udp]: Received TURN probe error response, id=7a336e2f634a7961366f3671, code=401, rtt=71595 us
[000:457][106843] (turn_port.cc:1687): TurnPort(Port[442cca00:0:1:0:relay:Net[pdp_ip0:21.74.162.x/32:Cellular:id=3]]-Remote[203.171.26.154:3478/udp]: Received TURN probe error response, id=44334e47506737507233486c, code=401, rtt=71810 us
[000:457][106843] (turn_port.cc:1687): TurnPort(Port[442cca00:0:1:0:relay:Net[pdp_ip0:21.74.162.x/32:Cellular:id=3]]-Remote[203.171.26.154:3478/udp]: Received TURN probe error response, id=44467835447570697556414b, code=401, rtt=71745 us
[000:457][106843] (turn_port.cc:1687): TurnPort(Port[442cca00:0:1:0:relay:Net[pdp_ip0:21.74.162.x/32:Cellular:id=3]]-Remote[203.171.26.154:3478/udp]: Received TURN probe error response, id=73325466673436676e397656, code=401, rtt=71782 us
[000:457][106843] (turn_port.cc:1687): TurnPort(Port[442cca00:0:1:0:relay:Net[pdp_ip0:21.74.162.x/32:Cellular:id=3]]-Remote[203.171.26.154:3478/udp]: Received TURN probe error response, id=5445757364566d43664a3036, code=401, rtt=71773 us
[000:457][106843] (turn_port.cc:1796): TurnPort(Port[43da2300:0:1:0:relay:Net[pdp_ip0:21.74.162.x/32:Cellular:id=3]]-Remote[14.238.62.98:3478/udp]: Received TURN allocate error response, id=4a4363352b736e52744a6c41, code=401, rtt=71286 us
[000:457][106843] (turn_port.cc:1728): TurnPort(Port[43da2300:0:1:0:relay:Net[pdp_ip0:21.74.162.x/32:Cellular:id=3]]-Remote[14.238.62.98:3478/udp]: TURN allocate request sent, id=6a77684f376f6b48744d4a4e
[000:457][106843] (turn_port.cc:1796): TurnPort(Port[43da2d00:0:1:0:relay:Net[pdp_ip0:21.74.162.x/32:Cellular:id=3]]-Remote[171.226.10.227:3478/udp]: Received TURN allocate error response, id=507831444f526d70686b5a71, code=401, rtt=51669 us
[000:457][106843] (turn_port.cc:1728): TurnPort(Port[43da2d00:0:1:0:relay:Net[pdp_ip0:21.74.162.x/32:Cellular:id=3]]-Remote[171.226.10.227:3478/udp]: TURN allocate request sent, id=6d476159682b675753713666
[000:457][106843] (turn_port.cc:1687): TurnPort(Port[442cf700:0:1:0:relay:Net[pdp_ip0:21.74.162.x/32:Cellular:id=3]]-Remote[14.238.161.90:3478/udp]: Received TURN probe error response, id=684a4846367865412b4c4a77, code=401, rtt=73920 us
[000:457][106843] (turn_port.cc:1687): TurnPort(Port[442cf700:0:1:0:relay:Net[pdp_ip0:21.74.162.x/32:Cellular:id=3]]-Remote[14.238.161.90:3478/udp]: Received TURN probe error response, id=4c6331723776417332766554, code=401, rtt=72861 us
[000:457][106843] (turn_port.cc:1687): TurnPort(Port[442cf700:0:1:0:relay:Net[pdp_ip0:21.74.162.x/32:Cellular:id=3]]-Remote[14.238.161.90:3478/udp]: Received TURN probe error response, id=76474148324175376a624559, code=401, rtt=72717 us
[000:457][106843] (turn_port.cc:1687): TurnPort(Port[442cf700:0:1:0:relay:Net[pdp_ip0:21.74.162.x/32:Cellular:id=3]]-Remote[14.238.161.90:3478/udp]: Received TURN probe error response, id=5247527449764f545a645873, code=401, rtt=72503 us
[000:457][106843] (turn_port.cc:1687): TurnPort(Port[442cf700:0:1:0:relay:Net[pdp_ip0:21.74.162.x/32:Cellular:id=3]]-Remote[14.238.161.90:3478/udp]: Received TURN probe error response, id=7a3036673068667459445565, code=401, rtt=72491 us
[000:457][106843] (turn_port.cc:1796): TurnPort(Port[442cca00:0:1:0:relay:Net[pdp_ip0:21.74.162.x/32:Cellular:id=3]]-Remote[203.171.26.154:3478/udp]: Received TURN allocate error response, id=33765363653464664c303570, code=401, rtt=43661 us
[000:457][106843] (turn_port.cc:1728): TurnPort(Port[442cca00:0:1:0:relay:Net[pdp_ip0:21.74.162.x/32:Cellular:id=3]]-Remote[203.171.26.154:3478/udp]: TURN allocate request sent, id=4f4734777a4c4e592b4d4e61
[000:477][106843] (turn_port.cc:1796): TurnPort(Port[442cf700:0:1:0:relay:Net[pdp_ip0:21.74.162.x/32:Cellular:id=3]]-Remote[14.238.161.90:3478/udp]: Received TURN allocate error response, id=446f6c7939636e5931514957, code=401, rtt=64437 us
[000:478][106843] (turn_port.cc:1728): TurnPort(Port[442cf700:0:1:0:relay:Net[pdp_ip0:21.74.162.x/32:Cellular:id=3]]-Remote[14.238.161.90:3478/udp]: TURN allocate request sent, id=6134396468557354716a307a
[000:504][106843] (turn_port.cc:1737): TurnPort(Port[43da2d00:0:1:0:relay:Net[pdp_ip0:21.74.162.x/32:Cellular:id=3]]-Remote[171.226.10.227:3478/udp]: TURN allocate requested successfully, id=6d476159682b675753713666, code=0, rtt=46550 us, time_initial=148522 us, time_handshake=120344 us
[000:504][106843] (turn_port.cc:1182): TurnPort(Port[43da2d00:0:1:0:relay:Net[pdp_ip0:21.74.162.x/32:Cellular:id=3]]-Remote[171.226.10.227:3478/udp]: AddAddress 171.226.10.227:23596 proble=1, max/send/recv=(55/5), time_initial_ms=149, rttArgv=59, rtt=47, score=60, server_priority=3, priority=60
[000:504][106843] (basic_port_allocator.cc:1110): TurnPort(Port[43da2d00:0:1:0:relay:Net[pdp_ip0:21.74.162.x/32:Cellular:id=3]]-Remote[171.226.10.227:3478/udp]: Gathered candidate: Cand[:3484615878:1:udp:58604799:171.226.10.x:23596:relay:27.67.87.x:38413:bVsH:v9Dio7i1qBfuKPSV18GQzCr8:3:900:0]
[000:504][106843] (basic_port_allocator.cc:1143): TurnPort(Port[43da2d00:0:1:0:relay:Net[pdp_ip0:21.74.162.x/32:Cellular:id=3]]-Remote[171.226.10.227:3478/udp]: Port ready.
[000:504][106843] (p2p_transport_channel.cc:947): P2PTransportChannel::OnPortReady: TurnPort(Port[43da2d00:0:1:0:relay:Net[pdp_ip0:21.74.162.x/32:Cellular:id=3]]-Remote[171.226.10.227:3478/udp] remotes: 0
[000:504][106843] (wrapping_active_ice_controller.cc:223): Not switching selected connection due to: new candidate pairs created from a new local candidate
[000:504][106843] (basic_port_allocator.cc:1152): OnCandidateReady: TurnPort(Port[43da2d00:0:1:0:relay:Net[pdp_ip0:21.74.162.x/32:Cellular:id=3]]-Remote[171.226.10.227:3478/udp]: s:1 with candidates:1
[000:504][106843] (basic_port_allocator.cc:1259): TurnPort(Port[43da2d00:0:1:0:relay:Net[pdp_ip0:21.74.162.x/32:Cellular:id=3]]-Remote[171.226.10.227:3478/udp]: Port completed gathering candidates.
[000:504][106843] (turn_port.cc:1443): TurnPort(Port[43da2d00:0:1:0:relay:Net[pdp_ip0:21.74.162.x/32:Cellular:id=3]]-Remote[171.226.10.227:3478/udp]: Scheduled refresh in 540000ms.
[000:504][106843] (turn_port.cc:1737): TurnPort(Port[442cca00:0:1:0:relay:Net[pdp_ip0:21.74.162.x/32:Cellular:id=3]]-Remote[203.171.26.154:3478/udp]: TURN allocate requested successfully, id=4f4734777a4c4e592b4d4e61, code=0, rtt=46457 us, time_initial=118949 us, time_handshake=118313 us
[000:504][106843] (turn_port.cc:1182): TurnPort(Port[442cca00:0:1:0:relay:Net[pdp_ip0:21.74.162.x/32:Cellular:id=3]]-Remote[203.171.26.154:3478/udp]: AddAddress 203.171.26.154:42073 proble=1, max/send/recv=(55/5), time_initial_ms=119, rttArgv=72, rtt=46, score=70, server_priority=1, priority=70
[000:504][106843] (basic_port_allocator.cc:1110): TurnPort(Port[442cca00:0:1:0:relay:Net[pdp_ip0:21.74.162.x/32:Cellular:id=3]]-Remote[203.171.26.154:3478/udp]: Gathered candidate: Cand[:3578973018:1:udp:58607359:203.171.26.x:42073:relay:27.67.87.x:59921:bVsH:v9Dio7i1qBfuKPSV18GQzCr8:3:900:0]
[000:504][106843] (basic_port_allocator.cc:1143): TurnPort(Port[442cca00:0:1:0:relay:Net[pdp_ip0:21.74.162.x/32:Cellular:id=3]]-Remote[203.171.26.154:3478/udp]: Port ready.
[000:504][106843] (p2p_transport_channel.cc:947): P2PTransportChannel::OnPortReady: TurnPort(Port[442cca00:0:1:0:relay:Net[pdp_ip0:21.74.162.x/32:Cellular:id=3]]-Remote[203.171.26.154:3478/udp] remotes: 0
[000:504][106843] (wrapping_active_ice_controller.cc:223): Not switching selected connection due to: new candidate pairs created from a new local candidate
[000:504][106843] (basic_port_allocator.cc:1152): OnCandidateReady: TurnPort(Port[442cca00:0:1:0:relay:Net[pdp_ip0:21.74.162.x/32:Cellular:id=3]]-Remote[203.171.26.154:3478/udp]: s:1 with candidates:1
[000:504][106843] (basic_port_allocator.cc:1259): TurnPort(Port[442cca00:0:1:0:relay:Net[pdp_ip0:21.74.162.x/32:Cellular:id=3]]-Remote[203.171.26.154:3478/udp]: Port completed gathering candidates.
[000:504][106843] (turn_port.cc:1443): TurnPort(Port[442cca00:0:1:0:relay:Net[pdp_ip0:21.74.162.x/32:Cellular:id=3]]-Remote[203.171.26.154:3478/udp]: Scheduled refresh in 540000ms.
[000:514][106843] (turn_port.cc:1737): TurnPort(Port[43da2300:0:1:0:relay:Net[pdp_ip0:21.74.162.x/32:Cellular:id=3]]-Remote[14.238.62.98:3478/udp]: TURN allocate requested successfully, id=6a77684f376f6b48744d4a4e, code=0, rtt=57252 us, time_initial=181138 us, time_handshake=158964 us
[000:514][106843] (turn_port.cc:1778): TurnPort(Port[43da2300:0:1:0:relay:Net[pdp_ip0:21.74.162.x/32:Cellular:id=3]]-Remote[14.238.62.98:3478/udp]: Missing STUN_ATTR_TOKEN_ID attribute in allocate unauthorized response.
[000:514][106843] (turn_port.cc:1182): TurnPort(Port[43da2300:0:1:0:relay:Net[pdp_ip0:21.74.162.x/32:Cellular:id=3]]-Remote[14.238.62.98:3478/udp]: AddAddress 14.238.62.98:43086 proble=1, max/send/recv=(55/5), time_initial_ms=181, rttArgv=42, rtt=57, score=60, server_priority=4, priority=60
[000:514][106843] (basic_port_allocator.cc:1110): TurnPort(Port[43da2300:0:1:0:relay:Net[pdp_ip0:21.74.162.x/32:Cellular:id=3]]-Remote[14.238.62.98:3478/udp]: Gathered candidate: Cand[:3565053371:1:udp:58604799:14.238.62.x:43086:relay:27.67.87.x:11265:bVsH:v9Dio7i1qBfuKPSV18GQzCr8:3:900:0]
[000:515][106843] (basic_port_allocator.cc:1143): TurnPort(Port[43da2300:0:1:0:relay:Net[pdp_ip0:21.74.162.x/32:Cellular:id=3]]-Remote[14.238.62.98:3478/udp]: Port ready.
[000:515][106843] (p2p_transport_channel.cc:947): P2PTransportChannel::OnPortReady: TurnPort(Port[43da2300:0:1:0:relay:Net[pdp_ip0:21.74.162.x/32:Cellular:id=3]]-Remote[14.238.62.98:3478/udp] remotes: 0
[000:515][106843] (wrapping_active_ice_controller.cc:223): Not switching selected connection due to: new candidate pairs created from a new local candidate
[000:515][106843] (basic_port_allocator.cc:1152): OnCandidateReady: TurnPort(Port[43da2300:0:1:0:relay:Net[pdp_ip0:21.74.162.x/32:Cellular:id=3]]-Remote[14.238.62.98:3478/udp]: s:1 with candidates:1
[000:515][106843] (basic_port_allocator.cc:1259): TurnPort(Port[43da2300:0:1:0:relay:Net[pdp_ip0:21.74.162.x/32:Cellular:id=3]]-Remote[14.238.62.98:3478/udp]: Port completed gathering candidates.
[000:515][106843] (turn_port.cc:1443): TurnPort(Port[43da2300:0:1:0:relay:Net[pdp_ip0:21.74.162.x/32:Cellular:id=3]]-Remote[14.238.62.98:3478/udp]: Scheduled refresh in 540000ms.
[000:538][106843] (turn_port.cc:1737): TurnPort(Port[442cf700:0:1:0:relay:Net[pdp_ip0:21.74.162.x/32:Cellular:id=3]]-Remote[14.238.161.90:3478/udp]: TURN allocate requested successfully, id=6134396468557354716a307a, code=0, rtt=60158 us, time_initial=154412 us, time_handshake=152915 us
[000:538][106843] (turn_port.cc:1778): TurnPort(Port[442cf700:0:1:0:relay:Net[pdp_ip0:21.74.162.x/32:Cellular:id=3]]-Remote[14.238.161.90:3478/udp]: Missing STUN_ATTR_TOKEN_ID attribute in allocate unauthorized response.
[000:538][106843] (turn_port.cc:1182): TurnPort(Port[442cf700:0:1:0:relay:Net[pdp_ip0:21.74.162.x/32:Cellular:id=3]]-Remote[14.238.161.90:3478/udp]: AddAddress 14.238.161.90:43274 proble=1, max/send/recv=(55/5), time_initial_ms=154, rttArgv=73, rtt=60, score=55, server_priority=2, priority=55
[000:538][106843] (basic_port_allocator.cc:1110): TurnPort(Port[442cf700:0:1:0:relay:Net[pdp_ip0:21.74.162.x/32:Cellular:id=3]]-Remote[14.238.161.90:3478/udp]: Gathered candidate: Cand[:127960913:1:udp:58603519:14.238.161.x:43274:relay:27.67.87.x:26640:bVsH:v9Dio7i1qBfuKPSV18GQzCr8:3:900:0]
[000:538][106843] (basic_port_allocator.cc:1143): TurnPort(Port[442cf700:0:1:0:relay:Net[pdp_ip0:21.74.162.x/32:Cellular:id=3]]-Remote[14.238.161.90:3478/udp]: Port ready.
[000:538][106843] (p2p_transport_channel.cc:947): P2PTransportChannel::OnPortReady: TurnPort(Port[442cf700:0:1:0:relay:Net[pdp_ip0:21.74.162.x/32:Cellular:id=3]]-Remote[14.238.161.90:3478/udp] remotes: 0
[000:538][106843] (wrapping_active_ice_controller.cc:223): Not switching selected connection due to: new candidate pairs created from a new local candidate
[000:538][106843] (basic_port_allocator.cc:1152): OnCandidateReady: TurnPort(Port[442cf700:0:1:0:relay:Net[pdp_ip0:21.74.162.x/32:Cellular:id=3]]-Remote[14.238.161.90:3478/udp]: s:1 with candidates:1
[000:538][106843] (basic_port_allocator.cc:1259): TurnPort(Port[442cf700:0:1:0:relay:Net[pdp_ip0:21.74.162.x/32:Cellular:id=3]]-Remote[14.238.161.90:3478/udp]: Port completed gathering candidates.
[000:538][106843] (basic_port_allocator.cc:1333): All candidates gathered for 0:1:0
[000:538][106843] (p2p_transport_channel.cc:1009): P2PTransportChannel: 0, component 1 gathering complete, but using continual gathering so not changing gathering state.
[000:539][106843] (turn_port.cc:1443): TurnPort(Port[442cf700:0:1:0:relay:Net[pdp_ip0:21.74.162.x/32:Cellular:id=3]]-Remote[14.238.161.90:3478/udp]: Scheduled refresh in 540000ms.
[000:791][259] (RTCLogging.mm:34): (RTCAudioSession.mm:856 -[RTCAudioSession audioSessionDidActivate:]): Audio session was externally activated.
[000:791][259] (RTCLogging.mm:34): (RTCAudioSession.mm:680 -[RTCAudioSession incrementActivationCount]): Incrementing activation count.
[001:355][259] (RTCLogging.mm:34): (RTCAudioSession.mm:557 -[RTCAudioSession handleRouteChangeNotification:]): Audio route changed:
[001:355][259] (RTCLogging.mm:34): (RTCAudioSession.mm:570 -[RTCAudioSession handleRouteChangeNotification:]): Audio route changed: CategoryChange to :AVAudioSessionCategoryPlayAndRecord
[001:356][259] (RTCLogging.mm:34): (RTCAudioSession.mm:590 -[RTCAudioSession handleRouteChangeNotification:]): Previous route: <AVAudioSessionRouteDescription: 0x150a327f0, 
inputs = (
    "<AVAudioSessionPortDescription: 0x150a327b0, type = MicrophoneBuiltIn; name = Micr\U00f4 c\U1ee7a iPhone; UID = Built-In Microphone; selectedDataSource = D\U01b0\U1edbi c\U00f9ng>"
); 
outputs = (
    "<AVAudioSessionPortDescription: 0x150a32920, type = Receiver; name = Thi\U1ebft b\U1ecb nh\U1eadn; UID = Built-In Receiver; selectedDataSource = (null)>"
)>
Current route:<AVAudioSessionRouteDescription: 0x150a32a30, 
inputs = (
    "<AVAudioSessionPortDescription: 0x150a32a20, type = MicrophoneBuiltIn; name = Micr\U00f4 c\U1ee7a iPhone; UID = Built-In Microphone; selectedDataSource = D\U01b0\U1edbi c\U00f9ng>"
); 
outputs = (
    "<AVAudioSessionPortDescription: 0x150a32960, type = Speaker; name = Loa ngo\U00e0i; UID = Speaker; selectedDataSource = (null)>"
)>
[032:569][101171] (sdp_offer_answer.cc:2960): SdpOfferAnswerHandler::DoSetRemoteDescription.
[032:569][101171] (sdp_offer_answer.cc:2200): SdpOfferAnswerHandler::ApplyRemoteDescription
[032:570][106843] (jsep_transport_controller.cc:1091): MaybeCreateJsepTransport mid=0 exits
[032:570][106843] (dtls_srtp_transport.cc:53): Setting RTP Transport on 0 transport 43ec0700
[032:570][106843] (p2p_transport_channel.cc:509): Received remote ICE parameters: ufrag=CH8I, renomination enabled
[032:570][106843] (openssl_stream_adapter.cc:167): WebRTC-ForceDtls13 Disabled
[032:570][106843] (dtls_transport.cc:599): DtlsTransport[0|1|__]: DTLS setup complete, dtls_in_stun: 1
[032:570][106843] (dtls_transport.cc:1224): DtlsTransport[0|1|__]: configuring DTLS handshake timeout 86400000ms for DTLS-in-STUN
[032:570][106843] (dtls_transport.cc:1067): DtlsTransport[0|1|__]: DtlsTransportInternalImpl: Start DTLS handshake active=1 role=server
[032:582][106843] (openssl_adapter.cc:811): TLS server start_accept
[032:582][106843] (openssl_adapter.cc:811): TLS server read_client_hello
[032:582][106843] (openssl_adapter.cc:811): TLS server read_client_hello
[032:582][106843] (srtp_transport.cc:255): The params in SRTP transport are reset.
[032:582][106843] (wrapping_active_ice_controller.cc:223): Not switching selected connection due to: remote candidate generation maybe changed
[032:583][101171] (peer_connection.cc:2313): Creating data channel, mid=1
[032:583][101171] (sdp_offer_answer.cc:2217): SdpOfferAnswerHandler::UpdateChannels
[032:583][101171] (sdp_offer_answer.cc:3285): SdpOfferAnswerHandler::UpdateSessionState with type: answer
[032:583][101171] (sdp_offer_answer.cc:3264): Session: 8408536852214850148 Old state: have-local-offer New state: stable
[032:583][101171] (sdp_offer_answer.cc:3310): SdpOfferAnswerHandler::UpdateSessionState ChangeSignalingState with source: 1
[032:583][101171] (sdp_offer_answer.cc:5242): SdpOfferAnswerHandler::PushdownMediaDescription
[032:583][110607] (channel.cc:637): Channel enabled: {mid: 0, media_type: audio}
[032:583][110607] (channel.cc:916): Changing voice state, recv=1 send=0 for {mid: 0, media_type: audio}
[032:583][101171] (sdp_offer_answer.cc:5257): SdpOfferAnswerHandler::UpdatePayloadTypeDemuxingState with rtp_transceivers:1
[032:583][101171] (sdp_offer_answer.cc:5295): SdpOfferAnswerHandler::UpdatePayloadTypeDemuxingState transceiver with source: 1
[032:583][110607] (webrtc_voice_engine.cc:2504): ResetUnsignaledRecvStream.
[032:583][101171] (sdp_offer_answer.cc:5308): SdpOfferAnswerHandler::UpdatePayloadTypeDemuxingState batcher.
[032:583][110607] (channel.cc:996): Setting remote voice description for {mid: 0, media_type: audio}
[032:583][110607] (webrtc_voice_engine.cc:1327): WebRtcVoiceMediaChannel::SetSenderParameters: {codecs: [AudioCodec[111:opus:48000:0:2], AudioCodec[63:red:48000:0:2], AudioCodec[9:G722:8000:0:1], AudioCodec[0:PCMU:8000:0:1], AudioCodec[8:PCMA:8000:0:1], AudioCodec[13:CN:8000:0:1], AudioCodec[110:telephone-event:48000:0:1], AudioCodec[126:telephone-event:8000:0:1]], extensions: [{uri: http://www.ietf.org/id/draft-holmer-rmcat-transport-wide-cc-extensions-01, id: 3}, {uri: http://www.webrtc.org/experiments/rtp-hdrext/abs-send-time, id: 2}, {uri: urn:ietf:params:rtp-hdrext:sdes:mid, id: 4}, {uri: urn:ietf:params:rtp-hdrext:ssrc-audio-level, id: 1}], extmap-allow-mixed: true, max_bandwidth_bps: -1, mid: 0, options: AudioOptions {}, rtcp: {reduced_size:1, remote_estimate:0}}
[032:583][110607] (audio_send_stream.cc:233): AudioSendStream::ConfigureStream: {rtp: {ssrc: 3379668032, csrcs: [], extmap-allow-mixed: true, extensions: [], c_name: Y9xHul8OMvvdcMwj}, rtcp_report_interval_ms: 5000, send_transport: (Transport), min_bitrate_bps: 32000, max_bitrate_bps: 32000, has audio_network_adaptor_config: false, has_dscp: false, send_codec_spec: {nack_enabled: false, enable_non_sender_rtt: false, cng_payload_type: <unset>, red_payload_type: <unset>, payload_type: 111, format: {name: opus, clockrate_hz: 48000, num_channels: 2, parameters: {minptime: 10, useinbandfec: 1}}}}
[032:587][110607] (audio_send_stream.cc:233): AudioSendStream::ConfigureStream: {rtp: {ssrc: 3379668032, csrcs: [], extmap-allow-mixed: true, extensions: [{uri: http://www.ietf.org/id/draft-holmer-rmcat-transport-wide-cc-extensions-01, id: 3}, {uri: http://www.webrtc.org/experiments/rtp-hdrext/abs-send-time, id: 2}, {uri: urn:ietf:params:rtp-hdrext:sdes:mid, id: 4}, {uri: urn:ietf:params:rtp-hdrext:ssrc-audio-level, id: 1}], c_name: Y9xHul8OMvvdcMwj}, rtcp_report_interval_ms: 5000, send_transport: (Transport), min_bitrate_bps: 32000, max_bitrate_bps: 32000, has audio_network_adaptor_config: false, has_dscp: false, send_codec_spec: {nack_enabled: false, enable_non_sender_rtt: false, cng_payload_type: <unset>, red_payload_type: <unset>, payload_type: 111, format: {name: opus, clockrate_hz: 48000, num_channels: 2, parameters: {minptime: 10, useinbandfec: 1}}}}
[032:587][110607] (audio_send_stream.cc:233): AudioSendStream::ConfigureStream: {rtp: {ssrc: 3379668032, csrcs: [], extmap-allow-mixed: true, extensions: [{uri: http://www.ietf.org/id/draft-holmer-rmcat-transport-wide-cc-extensions-01, id: 3}, {uri: http://www.webrtc.org/experiments/rtp-hdrext/abs-send-time, id: 2}, {uri: urn:ietf:params:rtp-hdrext:sdes:mid, id: 4}, {uri: urn:ietf:params:rtp-hdrext:ssrc-audio-level, id: 1}], c_name: Y9xHul8OMvvdcMwj}, rtcp_report_interval_ms: 5000, send_transport: (Transport), min_bitrate_bps: 32000, max_bitrate_bps: 32000, has audio_network_adaptor_config: false, has_dscp: false, send_codec_spec: {nack_enabled: false, enable_non_sender_rtt: false, cng_payload_type: <unset>, red_payload_type: <unset>, payload_type: 111, format: {name: opus, clockrate_hz: 48000, num_channels: 2, parameters: {minptime: 10, useinbandfec: 1}}}}
[032:587][110607] (audio_send_stream.cc:233): AudioSendStream::ConfigureStream: {rtp: {ssrc: 3379668032, mid: 0, csrcs: [], extmap-allow-mixed: true, extensions: [{uri: http://www.ietf.org/id/draft-holmer-rmcat-transport-wide-cc-extensions-01, id: 3}, {uri: http://www.webrtc.org/experiments/rtp-hdrext/abs-send-time, id: 2}, {uri: urn:ietf:params:rtp-hdrext:sdes:mid, id: 4}, {uri: urn:ietf:params:rtp-hdrext:ssrc-audio-level, id: 1}], c_name: Y9xHul8OMvvdcMwj}, rtcp_report_interval_ms: 5000, send_transport: (Transport), min_bitrate_bps: 32000, max_bitrate_bps: 32000, has audio_network_adaptor_config: false, has_dscp: false, send_codec_spec: {nack_enabled: false, enable_non_sender_rtt: false, cng_payload_type: <unset>, red_payload_type: <unset>, payload_type: 111, format: {name: opus, clockrate_hz: 48000, num_channels: 2, parameters: {minptime: 10, useinbandfec: 1}}}}
[032:587][110607] (webrtc_voice_engine.cc:1794): WebRtcVoiceMediaChannel::SetMaxSendBitrate.
[032:587][110607] (audio_send_stream.cc:233): AudioSendStream::ConfigureStream: {rtp: {ssrc: 3379668032, mid: 0, csrcs: [], extmap-allow-mixed: true, extensions: [{uri: http://www.ietf.org/id/draft-holmer-rmcat-transport-wide-cc-extensions-01, id: 3}, {uri: http://www.webrtc.org/experiments/rtp-hdrext/abs-send-time, id: 2}, {uri: urn:ietf:params:rtp-hdrext:sdes:mid, id: 4}, {uri: urn:ietf:params:rtp-hdrext:ssrc-audio-level, id: 1}], c_name: Y9xHul8OMvvdcMwj}, rtcp_report_interval_ms: 5000, send_transport: (Transport), min_bitrate_bps: 32000, max_bitrate_bps: 32000, has audio_network_adaptor_config: false, has_dscp: false, send_codec_spec: {nack_enabled: false, enable_non_sender_rtt: false, cng_payload_type: <unset>, red_payload_type: <unset>, payload_type: 111, format: {name: opus, clockrate_hz: 48000, num_channels: 2, parameters: {minptime: 10, useinbandfec: 1}}}}
[032:587][110607] (webrtc_voice_engine.cc:1304): Setting voice channel options: AudioOptions {}
[032:587][110607] (webrtc_voice_engine.cc:606): WebRtcVoiceEngine::ApplyOptions: AudioOptions {aec: 1, ns: 1, audio_jitter_buffer_max_packets: 200, audio_jitter_buffer_fast_accelerate: 0, audio_jitter_buffer_min_delay_ms: 0, }
[032:587][110607] (webrtc_voice_engine.cc:621): Always disable AEC on iOS. Use built-in instead.
[032:587][110607] (webrtc_voice_engine.cc:629): Always disable AGC on iOS. Use built-in instead.
[032:587][110607] (audio_processing_impl.cc:680): AudioProcessing::ApplyConfig: AudioProcessing::Config{ pipeline: { maximum_internal_processing_rate: 32000, multi_channel_render: 1, multi_channel_capture: 1 }, pre_amplifier: { enabled: 0, fixed_gain_factor: 1 },capture_level_adjustment: { enabled: 0, pre_gain_factor: 1, post_gain_factor: 1, analog_mic_gain_emulation: { enabled: 0, initial_level: 255 }}, high_pass_filter: { enabled: 1 }, echo_canceller: { enabled: 0, enforce_high_pass_filtering: 1 }, noise_suppression: { enabled: 1, level: High }, transient_suppression: { enabled: 0 }, gain_controller1: { enabled: 0, mode: FixedDigital, target_level_dbfs: 3, compression_gain_db: 9, enable_limiter: 1, analog_gain_controller { enabled: 1, startup_min_volume: 0, clipped_level_min: 70, enable_digital_adaptive: 1, clipped_level_step: 15, clipped_ratio_threshold: 0.1, clipped_wait_frames: 300, clipping_predictor:  { enabled: 0, mode: 0, window_length: 5, reference_window_length: 5, reference_window_delay: 5, clipping_threshold: -1, crest_factor_margin: 3, use_predicted_step: 1 }}}, gain_controller2: { enabled: 0, fixed_digital: { gain_db: 0 }, adaptive_digital: { enabled: 0, headroom_db: 5, max_gain_db: 50, initial_gain_db: 15, max_gain_change_db_per_second: 6, max_output_noise_level_dbfs: -50 }, input_volume_control : { enabled 0}}
[032:587][110607] (webrtc_voice_engine.cc:1318): Set voice send channel options. Current options: AudioOptions {aec: 1, ns: 1, audio_jitter_buffer_max_packets: 200, audio_jitter_buffer_fast_accelerate: 0, audio_jitter_buffer_min_delay_ms: 0, }
[032:587][110607] (webrtc_voice_engine.cc:2200): WebRtcVoiceMediaChannel::SetReceiverParameters: {codecs: [AudioCodec[111:opus:48000:0:2], AudioCodec[63:red:48000:0:2], AudioCodec[9:G722:8000:0:1], AudioCodec[0:PCMU:8000:0:1], AudioCodec[8:PCMA:8000:0:1], AudioCodec[13:CN:8000:0:1], AudioCodec[110:telephone-event:48000:0:1], AudioCodec[126:telephone-event:8000:0:1]], extensions: [{uri: http://www.ietf.org/id/draft-holmer-rmcat-transport-wide-cc-extensions-01, id: 3}, {uri: http://www.webrtc.org/experiments/rtp-hdrext/abs-send-time, id: 2}, {uri: urn:ietf:params:rtp-hdrext:sdes:mid, id: 4}, {uri: urn:ietf:params:rtp-hdrext:ssrc-audio-level, id: 1}], rtcp: {reduced_size:1, remote_estimate:0}}
[032:587][110607] (webrtc_voice_engine.cc:2380): Changing RTCP mode on receive streams.
[032:587][110607] (webrtc_voice_engine.cc:2431): AddRecvStream: {id:audio_UQB3IP55YMC;ssrcs:[4254292599];ssrc_groups:;cname:OA1V4lNl91mTVbS2;stream_ids:stream_UQB3IP55YMC;}
[032:588][110607] (neteq_impl.cc:160): NetEq config: sample_rate_hz=48000, max_packets_in_buffer=200, min_delay_ms=0, enable_fast_accelerate=false, enable_muted_state=true, enable_rtx_handling=false
[032:588][110607] (audio_receive_stream.cc:123): AudioReceiveStreamImpl: 4254292599
[032:588][110607] (audio_receive_stream.cc:194): AudioReceiveStreamImpl::Start: 4254292599
[032:588][110607] (audio_device_ios.mm:196): AudioDeviceIOS::InitPlayout
[032:588][110607] (audio_device_ios.mm:980): AudioDeviceIOS::InitPlayOrRecord
[032:653][110607] (RTCLogging.mm:34): (audio_device_ios.mm:945 ConfigureAudioSessionLocked): Configuring audio session.
[032:653][110607] (RTCLogging.mm:34): (RTCAudioSession.mm:744 -[RTCAudioSession configureWebRTCSession:]): Configuring audio session for WebRTC.
[032:660][110607] (RTCLogging.mm:34): (RTCAudioSession+Configuration.mm:83 -[RTCAudioSession(Configuration) setConfiguration:active:shouldSetActive:error:]): Set preferred sample rate to: 48000.00
[032:661][110607] (RTCLogging.mm:34): (RTCAudioSession+Configuration.mm:98 -[RTCAudioSession(Configuration) setConfiguration:active:shouldSetActive:error:]): Set preferred IO buffer duration to: 0.020000
[032:661][110607] (RTCLogging.mm:34): (RTCAudioSession.mm:680 -[RTCAudioSession incrementActivationCount]): Incrementing activation count.
[032:661][110607] (RTCLogging.mm:34): (RTCAudioSession.mm:419 -[RTCAudioSession setActive:error:]): Number of current activations: 3
[032:681][110607] (RTCLogging.mm:34): (RTCAudioSession+Configuration.mm:145 -[RTCAudioSession(Configuration) setConfiguration:active:shouldSetActive:error:]): Set output number of channels to: 1
[032:684][110607] (RTCLogging.mm:34): (audio_device_ios.mm:955 ConfigureAudioSessionLocked): Configured audio session.
[032:684][110607] (audio_device_ios.mm:758): AudioDeviceIOS::SetupAudioBuffersForActiveAudioSession
[032:688][110607] (RTCLogging.mm:34): (audio_device_ios.mm:764 SetupAudioBuffersForActiveAudioSession): RTC_OBJC_TYPE(RTCAudioSession): {
  category: AVAudioSessionCategoryPlayAndRecord
  categoryOptions: 109
  mode: AVAudioSessionModeVoiceChat
  isActive: 1
  sampleRate: 48000.00
  IOBufferDuration: 0.020000
  outputNumberOfChannels: 2
  inputNumberOfChannels: 1
  outputLatency: 0.002458
  inputLatency: 0.000604
  outputVolume: 1.000000
}
[032:688][110607] (audio_device_ios.mm:799):  frames per I/O buffer: 960
[032:688][110607] (audio_device_ios.mm:801):  bytes per I/O buffer: 1920
[032:688][110607] (audio_device_ios.mm:741): AudioDeviceIOS::UpdateAudioDevicebuffer
[032:688][110607] (audio_device_buffer.cc:213): SetPlayoutSampleRate(48000)
[032:688][110607] (audio_device_buffer.cc:233): SetPlayoutChannels(1)
[032:688][110607] (audio_device_buffer.cc:207): SetRecordingSampleRate(48000)
[032:688][110607] (audio_device_buffer.cc:227): SetRecordingChannels(1)
[032:688][110607] (RTCLogging.mm:34): (voice_processing_audio_unit.mm:217 Initialize): Initializing audio unit with sample rate: 48000.000000
[032:901][259] (RTCLogging.mm:34): (RTCAudioSession.mm:557 -[RTCAudioSession handleRouteChangeNotification:]): Audio route changed:
[032:901][259] (RTCLogging.mm:34): (RTCAudioSession.mm:573 -[RTCAudioSession handleRouteChangeNotification:]): Audio route changed: Override
[032:902][259] (RTCLogging.mm:34): (RTCAudioSession.mm:590 -[RTCAudioSession handleRouteChangeNotification:]): Previous route: <AVAudioSessionRouteDescription: 0x150a32c50, 
inputs = (
    "<AVAudioSessionPortDescription: 0x150a32730, type = MicrophoneBuiltIn; name = Micr\U00f4 c\U1ee7a iPhone; UID = Built-In Microphone; selectedDataSource = D\U01b0\U1edbi c\U00f9ng>"
); 
outputs = (
    "<AVAudioSessionPortDescription: 0x150a31760, type = Speaker; name = Loa ngo\U00e0i; UID = Speaker; selectedDataSource = (null)>"
)>
Current route:<AVAudioSessionRouteDescription: 0x150a32b60, 
inputs = (
    "<AVAudioSessionPortDescription: 0x150a316f0, type = MicrophoneBuiltIn; name = Micr\U00f4 c\U1ee7a iPhone; UID = Built-In Microphone; selectedDataSource = (null)>"
); 
outputs = (
    "<AVAudioSessionPortDescription: 0x150a32c30, type = Speaker; name = Loa ngo\U00e0i; UID = Speaker; selectedDataSource = (null)>"
)>
[032:906][110607] (RTCLogging.mm:34): (voice_processing_audio_unit.mm:277 Initialize): Voice Processing I/O unit is now initialized.
[032:906][110607] (RTCLogging.mm:34): (voice_processing_audio_unit.mm:72 GetAGCState): VPIO unit AGC: 1
[032:906][110607] (RTCLogging.mm:34): (voice_processing_audio_unit.mm:371 Initialize): WebRTC.Audio.BuiltInAGCWasEnabledByDefault: 1
[032:906][110607] (RTCLogging.mm:34): (voice_processing_audio_unit.mm:377 Initialize): WebRTC.Audio.BuiltInAGCIsEnabled: 1
[032:906][110607] (audio_device_ios.mm:236): AudioDeviceIOS::StartPlayout
[032:906][110607] (RTCLogging.mm:34): (voice_processing_audio_unit.mm:385 Start): Starting audio unit.
[032:994][110607] (RTCLogging.mm:34): (voice_processing_audio_unit.mm:392 Start): Started audio unit
[032:994][110607] (audio_device_ios.mm:258): Voice-Processing I/O audio unit is now started
[032:994][110607] (channel.cc:810): Add remote ssrc: 4254292599 to {mid: 0, media_type: audio}
[032:994][110607] (channel.cc:916): Changing voice state, recv=1 send=0 for {mid: 0, media_type: audio}
[032:994][110607] (thread.cc:557): Message to worker_thread 0x0x13a7a4100 took 411ms to dispatch.
[032:995][101171] (sdp_offer_answer.cc:5378): SdpOfferAnswerHandler::UpdatePayloadTypeDemuxingState sctp
[032:996][101171] (sdp_offer_answer.cc:5408): SdpOfferAnswerHandler::UpdatePayloadTypeDemuxingState done
[032:996][101171] (sdp_offer_answer.cc:2226): SdpOfferAnswerHandler::UpdateSessionState
[032:996][101171] (sdp_offer_answer.cc:2234): SdpOfferAnswerHandler::UseCandidatesInRemoteDescription
[032:996][101171] (sdp_offer_answer.cc:2271): SdpOfferAnswerHandler::old_remote_description no using
[032:996][101171] (sdp_offer_answer.cc:2278): SdpOfferAnswerHandler::operation->HaveSessionSuccess
[032:997][101171] (sdp_offer_answer.cc:2285): SdpOfferAnswerHandler::pt_suggester_.Update
[032:997][101171] (peer_connection.cc:2032): Changing IceConnectionState new => checking
[032:997][101171] (sdp_offer_answer.cc:2402): Processing the MSIDs for MID=0 (streams=[stream_UQB3IP55YMC]).
[032:997][101171] (sdp_offer_answer.cc:2412): Processing the addition of a remote track for MID=0.
[032:997][101171] (rtp_transceiver.cc:884): Changing transceiver (MID=0) current direction from <not set> to kSendRecv
[033:005][137991] (audio_device_buffer.cc:347): Size of playout buffer: 480
[033:033][110607] (RTCLogging.mm:34): (audio_device_ios.mm:602 HandleValidRouteChange): RTC_OBJC_TYPE(RTCAudioSession): {
  category: AVAudioSessionCategoryPlayAndRecord
  categoryOptions: 109
  mode: AVAudioSessionModeVoiceChat
  isActive: 1
  sampleRate: 48000.00
  IOBufferDuration: 0.020000
  outputNumberOfChannels: 2
  inputNumberOfChannels: 4
  outputLatency: 0.001292
  inputLatency: 0.000604
  outputVolume: 1.000000
}
[033:033][110607] (RTCLogging.mm:34): (audio_device_ios.mm:613 HandleSampleRateChange): Handling sample rate change.
[033:033][110607] (RTCLogging.mm:34): (audio_device_ios.mm:645 HandleSampleRateChange): Handling playout sample rate change:
  Session sample rate: 48000.000000 frames_per_buffer: 960
  ADM sample rate: 48000.000000 frames_per_buffer: 960
[033:033][110607] (RTCLogging.mm:34): (audio_device_ios.mm:652 HandleSampleRateChange): Ignoring sample rate change since audio parameters are intact.
[033:033][110607] (webrtc_voice_engine.cc:2581): SetBaseMinimumPlayoutDelayMs() to 0 for recv stream with ssrc 4254292599
[033:033][110607] (webrtc_voice_engine.cc:2532): WRVMC::SetOutputVolume({ssrc=4254292599}, {volume=1.00})
[033:033][110607] (webrtc_voice_engine.cc:2542): WRVMC::SetOutputVolume => (stream with SSRC 4254292599 now uses volume 1.00)
[033:033][101171] (RTCLogging.mm:34): (RTCDtmfSender.mm:78 -[RTCDtmfSender initWithNativeDtmfSender:]): RTC_OBJC_TYPE(RTCDtmfSender)(0x150a31b00): created DTMF sender: RTC_OBJC_TYPE(RTCDtmfSender) {
  remainingTones: 
  duration: 0.100000 sec
  interToneGap: 0.050000 sec
}
[033:033][101171] (RTCLogging.mm:34): (RTCRtpSender.mm:141 -[RTCRtpSender initWithFactory:nativeRtpSender:]): RTC_OBJC_TYPE(RTCRtpSender)(0x12114ab40): created sender: RTC_OBJC_TYPE(RTCRtpSender) {
  senderId: audio_UGCU5AF4MTE
}
[033:033][101171] (RTCLogging.mm:34): (RTCRtpReceiver.mm:150 -[RTCRtpReceiver initWithFactory:nativeRtpReceiver:]): RTC_OBJC_TYPE(RTCRtpReceiver)(0x121208c60): created receiver: RTC_OBJC_TYPE(RTCRtpReceiver) {
  receiverId: 008468af-1ca3-4f54-9a08-7adde86a9f69
}
[033:034][101171] (RTCLogging.mm:34): (RTCRtpTransceiver.mm:257 -[RTCRtpTransceiver initWithFactory:nativeRtpTransceiver:]): RTC_OBJC_TYPE(RTCRtpTransceiver)(0x1212093b0): created transceiver: RTC_OBJC_TYPE(RTCRtpTransceiver) {
  sender: RTC_OBJC_TYPE(RTCRtpSender) {
  senderId: audio_UGCU5AF4MTE
}
  receiver: RTC_OBJC_TYPE(RTCRtpReceiver) {
  receiverId: 008468af-1ca3-4f54-9a08-7adde86a9f69
}
}
[033:034][101171] (sdp_offer_answer.cc:2334): SdpOfferAnswerHandler::check operation: answer
[033:034][101171] (sdp_offer_answer.cc:2346): SdpOfferAnswerHandler::operation->SignalCompletion before
[033:034][101171] (sdp_offer_answer.cc:2354): SdpOfferAnswerHandler::ApplyRemoteDescription done
[033:034][101171] (thread.cc:557): Message to signaling_thread 0x0x13a7a5d00 took 465ms to dispatch.
[033:034][101171] (sdp_offer_answer.cc:5580): UseCandidate: mid: 0 with candidate: Cand[:2720167474:1:udp:58669312:203.171.26.154:24428:relay:171.225.203.16:2533:CH8I::3:10:0]
[033:034][106843] (turn_port.cc:798): TurnPort(Port[442cf700:0:1:0:relay:Net[pdp_ip0:21.74.162.x/32:Cellular:id=3]]-Remote[14.238.161.90:3478/udp]: CreateConnection with candidate: Cand[:2720167474:1:udp:58669312:203.171.26.154:24428:relay:171.225.203.16:2533:CH8I:oeAKenFOCLDYk66JFQvB4lRY:3:10:0], state: 2, local_candidate_size: 1
[033:034][101171] (sdp_offer_answer.cc:5580): UseCandidate: mid: 0 with candidate: Cand[:585254234:1:udp:58667264:116.103.111.245:59399:relay:171.225.203.16:22611:CH8I::3:10:0]
[033:034][101171] (sdp_offer_answer.cc:5580): UseCandidate: mid: 0 with candidate: Cand[:2396067801:1:udp:58673408:160.250.77.138:20103:relay:171.225.203.16:10879:CH8I::3:10:0]
[033:035][106843] (connection.cc:269): Conn[115e9800:0:Net[pdp_ip0:21.74.162.x/32:Cellular:id=3]:QnY4JMWt:1:0:relay:udp:14.238.161.x:43274->pfuYSs75:1:58669312:relay:udp:203.171.26.x:24428|C--W|-|0|0|-|251700197652853248|-][0 us][0 us]: Connection created
[033:035][106843] (turn_port.cc:2047): TurnPort(Port[442cf700:0:1:0:relay:Net[pdp_ip0:21.74.162.x/32:Cellular:id=3]]-Remote[14.238.161.90:3478/udp]: TURN create permission request sent, id=4936586c4f67664a5636436d with address: 203.171.26.154:24428
[033:035][106843] (p2p_transport_channel.cc:1567): Channel[0|1|__: Created connection with origin: 2, total: 1
[033:035][106843] (turn_port.cc:798): TurnPort(Port[43da2300:0:1:0:relay:Net[pdp_ip0:21.74.162.x/32:Cellular:id=3]]-Remote[14.238.62.98:3478/udp]: CreateConnection with candidate: Cand[:2720167474:1:udp:58669312:203.171.26.154:24428:relay:171.225.203.16:2533:CH8I:oeAKenFOCLDYk66JFQvB4lRY:3:10:0], state: 2, local_candidate_size: 1
[033:035][106843] (connection.cc:269): Conn[442da400:0:Net[pdp_ip0:21.74.162.x/32:Cellular:id=3]:VmSz1A7d:1:0:relay:udp:14.238.62.x:43086->pfuYSs75:1:58669312:relay:udp:203.171.26.x:24428|C--W|-|0|0|-|251705695210992128|-][0 us][0 us]: Connection created
[033:035][106843] (turn_port.cc:2047): TurnPort(Port[43da2300:0:1:0:relay:Net[pdp_ip0:21.74.162.x/32:Cellular:id=3]]-Remote[14.238.62.98:3478/udp]: TURN create permission request sent, id=68685777356f696630506471 with address: 203.171.26.154:24428
[033:035][106843] (p2p_transport_channel.cc:1567): Channel[0|1|__: Created connection with origin: 2, total: 2
[033:035][106843] (turn_port.cc:798): TurnPort(Port[442cca00:0:1:0:relay:Net[pdp_ip0:21.74.162.x/32:Cellular:id=3]]-Remote[203.171.26.154:3478/udp]: CreateConnection with candidate: Cand[:2720167474:1:udp:58669312:203.171.26.154:24428:relay:171.225.203.16:2533:CH8I:oeAKenFOCLDYk66JFQvB4lRY:3:10:0], state: 2, local_candidate_size: 1
[033:035][106843] (connection.cc:269): Conn[43136400:0:Net[pdp_ip0:21.74.162.x/32:Cellular:id=3]:uikS3yDZ:1:0:relay:udp:203.171.26.x:42073->pfuYSs75:1:58669312:relay:udp:203.171.26.x:24428|C--W|-|0|0|-|251716690327269888|-][0 us][0 us]: Connection created
[033:036][106843] (turn_port.cc:2047): TurnPort(Port[442cca00:0:1:0:relay:Net[pdp_ip0:21.74.162.x/32:Cellular:id=3]]-Remote[203.171.26.154:3478/udp]: TURN create permission request sent, id=66762f665550584730687532 with address: 203.171.26.154:24428
[033:036][106843] (p2p_transport_channel.cc:1567): Channel[0|1|__: Created connection with origin: 2, total: 3
[033:036][106843] (turn_port.cc:798): TurnPort(Port[43da2d00:0:1:0:relay:Net[pdp_ip0:21.74.162.x/32:Cellular:id=3]]-Remote[171.226.10.227:3478/udp]: CreateConnection with candidate: Cand[:2720167474:1:udp:58669312:203.171.26.154:24428:relay:171.225.203.16:2533:CH8I:oeAKenFOCLDYk66JFQvB4lRY:3:10:0], state: 2, local_candidate_size: 1
[033:036][106843] (connection.cc:269): Conn[44374c00:0:Net[pdp_ip0:21.74.162.x/32:Cellular:id=3]:79sVIJLP:1:0:relay:udp:171.226.10.x:23596->pfuYSs75:1:58669312:relay:udp:203.171.26.x:24428|C--W|-|0|0|-|251705695210992128|-][0 us][0 us]: Connection created
[033:036][106843] (turn_port.cc:2047): TurnPort(Port[43da2d00:0:1:0:relay:Net[pdp_ip0:21.74.162.x/32:Cellular:id=3]]-Remote[171.226.10.227:3478/udp]: TURN create permission request sent, id=3967415a456e624a776c7831 with address: 203.171.26.154:24428
[033:036][106843] (p2p_transport_channel.cc:1567): Channel[0|1|__: Created connection with origin: 2, total: 4
[033:036][106843] (p2p_transport_channel.cc:1531): Channel[0|1|__: skip creating connection host to relay, port: UDPPort(Port[43f0a300:0:1:0:host:Net[pdp_ip0:2402:800:5d8c:x:x:x:x:x/64:Cellular:id=4]]), remote: Cand[:2720167474:1:udp:58669312:203.171.26.154:24428:relay:171.225.203.16:2533:CH8I:oeAKenFOCLDYk66JFQvB4lRY:3:10:0]
[033:036][106843] (p2p_transport_channel.cc:1531): Channel[0|1|__: skip creating connection host to relay, port: UDPPort(Port[43f08e00:0:1:0:host:Net[pdp_ip0:21.74.162.x/32:Cellular:id=3]]), remote: Cand[:2720167474:1:udp:58669312:203.171.26.154:24428:relay:171.225.203.16:2533:CH8I:oeAKenFOCLDYk66JFQvB4lRY:3:10:0]
[033:036][106843] (p2p_transport_channel.cc:1495): CreateConnections: candidate: Cand[:2720167474:1:udp:58669312:203.171.26.154:24428:relay:171.225.203.16:2533:CH8I:oeAKenFOCLDYk66JFQvB4lRY:3:10:0], port_size: 6, created = 0 with no origin_port
[033:036][106843] (wrapping_active_ice_controller.cc:223): Not switching selected connection due to: new candidate pairs created from a new remote candidate
[033:036][106843] (p2p_transport_channel.cc:2027): Channel[0|1|__: Transport channel state changed from 0 to 1 with writable=0, receiving=0, iceCurrent=0, ice=1, conns=4, selected=0
[033:036][106843] (jsep_transport_controller.cc:1284): 0 Transport 1 state changed. Check if state is complete.
[033:036][106843] (p2p_transport_channel.cc:1818): Channel[0|1|__: Have a pingable connection for the first time; starting to ping.
[033:036][106843] (turn_port.cc:798): TurnPort(Port[442cf700:0:1:0:relay:Net[pdp_ip0:21.74.162.x/32:Cellular:id=3]]-Remote[14.238.161.90:3478/udp]: CreateConnection with candidate: Cand[:585254234:1:udp:58667264:116.103.111.245:59399:relay:171.225.203.16:22611:CH8I:oeAKenFOCLDYk66JFQvB4lRY:3:10:0], state: 2, local_candidate_size: 1
[033:036][106843] (connection.cc:269): Conn[43c72400:0:Net[pdp_ip0:21.74.162.x/32:Cellular:id=3]:QnY4JMWt:1:0:relay:udp:14.238.161.x:43274->/RCBPt1o:1:58667264:relay:udp:116.103.111.x:59399|C--W|-|0|0|-|251700197652849152|-][0 us][0 us]: Connection created
[033:036][101171] (peer_connection.cc:2054): Changing standardized IceConnectionState new => checking
[033:036][106843] (turn_port.cc:2047): TurnPort(Port[442cf700:0:1:0:relay:Net[pdp_ip0:21.74.162.x/32:Cellular:id=3]]-Remote[14.238.161.90:3478/udp]: TURN create permission request sent, id=6c617771786c4f5045535077 with address: 116.103.111.245:59399
[033:036][106843] (p2p_transport_channel.cc:1567): Channel[0|1|__: Created connection with origin: 2, total: 5
[033:036][106843] (turn_port.cc:798): TurnPort(Port[43da2300:0:1:0:relay:Net[pdp_ip0:21.74.162.x/32:Cellular:id=3]]-Remote[14.238.62.98:3478/udp]: CreateConnection with candidate: Cand[:585254234:1:udp:58667264:116.103.111.245:59399:relay:171.225.203.16:22611:CH8I:oeAKenFOCLDYk66JFQvB4lRY:3:10:0], state: 2, local_candidate_size: 1
[033:036][106843] (connection.cc:269): Conn[43c70000:0:Net[pdp_ip0:21.74.162.x/32:Cellular:id=3]:VmSz1A7d:1:0:relay:udp:14.238.62.x:43086->/RCBPt1o:1:58667264:relay:udp:116.103.111.x:59399|C--W|-|0|0|-|251705695210988032|-][0 us][0 us]: Connection created
[033:036][106843] (turn_port.cc:2047): TurnPort(Port[43da2300:0:1:0:relay:Net[pdp_ip0:21.74.162.x/32:Cellular:id=3]]-Remote[14.238.62.98:3478/udp]: TURN create permission request sent, id=626e754f526754354379446d with address: 116.103.111.245:59399
[033:036][106843] (p2p_transport_channel.cc:1567): Channel[0|1|__: Created connection with origin: 2, total: 6
[033:036][106843] (turn_port.cc:798): TurnPort(Port[442cca00:0:1:0:relay:Net[pdp_ip0:21.74.162.x/32:Cellular:id=3]]-Remote[203.171.26.154:3478/udp]: CreateConnection with candidate: Cand[:585254234:1:udp:58667264:116.103.111.245:59399:relay:171.225.203.16:22611:CH8I:oeAKenFOCLDYk66JFQvB4lRY:3:10:0], state: 2, local_candidate_size: 1
[033:036][106843] (connection.cc:269): Conn[3a44a400:0:Net[pdp_ip0:21.74.162.x/32:Cellular:id=3]:uikS3yDZ:1:0:relay:udp:203.171.26.x:42073->/RCBPt1o:1:58667264:relay:udp:116.103.111.x:59399|C--W|-|0|0|-|251716690327265792|-][0 us][0 us]: Connection created
[033:036][106843] (turn_port.cc:2047): TurnPort(Port[442cca00:0:1:0:relay:Net[pdp_ip0:21.74.162.x/32:Cellular:id=3]]-Remote[203.171.26.154:3478/udp]: TURN create permission request sent, id=54457030724d415778646c38 with address: 116.103.111.245:59399
[033:036][106843] (p2p_transport_channel.cc:1567): Channel[0|1|__: Created connection with origin: 2, total: 7
[033:036][106843] (turn_port.cc:798): TurnPort(Port[43da2d00:0:1:0:relay:Net[pdp_ip0:21.74.162.x/32:Cellular:id=3]]-Remote[171.226.10.227:3478/udp]: CreateConnection with candidate: Cand[:585254234:1:udp:58667264:116.103.111.245:59399:relay:171.225.203.16:22611:CH8I:oeAKenFOCLDYk66JFQvB4lRY:3:10:0], state: 2, local_candidate_size: 1
[033:036][106843] (connection.cc:269): Conn[3a6ce400:0:Net[pdp_ip0:21.74.162.x/32:Cellular:id=3]:79sVIJLP:1:0:relay:udp:171.226.10.x:23596->/RCBPt1o:1:58667264:relay:udp:116.103.111.x:59399|C--W|-|0|0|-|251705695210988032|-][0 us][0 us]: Connection created
[033:036][106843] (turn_port.cc:2047): TurnPort(Port[43da2d00:0:1:0:relay:Net[pdp_ip0:21.74.162.x/32:Cellular:id=3]]-Remote[171.226.10.227:3478/udp]: TURN create permission request sent, id=6b49687256655761794b4f48 with address: 116.103.111.245:59399
[033:036][106843] (p2p_transport_channel.cc:1567): Channel[0|1|__: Created connection with origin: 2, total: 8
[033:036][106843] (p2p_transport_channel.cc:1531): Channel[0|1|__: skip creating connection host to relay, port: UDPPort(Port[43f0a300:0:1:0:host:Net[pdp_ip0:2402:800:5d8c:x:x:x:x:x/64:Cellular:id=4]]), remote: Cand[:585254234:1:udp:58667264:116.103.111.245:59399:relay:171.225.203.16:22611:CH8I:oeAKenFOCLDYk66JFQvB4lRY:3:10:0]
[033:036][106843] (p2p_transport_channel.cc:1531): Channel[0|1|__: skip creating connection host to relay, port: UDPPort(Port[43f08e00:0:1:0:host:Net[pdp_ip0:21.74.162.x/32:Cellular:id=3]]), remote: Cand[:585254234:1:udp:58667264:116.103.111.245:59399:relay:171.225.203.16:22611:CH8I:oeAKenFOCLDYk66JFQvB4lRY:3:10:0]
[033:036][106843] (p2p_transport_channel.cc:1495): CreateConnections: candidate: Cand[:585254234:1:udp:58667264:116.103.111.245:59399:relay:171.225.203.16:22611:CH8I:oeAKenFOCLDYk66JFQvB4lRY:3:10:0], port_size: 6, created = 0 with no origin_port
[033:036][106843] (wrapping_active_ice_controller.cc:223): Not switching selected connection due to: new candidate pairs created from a new remote candidate
[033:036][106843] (turn_port.cc:798): TurnPort(Port[442cf700:0:1:0:relay:Net[pdp_ip0:21.74.162.x/32:Cellular:id=3]]-Remote[14.238.161.90:3478/udp]: CreateConnection with candidate: Cand[:2396067801:1:udp:58673408:160.250.77.138:20103:relay:171.225.203.16:10879:CH8I:oeAKenFOCLDYk66JFQvB4lRY:3:10:0], state: 2, local_candidate_size: 1
[033:036][106843] (connection.cc:269): Conn[3a6cd800:0:Net[pdp_ip0:21.74.162.x/32:Cellular:id=3]:QnY4JMWt:1:0:relay:udp:14.238.161.x:43274->e68vB7Oh:1:58673408:relay:udp:160.250.77.x:20103|C--W|-|0|0|-|251700197652861440|-][0 us][0 us]: Connection created
[033:036][106843] (turn_port.cc:2047): TurnPort(Port[442cf700:0:1:0:relay:Net[pdp_ip0:21.74.162.x/32:Cellular:id=3]]-Remote[14.238.161.90:3478/udp]: TURN create permission request sent, id=665a566e684d6f7836656e4f with address: 160.250.77.138:20103
[033:036][106843] (p2p_transport_channel.cc:1567): Channel[0|1|__: Created connection with origin: 2, total: 9
[033:036][106843] (turn_port.cc:798): TurnPort(Port[43da2300:0:1:0:relay:Net[pdp_ip0:21.74.162.x/32:Cellular:id=3]]-Remote[14.238.62.98:3478/udp]: CreateConnection with candidate: Cand[:2396067801:1:udp:58673408:160.250.77.138:20103:relay:171.225.203.16:10879:CH8I:oeAKenFOCLDYk66JFQvB4lRY:3:10:0], state: 2, local_candidate_size: 1
[033:036][106843] (connection.cc:269): Conn[3a77d800:0:Net[pdp_ip0:21.74.162.x/32:Cellular:id=3]:VmSz1A7d:1:0:relay:udp:14.238.62.x:43086->e68vB7Oh:1:58673408:relay:udp:160.250.77.x:20103|C--W|-|0|0|-|251705695211000320|-][0 us][0 us]: Connection created
[033:036][106843] (turn_port.cc:2047): TurnPort(Port[43da2300:0:1:0:relay:Net[pdp_ip0:21.74.162.x/32:Cellular:id=3]]-Remote[14.238.62.98:3478/udp]: TURN create permission request sent, id=396a79323838454c76754f2b with address: 160.250.77.138:20103
[033:036][106843] (p2p_transport_channel.cc:1567): Channel[0|1|__: Created connection with origin: 2, total: 10
[033:036][106843] (turn_port.cc:798): TurnPort(Port[442cca00:0:1:0:relay:Net[pdp_ip0:21.74.162.x/32:Cellular:id=3]]-Remote[203.171.26.154:3478/udp]: CreateConnection with candidate: Cand[:2396067801:1:udp:58673408:160.250.77.138:20103:relay:171.225.203.16:10879:CH8I:oeAKenFOCLDYk66JFQvB4lRY:3:10:0], state: 2, local_candidate_size: 1
[033:036][106843] (connection.cc:269): Conn[3a77cc00:0:Net[pdp_ip0:21.74.162.x/32:Cellular:id=3]:uikS3yDZ:1:0:relay:udp:203.171.26.x:42073->e68vB7Oh:1:58673408:relay:udp:160.250.77.x:20103|C--W|-|0|0|-|251716690327278080|-][0 us][0 us]: Connection created
[033:036][106843] (turn_port.cc:2047): TurnPort(Port[442cca00:0:1:0:relay:Net[pdp_ip0:21.74.162.x/32:Cellular:id=3]]-Remote[203.171.26.154:3478/udp]: TURN create permission request sent, id=495a595a64624e6d476e4451 with address: 160.250.77.138:20103
[033:036][106843] (p2p_transport_channel.cc:1567): Channel[0|1|__: Created connection with origin: 2, total: 11
[033:036][106843] (turn_port.cc:798): TurnPort(Port[43da2d00:0:1:0:relay:Net[pdp_ip0:21.74.162.x/32:Cellular:id=3]]-Remote[171.226.10.227:3478/udp]: CreateConnection with candidate: Cand[:2396067801:1:udp:58673408:160.250.77.138:20103:relay:171.225.203.16:10879:CH8I:oeAKenFOCLDYk66JFQvB4lRY:3:10:0], state: 2, local_candidate_size: 1
[033:036][106843] (connection.cc:269): Conn[3a77c000:0:Net[pdp_ip0:21.74.162.x/32:Cellular:id=3]:79sVIJLP:1:0:relay:udp:171.226.10.x:23596->e68vB7Oh:1:58673408:relay:udp:160.250.77.x:20103|C--W|-|0|0|-|251705695211000320|-][0 us][0 us]: Connection created
[033:036][106843] (turn_port.cc:2047): TurnPort(Port[43da2d00:0:1:0:relay:Net[pdp_ip0:21.74.162.x/32:Cellular:id=3]]-Remote[171.226.10.227:3478/udp]: TURN create permission request sent, id=4d4654385264634855384a74 with address: 160.250.77.138:20103
[033:036][106843] (p2p_transport_channel.cc:1567): Channel[0|1|__: Created connection with origin: 2, total: 12
[033:036][106843] (p2p_transport_channel.cc:1531): Channel[0|1|__: skip creating connection host to relay, port: UDPPort(Port[43f0a300:0:1:0:host:Net[pdp_ip0:2402:800:5d8c:x:x:x:x:x/64:Cellular:id=4]]), remote: Cand[:2396067801:1:udp:58673408:160.250.77.138:20103:relay:171.225.203.16:10879:CH8I:oeAKenFOCLDYk66JFQvB4lRY:3:10:0]
[033:036][106843] (p2p_transport_channel.cc:1531): Channel[0|1|__: skip creating connection host to relay, port: UDPPort(Port[43f08e00:0:1:0:host:Net[pdp_ip0:21.74.162.x/32:Cellular:id=3]]), remote: Cand[:2396067801:1:udp:58673408:160.250.77.138:20103:relay:171.225.203.16:10879:CH8I:oeAKenFOCLDYk66JFQvB4lRY:3:10:0]
[033:036][106843] (p2p_transport_channel.cc:1495): CreateConnections: candidate: Cand[:2396067801:1:udp:58673408:160.250.77.138:20103:relay:171.225.203.16:10879:CH8I:oeAKenFOCLDYk66JFQvB4lRY:3:10:0], port_size: 6, created = 0 with no origin_port
[033:036][106843] (wrapping_active_ice_controller.cc:223): Not switching selected connection due to: new candidate pairs created from a new remote candidate
[033:037][106843] (connection.cc:1824): Conn[3a77cc00C--W|-|0|0|-|-]: Sent STUN BINDING request, id=64795a65726a676b6c4a372f, use_candidate=0, nomination=0
[033:037][106843] (connection.cc:1824): Conn[43136400C--W|-|0|0|-|-]: Sent STUN BINDING request, id=6936367146756d5434757431, use_candidate=0, nomination=0
[033:037][106843] (connection.cc:1824): Conn[3a44a400C--W|-|0|0|-|-]: Sent STUN BINDING request, id=543239484a726d6a2b66694b, use_candidate=0, nomination=0
[033:037][106843] (connection.cc:1824): Conn[3a77d800C--W|-|0|0|-|-]: Sent STUN BINDING request, id=796351474f43416670554647, use_candidate=0, nomination=0
[033:037][106843] (connection.cc:1824): Conn[3a77c000C--W|-|0|0|-|-]: Sent STUN BINDING request, id=4a70566a506b6931744c5559, use_candidate=0, nomination=0
[033:037][106843] (connection.cc:1824): Conn[442da400C--W|-|0|0|-|-]: Sent STUN BINDING request, id=4d7343644c4f59714173356e, use_candidate=0, nomination=0
[033:037][106843] (connection.cc:1824): Conn[44374c00C--W|-|0|0|-|-]: Sent STUN BINDING request, id=7075654367322f7979513753, use_candidate=0, nomination=0
[033:037][106843] (connection.cc:1824): Conn[43c70000C--W|-|0|0|-|-]: Sent STUN BINDING request, id=65516c37535167662f6d6661, use_candidate=0, nomination=0
[033:037][106843] (connection.cc:1824): Conn[3a6ce400C--W|-|0|0|-|-]: Sent STUN BINDING request, id=765361524446663449306668, use_candidate=0, nomination=0
[033:037][106843] (connection.cc:1824): Conn[3a6cd800C--W|-|0|0|-|-]: Sent STUN BINDING request, id=367a344f473533366d526b42, use_candidate=0, nomination=0
[033:037][106843] (connection.cc:1824): Conn[115e9800C--W|-|0|0|-|-]: Sent STUN BINDING request, id=42386d7735374259536f7831, use_candidate=0, nomination=0
[033:037][106843] (connection.cc:1824): Conn[43c72400C--W|-|0|0|-|-]: Sent STUN BINDING request, id=2f4d7a2b4a62684f50466778, use_candidate=0, nomination=0
[033:084][106843] (turn_port.cc:2055): TurnPort(Port[442cca00:0:1:0:relay:Net[pdp_ip0:21.74.162.x/32:Cellular:id=3]]-Remote[203.171.26.154:3478/udp]: TURN permission requested successfully, id=66762f665550584730687532, code=0, rtt=48921 us
[033:084][106843] (turn_port.cc:2271): TurnEntry(11549ea0:0:TurnPort(Port[442cca00:0:1:0:relay:Net[pdp_ip0:21.74.162.x/32:Cellular:id=3]]-Remote[203.171.26.154:3478/udp][Ext:203.171.26.x:24428][Conn(1)[43136400]]): Create permission for 203.171.26.x:24428 succeeded
[033:085][106843] (connection.cc:439): Conn[43136400:0:Net[pdp_ip0:21.74.162.x/32:Cellular:id=3]:uikS3yDZ:1:0:relay:udp:203.171.26.x:42073->pfuYSs75:1:58669312:relay:udp:203.171.26.x:24428|C--I|-|0|0|p|251716690327269888|-][470882309262 us][0 us]: SetTurnPermissioned
[033:085][106843] (connection.cc:1824): Conn[43136400C--I|-|0|0|p|-]: Sent STUN BINDING request, id=46664638727a536642724438, use_candidate=0, nomination=0
[033:085][106843] (turn_port.cc:2055): TurnPort(Port[43da2d00:0:1:0:relay:Net[pdp_ip0:21.74.162.x/32:Cellular:id=3]]-Remote[171.226.10.227:3478/udp]: TURN permission requested successfully, id=3967415a456e624a776c7831, code=0, rtt=49474 us
[033:085][106843] (turn_port.cc:2271): TurnEntry(21eaa760:0:TurnPort(Port[43da2d00:0:1:0:relay:Net[pdp_ip0:21.74.162.x/32:Cellular:id=3]]-Remote[171.226.10.227:3478/udp][Ext:203.171.26.x:24428][Conn(1)[44374c00]]): Create permission for 203.171.26.x:24428 succeeded
[033:085][106843] (connection.cc:439): Conn[44374c00:0:Net[pdp_ip0:21.74.162.x/32:Cellular:id=3]:79sVIJLP:1:0:relay:udp:171.226.10.x:23596->pfuYSs75:1:58669312:relay:udp:203.171.26.x:24428|C--I|-|0|0|p|251705695210992128|-][470882309401 us][0 us]: SetTurnPermissioned
[033:085][106843] (connection.cc:1824): Conn[44374c00C--I|-|0|0|p|-]: Sent STUN BINDING request, id=64333168364c325a48372f54, use_candidate=0, nomination=0
[033:092][106843] (turn_port.cc:2055): TurnPort(Port[442cca00:0:1:0:relay:Net[pdp_ip0:21.74.162.x/32:Cellular:id=3]]-Remote[203.171.26.154:3478/udp]: TURN permission requested successfully, id=54457030724d415778646c38, code=0, rtt=56433 us
[033:092][106843] (turn_port.cc:2271): TurnEntry(21ef9540:0:TurnPort(Port[442cca00:0:1:0:relay:Net[pdp_ip0:21.74.162.x/32:Cellular:id=3]]-Remote[203.171.26.154:3478/udp][Ext:116.103.111.x:59399][Conn(1)[3a44a400]]): Create permission for 116.103.111.x:59399 succeeded
[033:092][106843] (connection.cc:439): Conn[3a44a400:0:Net[pdp_ip0:21.74.162.x/32:Cellular:id=3]:uikS3yDZ:1:0:relay:udp:203.171.26.x:42073->/RCBPt1o:1:58667264:relay:udp:116.103.111.x:59399|C--I|-|0|0|p|251716690327265792|-][470882309284 us][0 us]: SetTurnPermissioned
[033:092][106843] (connection.cc:1824): Conn[3a44a400C--I|-|0|0|p|-]: Sent STUN BINDING request, id=652f47496863484d6f504773, use_candidate=0, nomination=0
[033:092][106843] (turn_port.cc:2055): TurnPort(Port[43da2d00:0:1:0:relay:Net[pdp_ip0:21.74.162.x/32:Cellular:id=3]]-Remote[171.226.10.227:3478/udp]: TURN permission requested successfully, id=6b49687256655761794b4f48, code=0, rtt=56553 us
[033:092][106843] (turn_port.cc:2271): TurnEntry(1151c3c0:0:TurnPort(Port[43da2d00:0:1:0:relay:Net[pdp_ip0:21.74.162.x/32:Cellular:id=3]]-Remote[171.226.10.227:3478/udp][Ext:116.103.111.x:59399][Conn(1)[3a6ce400]]): Create permission for 116.103.111.x:59399 succeeded
[033:092][106843] (connection.cc:439): Conn[3a6ce400:0:Net[pdp_ip0:21.74.162.x/32:Cellular:id=3]:79sVIJLP:1:0:relay:udp:171.226.10.x:23596->/RCBPt1o:1:58667264:relay:udp:116.103.111.x:59399|C--I|-|0|0|p|251705695210988032|-][470882309468 us][0 us]: SetTurnPermissioned
[033:092][106843] (connection.cc:1824): Conn[3a6ce400C--I|-|0|0|p|-]: Sent STUN BINDING request, id=4b7070775276516e4c323848, use_candidate=0, nomination=0
[033:093][106843] (turn_port.cc:2055): TurnPort(Port[43da2d00:0:1:0:relay:Net[pdp_ip0:21.74.162.x/32:Cellular:id=3]]-Remote[171.226.10.227:3478/udp]: TURN permission requested successfully, id=4d4654385264634855384a74, code=0, rtt=56561 us
[033:093][106843] (turn_port.cc:2271): TurnEntry(21e1a440:0:TurnPort(Port[43da2d00:0:1:0:relay:Net[pdp_ip0:21.74.162.x/32:Cellular:id=3]]-Remote[171.226.10.227:3478/udp][Ext:160.250.77.x:20103][Conn(1)[3a77c000]]): Create permission for 160.250.77.x:20103 succeeded
[033:093][106843] (connection.cc:439): Conn[3a77c000:0:Net[pdp_ip0:21.74.162.x/32:Cellular:id=3]:79sVIJLP:1:0:relay:udp:171.226.10.x:23596->e68vB7Oh:1:58673408:relay:udp:160.250.77.x:20103|C--I|-|0|0|p|251705695211000320|-][470882309337 us][0 us]: SetTurnPermissioned
[033:093][106843] (connection.cc:1824): Conn[3a77c000C--I|-|0|0|p|-]: Sent STUN BINDING request, id=7a323955653977736f2b4a71, use_candidate=0, nomination=0
[033:103][106843] (turn_port.cc:2055): TurnPort(Port[43da2300:0:1:0:relay:Net[pdp_ip0:21.74.162.x/32:Cellular:id=3]]-Remote[14.238.62.98:3478/udp]: TURN permission requested successfully, id=68685777356f696630506471, code=0, rtt=67974 us
[033:103][106843] (turn_port.cc:2271): TurnEntry(1154aa80:0:TurnPort(Port[43da2300:0:1:0:relay:Net[pdp_ip0:21.74.162.x/32:Cellular:id=3]]-Remote[14.238.62.98:3478/udp][Ext:203.171.26.x:24428][Conn(1)[442da400]]): Create permission for 203.171.26.x:24428 succeeded
[033:103][106843] (connection.cc:439): Conn[442da400:0:Net[pdp_ip0:21.74.162.x/32:Cellular:id=3]:VmSz1A7d:1:0:relay:udp:14.238.62.x:43086->pfuYSs75:1:58669312:relay:udp:203.171.26.x:24428|C--I|-|0|0|p|251705695210992128|-][470882309372 us][0 us]: SetTurnPermissioned
[033:103][106843] (connection.cc:1824): Conn[442da400C--I|-|0|0|p|-]: Sent STUN BINDING request, id=6a617364357a4f7248563773, use_candidate=0, nomination=0
[033:103][106843] (turn_port.cc:2055): TurnPort(Port[43da2300:0:1:0:relay:Net[pdp_ip0:21.74.162.x/32:Cellular:id=3]]-Remote[14.238.62.98:3478/udp]: TURN permission requested successfully, id=626e754f526754354379446d, code=0, rtt=67628 us
[033:103][106843] (turn_port.cc:2271): TurnEntry(21eab660:0:TurnPort(Port[43da2300:0:1:0:relay:Net[pdp_ip0:21.74.162.x/32:Cellular:id=3]]-Remote[14.238.62.98:3478/udp][Ext:116.103.111.x:59399][Conn(1)[43c70000]]): Create permission for 116.103.111.x:59399 succeeded
[033:103][106843] (connection.cc:439): Conn[43c70000:0:Net[pdp_ip0:21.74.162.x/32:Cellular:id=3]:VmSz1A7d:1:0:relay:udp:14.238.62.x:43086->/RCBPt1o:1:58667264:relay:udp:116.103.111.x:59399|C--I|-|0|0|p|251705695210988032|-][470882309434 us][0 us]: SetTurnPermissioned
[033:103][106843] (connection.cc:1824): Conn[43c70000C--I|-|0|0|p|-]: Sent STUN BINDING request, id=4c526a67735a6663454f2f69, use_candidate=0, nomination=0
[033:103][106843] (turn_port.cc:2055): TurnPort(Port[43da2300:0:1:0:relay:Net[pdp_ip0:21.74.162.x/32:Cellular:id=3]]-Remote[14.238.62.98:3478/udp]: TURN permission requested successfully, id=396a79323838454c76754f2b, code=0, rtt=67434 us
[033:103][106843] (turn_port.cc:2271): TurnEntry(1151d720:0:TurnPort(Port[43da2300:0:1:0:relay:Net[pdp_ip0:21.74.162.x/32:Cellular:id=3]]-Remote[14.238.62.98:3478/udp][Ext:160.250.77.x:20103][Conn(1)[3a77d800]]): Create permission for 160.250.77.x:20103 succeeded
[033:103][106843] (connection.cc:439): Conn[3a77d800:0:Net[pdp_ip0:21.74.162.x/32:Cellular:id=3]:VmSz1A7d:1:0:relay:udp:14.238.62.x:43086->e68vB7Oh:1:58673408:relay:udp:160.250.77.x:20103|C--I|-|0|0|p|251705695211000320|-][470882309303 us][0 us]: SetTurnPermissioned
[033:103][106843] (connection.cc:1824): Conn[3a77d800C--I|-|0|0|p|-]: Sent STUN BINDING request, id=66497a3949436a4a6f63626d, use_candidate=0, nomination=0
[033:108][106843] (turn_port.cc:2055): TurnPort(Port[442cca00:0:1:0:relay:Net[pdp_ip0:21.74.162.x/32:Cellular:id=3]]-Remote[203.171.26.154:3478/udp]: TURN permission requested successfully, id=495a595a64624e6d476e4451, code=0, rtt=72077 us
[033:108][106843] (turn_port.cc:2271): TurnEntry(1151c140:0:TurnPort(Port[442cca00:0:1:0:relay:Net[pdp_ip0:21.74.162.x/32:Cellular:id=3]]-Remote[203.171.26.154:3478/udp][Ext:160.250.77.x:20103][Conn(1)[3a77cc00]]): Create permission for 160.250.77.x:20103 succeeded
[033:108][106843] (connection.cc:439): Conn[3a77cc00:0:Net[pdp_ip0:21.74.162.x/32:Cellular:id=3]:uikS3yDZ:1:0:relay:udp:203.171.26.x:42073->e68vB7Oh:1:58673408:relay:udp:160.250.77.x:20103|C--I|-|0|0|p|251716690327278080|-][470882308983 us][0 us]: SetTurnPermissioned
[033:108][106843] (connection.cc:1824): Conn[3a77cc00C--I|-|0|0|p|-]: Sent STUN BINDING request, id=316d38757859766b54486249, use_candidate=0, nomination=0
[033:116][106843] (turn_port.cc:2055): TurnPort(Port[442cf700:0:1:0:relay:Net[pdp_ip0:21.74.162.x/32:Cellular:id=3]]-Remote[14.238.161.90:3478/udp]: TURN permission requested successfully, id=4936586c4f67664a5636436d, code=0, rtt=81398 us
[033:116][106843] (turn_port.cc:2271): TurnEntry(21e35a40:0:TurnPort(Port[442cf700:0:1:0:relay:Net[pdp_ip0:21.74.162.x/32:Cellular:id=3]]-Remote[14.238.161.90:3478/udp][Ext:203.171.26.x:24428][Conn(1)[115e9800]]): Create permission for 203.171.26.x:24428 succeeded
[033:116][106843] (connection.cc:439): Conn[115e9800:0:Net[pdp_ip0:21.74.162.x/32:Cellular:id=3]:QnY4JMWt:1:0:relay:udp:14.238.161.x:43274->pfuYSs75:1:58669312:relay:udp:203.171.26.x:24428|C--I|-|0|0|p|251700197652853248|-][470882309535 us][0 us]: SetTurnPermissioned
[033:116][106843] (connection.cc:1824): Conn[115e9800C--I|-|0|0|p|-]: Sent STUN BINDING request, id=336d456c712b5535774b6546, use_candidate=0, nomination=0
[033:116][106843] (turn_port.cc:2055): TurnPort(Port[442cf700:0:1:0:relay:Net[pdp_ip0:21.74.162.x/32:Cellular:id=3]]-Remote[14.238.161.90:3478/udp]: TURN permission requested successfully, id=6c617771786c4f5045535077, code=0, rtt=80781 us
[033:116][106843] (turn_port.cc:2271): TurnEntry(21ea8dc0:0:TurnPort(Port[442cf700:0:1:0:relay:Net[pdp_ip0:21.74.162.x/32:Cellular:id=3]]-Remote[14.238.161.90:3478/udp][Ext:116.103.111.x:59399][Conn(1)[43c72400]]): Create permission for 116.103.111.x:59399 succeeded
[033:116][106843] (connection.cc:439): Conn[43c72400:0:Net[pdp_ip0:21.74.162.x/32:Cellular:id=3]:QnY4JMWt:1:0:relay:udp:14.238.161.x:43274->/RCBPt1o:1:58667264:relay:udp:116.103.111.x:59399|C--I|-|0|0|p|251700197652849152|-][470882309557 us][0 us]: SetTurnPermissioned
[033:117][106843] (connection.cc:1824): Conn[43c72400C--I|-|0|0|p|-]: Sent STUN BINDING request, id=414435316338487a35586339, use_candidate=0, nomination=0
[033:117][106843] (turn_port.cc:2055): TurnPort(Port[442cf700:0:1:0:relay:Net[pdp_ip0:21.74.162.x/32:Cellular:id=3]]-Remote[14.238.161.90:3478/udp]: TURN permission requested successfully, id=665a566e684d6f7836656e4f, code=0, rtt=80598 us
[033:117][106843] (turn_port.cc:2271): TurnEntry(1151c1e0:0:TurnPort(Port[442cf700:0:1:0:relay:Net[pdp_ip0:21.74.162.x/32:Cellular:id=3]]-Remote[14.238.161.90:3478/udp][Ext:160.250.77.x:20103][Conn(1)[3a6cd800]]): Create permission for 160.250.77.x:20103 succeeded
[033:117][106843] (connection.cc:439): Conn[3a6cd800:0:Net[pdp_ip0:21.74.162.x/32:Cellular:id=3]:QnY4JMWt:1:0:relay:udp:14.238.161.x:43274->e68vB7Oh:1:58673408:relay:udp:160.250.77.x:20103|C--I|-|0|0|p|251700197652861440|-][470882309503 us][0 us]: SetTurnPermissioned
[033:117][106843] (connection.cc:1824): Conn[3a6cd800C--I|-|0|0|p|-]: Sent STUN BINDING request, id=694c5361396e74656e6a624f, use_candidate=0, nomination=0
[033:138][106843] (connection.cc:1702): Conn[44374c00C--I|-|0|0|p|-]: Received STUN BINDING response, id=7075654367322f7979513753, code=0, rtt=101407 us, pings_since_last_response=7075654367322f7979513753 64333168364c325a48372f54 
[033:138][106843] (connection.cc:407): Conn[44374c00C--I|-|0|0|p|-]: set_receiving to 1
[033:138][106843] (connection.cc:380): Conn[44374c00CRWI|-|0|0|p|-]: set_write_state from: 2 to 0
[033:138][106843] (dtls_stun_piggyback_controller.cc:184): DTLS-STUN piggybacking not supported by peer.
[033:138][106843] (wrapping_active_ice_controller.cc:216): Switching selected connection due to: first candidate pair selected with connect:Conn[44374c00:0:Net[pdp_ip0:21.74.162.x/32:Cellular:id=3]:79sVIJLP:1:0:relay:udp:171.226.10.x:23596->pfuYSs75:1:58669312:relay:udp:203.171.26.x:24428|CRWS|-|0|0|p|251705695210992128|101][470882357577 us][0 us]
[033:138][106843] (p2p_transport_channel.cc:1942): Channel[0|1|__: New selected connection: Conn[44374c00:0:Net[pdp_ip0:21.74.162.x/32:Cellular:id=3]:79sVIJLP:1:0:relay:udp:171.226.10.x:23596->pfuYSs75:1:58669312:relay:udp:203.171.26.x:24428|CRWS|S|0|0|p|251705695210992128|101][470882357577 us][0 us]
[033:138][106843] (channel.cc:392): Network route changed for {mid: 0, media_type: audio}
[033:139][106843] (dtls_transport.cc:814): DtlsTransport[0|1|__]: ice_transport writable state changed to 1 dtls_state: kConnecting
[033:139][106843] (dtls_transport.cc:1250): DtlsTransport[0|1|__]: Update DTLS handshake timeout to 202ms based on ICE RTT 101
[033:139][110607] (rtp_transport_controller_send.cc:370): Network route changed on transport 0: new_route = [ connected: 1 local: [ 4/3 Cellular turn: 1 ] remote: [ 2/3 Wifi turn: 1 ] packet_overhead_bytes: 28 ]
[033:139][106843] (jsep_transport_controller.cc:1284): 0 Transport 1 state changed. Check if state is complete.
[033:139][101171] (peer_connection.cc:2054): Changing standardized IceConnectionState checking => connected
[033:139][106843] (connection.cc:1702): Conn[3a77c000C--I|-|0|0|p|-]: Received STUN BINDING response, id=4a70566a506b6931744c5559, code=0, rtt=101972 us, pings_since_last_response=4a70566a506b6931744c5559 7a323955653977736f2b4a71 
[033:139][106843] (connection.cc:407): Conn[3a77c000C--I|-|0|0|p|-]: set_receiving to 1
[033:139][106843] (connection.cc:380): Conn[3a77c000CRWI|-|0|0|p|-]: set_write_state from: 2 to 0
[033:139][106843] (wrapping_active_ice_controller.cc:216): Switching selected connection due to: candidate pair state changed with connect:Conn[3a77c000:0:Net[pdp_ip0:21.74.162.x/32:Cellular:id=3]:79sVIJLP:1:0:relay:udp:171.226.10.x:23596->e68vB7Oh:1:58673408:relay:udp:160.250.77.x:20103|CRWS|-|0|0|p|251705695211000320|102][470882365199 us][0 us]
[033:139][106843] (p2p_transport_channel.cc:1939): Channel[0|1|RW: Previous selected connection: Conn[44374c00:0:Net[pdp_ip0:21.74.162.x/32:Cellular:id=3]:79sVIJLP:1:0:relay:udp:171.226.10.x:23596->pfuYSs75:1:58669312:relay:udp:203.171.26.x:24428|CRWS|-|0|0|p|251705695210992128|101][470882357577 us][0 us]
[033:139][106843] (p2p_transport_channel.cc:1942): Channel[0|1|RW: New selected connection: Conn[3a77c000:0:Net[pdp_ip0:21.74.162.x/32:Cellular:id=3]:79sVIJLP:1:0:relay:udp:171.226.10.x:23596->e68vB7Oh:1:58673408:relay:udp:160.250.77.x:20103|CRWS|S|0|0|p|251705695211000320|102][470882365199 us][0 us]
[033:139][106843] (channel.cc:392): Network route changed for {mid: 0, media_type: audio}
[033:145][106843] (connection.cc:1702): Conn[44374c00CRWS|-|0|0|p|101]: Received STUN BINDING response, id=64333168364c325a48372f54, code=0, rtt=60217 us, pings_since_last_response=
[033:145][106843] (connection.cc:1702): Conn[3a77c000CRWS|S|0|0|p|102]: Received STUN BINDING response, id=7a323955653977736f2b4a71, code=0, rtt=52625 us, pings_since_last_response=
[033:151][106843] (connection.cc:1702): Conn[43136400C--I|-|0|0|p|-]: Received STUN BINDING response, id=6936367146756d5434757431, code=0, rtt=114478 us, pings_since_last_response=6936367146756d5434757431 46664638727a536642724438 
[033:151][106843] (connection.cc:407): Conn[43136400C--I|-|0|0|p|-]: set_receiving to 1
[033:151][106843] (connection.cc:380): Conn[43136400CRWI|-|0|0|p|-]: set_write_state from: 2 to 0
[033:151][106843] (connection.cc:1702): Conn[43136400CRWS|-|0|0|p|114]: Received STUN BINDING response, id=46664638727a536642724438, code=0, rtt=66534 us, pings_since_last_response=
[033:151][106843] (wrapping_active_ice_controller.cc:216): Switching selected connection due to: candidate pair state changed with connect:Conn[43136400:0:Net[pdp_ip0:21.74.162.x/32:Cellular:id=3]:uikS3yDZ:1:0:relay:udp:203.171.26.x:42073->pfuYSs75:1:58669312:relay:udp:203.171.26.x:24428|CRWS|-|0|0|p|251716690327269888|102][470882357267 us][0 us]
[033:151][106843] (p2p_transport_channel.cc:1939): Channel[0|1|RW: Previous selected connection: Conn[3a77c000:0:Net[pdp_ip0:21.74.162.x/32:Cellular:id=3]:79sVIJLP:1:0:relay:udp:171.226.10.x:23596->e68vB7Oh:1:58673408:relay:udp:160.250.77.x:20103|CRWS|-|0|0|p|251705695211000320|90][470882365199 us][0 us]
[033:151][106843] (p2p_transport_channel.cc:1942): Channel[0|1|RW: New selected connection: Conn[43136400:0:Net[pdp_ip0:21.74.162.x/32:Cellular:id=3]:uikS3yDZ:1:0:relay:udp:203.171.26.x:42073->pfuYSs75:1:58669312:relay:udp:203.171.26.x:24428|CRWS|S|0|0|p|251716690327269888|102][470882357267 us][0 us]
[033:151][106843] (channel.cc:392): Network route changed for {mid: 0, media_type: audio}
[033:154][106843] (connection.cc:1702): Conn[3a77d800C--I|-|0|0|p|-]: Received STUN BINDING response, id=796351474f43416670554647, code=0, rtt=116867 us, pings_since_last_response=796351474f43416670554647 66497a3949436a4a6f63626d 
[033:154][106843] (connection.cc:407): Conn[3a77d800C--I|-|0|0|p|-]: set_receiving to 1
[033:154][106843] (connection.cc:380): Conn[3a77d800CRWI|-|0|0|p|-]: set_write_state from: 2 to 0
[033:154][106843] (wrapping_active_ice_controller.cc:223): Not switching selected connection due to: candidate pair state changed
[033:158][106843] (connection.cc:634): Conn[3a6cd800C--I|-|0|0|p|-]: Received STUN BINDING request, id=4e6676484834454b3863676b
[033:158][106843] (connection.cc:407): Conn[3a6cd800C--I|-|0|0|p|-]: set_receiving to 1
[033:158][106843] (connection.cc:957): Conn[3a6cd800CR-I|-|0|0|p|-]: Sent STUN BINDING response, to=160.250.77.x:20103, writable=0, id=4e6676484834454b3863676b
[033:158][106843] (connection.cc:1702): Conn[442da400C--I|-|0|0|p|-]: Received STUN BINDING response, id=4d7343644c4f59714173356e, code=0, rtt=121107 us, pings_since_last_response=4d7343644c4f59714173356e 6a617364357a4f7248563773 
[033:158][106843] (connection.cc:407): Conn[442da400C--I|-|0|0|p|-]: set_receiving to 1
[033:158][106843] (connection.cc:380): Conn[442da400CRWI|-|0|0|p|-]: set_write_state from: 2 to 0
[033:158][106843] (wrapping_active_ice_controller.cc:223): Not switching selected connection due to: candidate pair state changed
[033:158][106843] (connection.cc:1702): Conn[3a6ce400C--I|-|0|0|p|-]: Received STUN BINDING response, id=765361524446663449306668, code=0, rtt=121170 us, pings_since_last_response=765361524446663449306668 4b7070775276516e4c323848 
[033:158][106843] (connection.cc:407): Conn[3a6ce400C--I|-|0|0|p|-]: set_receiving to 1
[033:158][106843] (connection.cc:380): Conn[3a6ce400CRWI|-|0|0|p|-]: set_write_state from: 2 to 0
[033:158][106843] (wrapping_active_ice_controller.cc:223): Not switching selected connection due to: candidate pair state changed
[033:160][106843] (connection.cc:1702): Conn[3a44a400C--I|-|0|0|p|-]: Received STUN BINDING response, id=543239484a726d6a2b66694b, code=0, rtt=123349 us, pings_since_last_response=543239484a726d6a2b66694b 652f47496863484d6f504773 
[033:160][106843] (connection.cc:407): Conn[3a44a400C--I|-|0|0|p|-]: set_receiving to 1
[033:160][106843] (connection.cc:380): Conn[3a44a400CRWI|-|0|0|p|-]: set_write_state from: 2 to 0
[033:160][106843] (wrapping_active_ice_controller.cc:223): Not switching selected connection due to: candidate pair state changed
[033:164][106843] (connection.cc:1702): Conn[3a77cc00C--I|-|0|0|p|-]: Received STUN BINDING response, id=64795a65726a676b6c4a372f, code=0, rtt=127144 us, pings_since_last_response=64795a65726a676b6c4a372f 316d38757859766b54486249 
[033:164][106843] (connection.cc:407): Conn[3a77cc00C--I|-|0|0|p|-]: set_receiving to 1
[033:164][106843] (connection.cc:380): Conn[3a77cc00CRWI|-|0|0|p|-]: set_write_state from: 2 to 0
[033:164][106843] (wrapping_active_ice_controller.cc:216): Switching selected connection due to: candidate pair state changed with connect:Conn[3a77cc00:0:Net[pdp_ip0:21.74.162.x/32:Cellular:id=3]:uikS3yDZ:1:0:relay:udp:203.171.26.x:42073->e68vB7Oh:1:58673408:relay:udp:160.250.77.x:20103|CRWS|-|0|0|p|251716690327278080|127][470882380658 us][0 us]
[033:164][106843] (p2p_transport_channel.cc:1939): Channel[0|1|RW: Previous selected connection: Conn[43136400:0:Net[pdp_ip0:21.74.162.x/32:Cellular:id=3]:uikS3yDZ:1:0:relay:udp:203.171.26.x:42073->pfuYSs75:1:58669312:relay:udp:203.171.26.x:24428|CRWS|-|0|0|p|251716690327269888|102][470882357267 us][0 us]
[033:164][106843] (p2p_transport_channel.cc:1942): Channel[0|1|RW: New selected connection: Conn[3a77cc00:0:Net[pdp_ip0:21.74.162.x/32:Cellular:id=3]:uikS3yDZ:1:0:relay:udp:203.171.26.x:42073->e68vB7Oh:1:58673408:relay:udp:160.250.77.x:20103|CRWS|S|0|0|p|251716690327278080|127][470882380658 us][0 us]
[033:164][106843] (channel.cc:392): Network route changed for {mid: 0, media_type: audio}
[033:165][106843] (connection.cc:1702): Conn[3a77d800CRWS|-|0|0|p|117]: Received STUN BINDING response, id=66497a3949436a4a6f63626d, code=0, rtt=61344 us, pings_since_last_response=
[033:166][106843] (connection.cc:1702): Conn[3a6cd800CR-I|-|0|0|p|-]: Received STUN BINDING response, id=367a344f473533366d526b42, code=0, rtt=128684 us, pings_since_last_response=367a344f473533366d526b42 694c5361396e74656e6a624f 
[033:166][106843] (connection.cc:380): Conn[3a6cd800CRWI|-|0|0|p|-]: set_write_state from: 2 to 0
[033:166][106843] (wrapping_active_ice_controller.cc:223): Not switching selected connection due to: candidate pair state changed
[033:169][106843] (connection.cc:1702): Conn[43c70000C--I|-|0|0|p|-]: Received STUN BINDING response, id=65516c37535167662f6d6661, code=0, rtt=132021 us, pings_since_last_response=65516c37535167662f6d6661 4c526a67735a6663454f2f69 
[033:169][106843] (connection.cc:407): Conn[43c70000C--I|-|0|0|p|-]: set_receiving to 1
[033:169][106843] (connection.cc:380): Conn[43c70000CRWI|-|0|0|p|-]: set_write_state from: 2 to 0
[033:169][106843] (wrapping_active_ice_controller.cc:223): Not switching selected connection due to: candidate pair state changed
[033:170][106843] (connection.cc:1702): Conn[115e9800C--I|-|0|0|p|-]: Received STUN BINDING response, id=42386d7735374259536f7831, code=0, rtt=132576 us, pings_since_last_response=42386d7735374259536f7831 336d456c712b5535774b6546 
[033:170][106843] (connection.cc:407): Conn[115e9800C--I|-|0|0|p|-]: set_receiving to 1
[033:170][106843] (connection.cc:380): Conn[115e9800CRWI|-|0|0|p|-]: set_write_state from: 2 to 0
[033:170][106843] (wrapping_active_ice_controller.cc:223): Not switching selected connection due to: candidate pair state changed
[033:171][106843] (connection.cc:1702): Conn[3a44a400CRWS|-|0|0|p|123]: Received STUN BINDING response, id=652f47496863484d6f504773, code=0, rtt=78393 us, pings_since_last_response=
[033:172][106843] (connection.cc:957): Conn[3a77c000CRWS|-|0|0|p|90]: Sent STUN BINDING response, to=160.250.77.x:20103, writable=1, id=464c6c6146367935564c7964
[033:173][106843] (connection.cc:1702): Conn[3a6ce400CRWS|-|0|0|p|121]: Received STUN BINDING response, id=4b7070775276516e4c323848, code=0, rtt=80289 us, pings_since_last_response=
[033:175][106843] (connection.cc:1702): Conn[442da400CRWS|-|0|0|p|121]: Received STUN BINDING response, id=6a617364357a4f7248563773, code=0, rtt=71696 us, pings_since_last_response=
[033:177][106843] (connection.cc:1702): Conn[3a77cc00CRWS|S|0|0|p|127]: Received STUN BINDING response, id=316d38757859766b54486249, code=0, rtt=68505 us, pings_since_last_response=
[033:182][106843] (connection.cc:1702): Conn[43c72400C--I|-|0|0|p|-]: Received STUN BINDING response, id=2f4d7a2b4a62684f50466778, code=0, rtt=144822 us, pings_since_last_response=2f4d7a2b4a62684f50466778 414435316338487a35586339 
[033:182][106843] (connection.cc:407): Conn[43c72400C--I|-|0|0|p|-]: set_receiving to 1
[033:182][106843] (connection.cc:380): Conn[43c72400CRWI|-|0|0|p|-]: set_write_state from: 2 to 0
[033:182][106843] (wrapping_active_ice_controller.cc:223): Not switching selected connection due to: candidate pair state changed
[033:182][106843] (connection.cc:1824): Conn[3a77cc00CRWS|S|0|4|p|112]: Sent STUN BINDING request, id=797254445876727158566c2f, use_candidate=0, nomination=4
[033:196][106843] (connection.cc:1702): Conn[43c70000CRWS|-|0|0|p|132]: Received STUN BINDING response, id=4c526a67735a6663454f2f69, code=0, rtt=92883 us, pings_since_last_response=
[033:232][106843] (connection.cc:1824): Conn[43136400CRWS|-|0|0|p|102]: Sent STUN BINDING request, id=39336b723344567679583959, use_candidate=0, nomination=0
[033:280][106843] (connection.cc:957): Conn[44374c00CRWS|-|0|0|p|91]: Sent STUN BINDING response, to=203.171.26.x:24428, writable=1, id=50724b4e393353386f632f6d
[033:281][106843] (connection.cc:1824): Conn[44374c00CRWS|-|0|0|p|91]: Sent STUN BINDING request, id=4648786b5769554657754743, use_candidate=0, nomination=0
[033:300][106843] (connection.cc:1702): Conn[43c72400CRWS|-|0|0|p|145]: Received STUN BINDING response, id=414435316338487a35586339, code=0, rtt=183150 us, pings_since_last_response=
[033:300][106843] (connection.cc:957): Conn[3a6cd800CRWS|-|0|0|p|129]: Sent STUN BINDING response, to=160.250.77.x:20103, writable=1, id=67634c6578327454426f7937
[033:309][106843] (connection.cc:1702): Conn[3a6cd800CRWS|-|0|0|p|129]: Received STUN BINDING response, id=694c5361396e74656e6a624f, code=0, rtt=192468 us, pings_since_last_response=
[033:309][106843] (connection.cc:1702): Conn[115e9800CRWS|-|0|0|p|133]: Received STUN BINDING response, id=336d456c712b5535774b6546, code=0, rtt=192793 us, pings_since_last_response=
[033:331][106843] (connection.cc:1824): Conn[3a44a400CRWS|-|0|0|p|112]: Sent STUN BINDING request, id=34764230707a417a506d3455, use_candidate=0, nomination=0
[033:354][106843] (openssl_adapter.cc:811): TLS server read_client_hello_after_ech
[033:354][106843] (openssl_adapter.cc:811): TLS server cert_callback
[033:354][106843] (openssl_adapter.cc:811): TLS server select_parameters
[033:354][106843] (openssl_adapter.cc:811): TLS server send_server_hello
[033:357][106843] (openssl_adapter.cc:811): TLS server send_server_certificate
[033:358][106843] (openssl_adapter.cc:811): TLS server send_server_key_exchange
[033:359][106843] (openssl_adapter.cc:811): TLS server send_server_hello_done
[033:359][106843] (openssl_adapter.cc:811): TLS server read_client_certificate
[033:360][106843] (turn_port.cc:2123): TurnPort(Port[442cca00:0:1:0:relay:Net[pdp_ip0:21.74.162.x/32:Cellular:id=3]]-Remote[203.171.26.154:3478/udp]: TURN channel bind request sent, id=7830313275315136656a7349 with address: 160.250.77.138:20103
[033:360][106843] (openssl_adapter.cc:811): TLS server read_client_certificate
[033:361][106843] (connection.cc:1702): Conn[3a77cc00CRWI|S|0|4|p|112]: Received STUN BINDING response, id=797254445876727158566c2f, code=0, rtt=178823 us, pings_since_last_response=797254445876727158566c2f 
[033:372][106843] (connection.cc:1702): Conn[44374c00CRWI|-|0|0|p|91]: Received STUN BINDING response, id=4648786b5769554657754743, code=0, rtt=91664 us, pings_since_last_response=4648786b5769554657754743 
[033:373][106843] (connection.cc:1702): Conn[43136400CRWI|-|0|0|p|102]: Received STUN BINDING response, id=39336b723344567679583959, code=0, rtt=141011 us, pings_since_last_response=39336b723344567679583959 
[033:381][106843] (connection.cc:1824): Conn[3a6ce400CRWS|-|0|0|p|111]: Sent STUN BINDING request, id=385a4a353677514c4b326853, use_candidate=0, nomination=0
[033:394][106843] (turn_port.cc:2131): TurnPort(Port[442cca00:0:1:0:relay:Net[pdp_ip0:21.74.162.x/32:Cellular:id=3]]-Remote[203.171.26.154:3478/udp]: TURN channel bind requested successfully, id=7830313275315136656a7349, code=0, rtt=34908 us
[033:394][106843] (turn_port.cc:2319): TurnEntry(1151c140:1:TurnPort(Port[442cca00:0:1:0:relay:Net[pdp_ip0:21.74.162.x/32:Cellular:id=3]]-Remote[203.171.26.154:3478/udp][Ext:160.250.77.x:20103][Conn(1)[3a77cc00]]): Successful channel bind for 160.250.77.x:20103
[033:394][106843] (turn_port.cc:2146): TurnPort(Port[442cca00:0:1:0:relay:Net[pdp_ip0:21.74.162.x/32:Cellular:id=3]]-Remote[203.171.26.154:3478/udp]: Scheduled channel bind in 240000ms.
[033:430][106843] (connection.cc:1824): Conn[3a77c000CRWS|-|0|0|p|90]: Sent STUN BINDING request, id=57516f3735522f54694f764b, use_candidate=0, nomination=0
[033:462][106843] (openssl_adapter.cc:811): TLS server verify_client_certificate
[033:462][106843] (openssl_adapter.cc:811): TLS server read_client_key_exchange
[033:462][106843] (openssl_adapter.cc:811): TLS server read_client_certificate_verify
[033:463][106843] (openssl_adapter.cc:811): TLS server read_change_cipher_spec
[033:463][106843] (openssl_adapter.cc:811): TLS server process_change_cipher_spec
[033:463][106843] (openssl_adapter.cc:811): TLS server read_next_proto
[033:463][106843] (openssl_adapter.cc:811): TLS server read_channel_id
[033:463][106843] (openssl_adapter.cc:811): TLS server read_client_finished
[033:463][106843] (openssl_adapter.cc:811): TLS server send_server_finished
[033:463][106843] (openssl_adapter.cc:811): TLS server finish_server_handshake
[033:463][106843] (openssl_adapter.cc:811): TLS server done
[033:463][106843] (openssl_adapter.cc:811): TLS server done
[033:463][106843] (openssl_adapter.cc:811): TLS server done
[033:463][106843] (dtls_transport.cc:993): DtlsTransport[0|1|__]: DTLS handshake complete.
[033:464][110607] (call.cc:1215): UpdateAggregateNetworkState: aggregate_state change to up
[033:464][110607] (pacing_controller.cc:121): PacedSender resumed.
[033:464][106843] (jsep_transport_controller.cc:1222):  Transport 0 writability changed to 1.
[033:464][106843] (dtls_srtp_transport.cc:253): Extracting keys from transport: 0
[033:464][110607] (rtp_transport_controller_send.cc:868): Creating Goog CC Factory.
[033:464][101171] (peer_connection.cc:2613): Changing to ICE connected state because all transports are writable.
[033:464][101171] (peer_connection.cc:2032): Changing IceConnectionState checking => connected
[033:465][110607] (alr_experiment.cc:69): Using ALR experiment settings: pacing factor: 1, max pacer queue length: 2875, ALR bandwidth usage percent: 80, ALR start budget level percent: 40, ALR end budget level percent: -60, ALR experiment group ID: 3
[033:491][110607] (trendline_estimator.cc:200): Using Trendline filter for delay change estimation with settings sort:false,cap:false,beginning_packets:7,end_packets:7,cap_uncertainty:0,window_size:40 and no network state predictor
[033:491][110607] (trendline_estimator.cc:200): Using Trendline filter for delay change estimation with settings sort:false,cap:false,beginning_packets:7,end_packets:7,cap_uncertainty:0,window_size:40 and no network state predictor
[033:491][110607] (aimd_rate_control.cc:114): Using aimd rate control with back off factor 0.9
[033:491][110607] (delay_based_bwe.cc:105): Initialized DelayBasedBwe with separate audio overuse detectionenabled:false,packet_threshold:10,time_threshold:1 s
[033:491][110607] (delay_based_bwe.cc:443): BWE Setting start bitrate to: 100 kbps
[033:491][110607] (bitrate_allocator.cc:500): Current BWE 100000
[033:491][110607] (bitrate_prober.cc:130): Probe cluster (bitrate_bps:min bytes:min packets): (200 kbps:375:5, Inactive)
[033:491][110607] (bitrate_prober.cc:130): Probe cluster (bitrate_bps:min bytes:min packets): (400 kbps:750:5, Inactive)
[033:491][110607] (pacing_controller.cc:327): Elapsed time (33234214 us) longer than expected, limiting to 2 s
[033:493][106843] (srtp_transport.cc:200): SRTP activated with negotiated parameters: send crypto_suite 1 recv crypto_suite 1
[033:493][106843] (channel.cc:667): Channel writable ({mid: 0, media_type: audio}) for the first time
[033:493][110607] (webrtc_voice_engine.cc:606): WebRtcVoiceEngine::ApplyOptions: AudioOptions {aec: 1, ns: 1, audio_jitter_buffer_max_packets: 200, audio_jitter_buffer_fast_accelerate: 0, audio_jitter_buffer_min_delay_ms: 0, }
[033:493][110607] (webrtc_voice_engine.cc:621): Always disable AEC on iOS. Use built-in instead.
[033:493][110607] (webrtc_voice_engine.cc:629): Always disable AGC on iOS. Use built-in instead.
[033:493][110607] (audio_processing_impl.cc:680): AudioProcessing::ApplyConfig: AudioProcessing::Config{ pipeline: { maximum_internal_processing_rate: 32000, multi_channel_render: 1, multi_channel_capture: 1 }, pre_amplifier: { enabled: 0, fixed_gain_factor: 1 },capture_level_adjustment: { enabled: 0, pre_gain_factor: 1, post_gain_factor: 1, analog_mic_gain_emulation: { enabled: 0, initial_level: 255 }}, high_pass_filter: { enabled: 1 }, echo_canceller: { enabled: 0, enforce_high_pass_filtering: 1 }, noise_suppression: { enabled: 1, level: High }, transient_suppression: { enabled: 0 }, gain_controller1: { enabled: 0, mode: FixedDigital, target_level_dbfs: 3, compression_gain_db: 9, enable_limiter: 1, analog_gain_controller { enabled: 1, startup_min_volume: 0, clipped_level_min: 70, enable_digital_adaptive: 1, clipped_level_step: 15, clipped_ratio_threshold: 0.1, clipped_wait_frames: 300, clipping_predictor:  { enabled: 0, mode: 0, window_length: 5, reference_window_length: 5, reference_window_delay: 5, clipping_threshold: -1, crest_factor_margin: 3, use_predicted_step: 1 }}}, gain_controller2: { enabled: 0, fixed_digital: { gain_db: 0 }, adaptive_digital: { enabled: 0, headroom_db: 5, max_gain_db: 50, initial_gain_db: 15, max_gain_change_db_per_second: 6, max_output_noise_level_dbfs: -50 }, input_volume_control : { enabled 0}}
[033:493][110607] (audio_send_stream.cc:365): AudioSendStream::Start: 3379668032
[033:493][110607] (bitrate_allocator.cc:727): UpdateAllocationLimits : total_requested_min_bitrate: 60800 bps, total_requested_padding_bitrate: 0 bps, total_requested_max_bitrate: 60800 bps
[033:493][110607] (audio_device_ios.mm:301): AudioDeviceIOS::StartRecording
[033:493][110607] (channel.cc:916): Changing voice state, recv=1 send=1 for {mid: 0, media_type: audio}
[033:505][137991] (audio_device_buffer.cc:272): Size of recording buffer: 480
[033:519][106843] (connection.cc:1824): Conn[442da400CRWS|-|0|0|p|109]: Sent STUN BINDING request, id=49762f4963356a2f51697467, use_candidate=0, nomination=0
[033:530][106843] (connection.cc:1702): Conn[3a44a400CRWI|-|0|0|p|112]: Received STUN BINDING response, id=34764230707a417a506d3455, code=0, rtt=199738 us, pings_since_last_response=34764230707a417a506d3455 
[033:530][106843] (connection.cc:1702): Conn[3a6ce400CRWI|-|0|0|p|111]: Received STUN BINDING response, id=385a4a353677514c4b326853, code=0, rtt=150531 us, pings_since_last_response=385a4a353677514c4b326853 
[033:535][110607] (rtp_sender_audio.cc:270): First audio RTP packet sent to pacer
[033:579][106843] (connection.cc:1824): Conn[43c70000CRWS|-|0|0|p|122]: Sent STUN BINDING request, id=487741456c6a4b4531777955, use_candidate=0, nomination=0
[033:639][106843] (connection.cc:1702): Conn[3a77c000CRWI|-|0|0|p|90]: Received STUN BINDING response, id=57516f3735522f54694f764b, code=0, rtt=209256 us, pings_since_last_response=57516f3735522f54694f764b 
[033:676][106843] (connection.cc:1824): Conn[3a77d800CRWS|-|0|0|p|103]: Sent STUN BINDING request, id=707a5634466449786d786d44, use_candidate=0, nomination=0
[033:679][106843] (connection.cc:1702): Conn[442da400CRWI|-|0|0|p|109]: Received STUN BINDING response, id=49762f4963356a2f51697467, code=0, rtt=160302 us, pings_since_last_response=49762f4963356a2f51697467 
[033:687][106843] (connection.cc:1702): Conn[43c70000CRWI|-|0|0|p|122]: Received STUN BINDING response, id=487741456c6a4b4531777955, code=0, rtt=107605 us, pings_since_last_response=487741456c6a4b4531777955 
[033:773][106843] (connection.cc:1824): Conn[115e9800CRWS|-|0|0|p|148]: Sent STUN BINDING request, id=703834643375365a35314578, use_candidate=0, nomination=0
[033:793][106843] (data_channel_controller.cc:483): AllocateSctpSids: Id assigned, ready to send.
[033:794][106843] (connection.cc:1702): Conn[3a77d800CRWI|-|0|0|p|103]: Received STUN BINDING response, id=707a5634466449786d786d44, code=0, rtt=117865 us, pings_since_last_response=707a5634466449786d786d44 
[033:823][106843] (connection.cc:1824): Conn[43c72400CRWS|-|0|0|p|154]: Sent STUN BINDING request, id=2f716865754d446c784c4e4f, use_candidate=0, nomination=0
[033:861][106843] (connection.cc:957): Conn[115e9800CRWI|-|0|0|p|148]: Sent STUN BINDING response, to=203.171.26.x:24428, writable=1, id=7574314365573158506c6256
[033:872][106843] (connection.cc:1824): Conn[3a6cd800CRWS|-|0|0|p|145]: Sent STUN BINDING request, id=76574c534c776d41772f3674, use_candidate=0, nomination=0
[033:886][106843] (connection.cc:1702): Conn[115e9800CRWI|-|0|0|p|148]: Received STUN BINDING response, id=703834643375365a35314578, code=0, rtt=113080 us, pings_since_last_response=703834643375365a35314578 
[033:940][106843] (sctp_data_channel.cc:714): DataChannel received OPEN_ACK message, sid = 1
[033:961][106843] (connection.cc:1702): Conn[43c72400CRWI|-|0|0|p|154]: Received STUN BINDING response, id=2f716865754d446c784c4e4f, code=0, rtt=138718 us, pings_since_last_response=2f716865754d446c784c4e4f 
[033:964][106843] (connection.cc:1702): Conn[3a6cd800CRWI|-|0|0|p|145]: Received STUN BINDING response, id=76574c534c776d41772f3674, code=0, rtt=92396 us, pings_since_last_response=76574c534c776d41772f3674 
[034:336][106843] (connection.cc:957): Conn[3a77c000CRWS|-|0|0|p|120]: Sent STUN BINDING response, to=160.250.77.x:20103, writable=1, id=746e2f394531556466727179
[034:336][110607] (probe_bitrate_estimator.cc:156): Probing unsuccessful, receive/send ratio too high [cluster id: 1] [send: 382 bytes / 12 ms = 254666 bps] [receive: 385 bytes / 1 ms = 3080 kbps ] [ratio: 3080 kbps / 254666 bps = 12.0943 > kMaxValidRatio (2)]
[034:336][110607] (probe_bitrate_estimator.cc:156): Probing unsuccessful, receive/send ratio too high [cluster id: 1] [send: 519 bytes / 16 ms = 259500 bps] [receive: 491 bytes / 1 ms = 3928 kbps ] [ratio: 3928 kbps / 259500 bps = 15.1368 > kMaxValidRatio (2)]
[034:336][110607] (probe_bitrate_estimator.cc:115): Probing unsuccessful, invalid send/receive interval [cluster id: 2] [send interval: 8 ms] [receive interval: 0 us]
[034:336][110607] (probe_bitrate_estimator.cc:115): Probing unsuccessful, invalid send/receive interval [cluster id: 2] [send interval: 10 ms] [receive interval: 0 us]
[034:336][110607] (probe_bitrate_estimator.cc:115): Probing unsuccessful, invalid send/receive interval [cluster id: 2] [send interval: 13 ms] [receive interval: 0 us]
[034:336][110607] (trendline_estimator.cc:200): Using Trendline filter for delay change estimation with settings sort:false,cap:false,beginning_packets:7,end_packets:7,cap_uncertainty:0,window_size:40 and no network state predictor
[034:337][110607] (trendline_estimator.cc:200): Using Trendline filter for delay change estimation with settings sort:false,cap:false,beginning_packets:7,end_packets:7,cap_uncertainty:0,window_size:40 and no network state predictor
[034:337][110607] (probe_controller.cc:356): Measured bitrate: 101 kbps Minimum to probe further: 280 kbps upper limit: +inf bps
[034:424][106843] (connection.cc:1824): Conn[3a77cc00CRWS|S|0|4|p|129]: Sent STUN BINDING request, id=6e394d5864626f4a7a326e54, use_candidate=0, nomination=4
[034:436][110607] (probe_controller.cc:356): Measured bitrate: 102 kbps Minimum to probe further: 280 kbps upper limit: +inf bps
[034:492][110607] (probe_controller.cc:499): kWaitingForProbingResult: timeout
[034:513][106843] (connection.cc:1702): Conn[3a77cc00CRWI|S|0|4|p|129]: Received STUN BINDING response, id=6e394d5864626f4a7a326e54, code=0, rtt=90018 us, pings_since_last_response=6e394d5864626f4a7a326e54 
[034:851][106843] (connection.cc:957): Conn[43136400CRWS|-|0|0|p|112]: Sent STUN BINDING response, to=203.171.26.x:24428, writable=1, id=3133446e6b2b426c7a734941
[034:926][106843] (connection.cc:1824): Conn[43136400CRWS|-|0|0|p|112]: Sent STUN BINDING request, id=51344b4a595a504a396f6e49, use_candidate=0, nomination=0
[034:968][106843] (connection.cc:1702): Conn[43136400CRWI|-|0|0|p|112]: Received STUN BINDING response, id=51344b4a595a504a396f6e49, code=0, rtt=41978 us, pings_since_last_response=51344b4a595a504a396f6e49 
[035:353][106843] (connection.cc:957): Conn[3a44a400CRWS|-|0|0|p|134]: Sent STUN BINDING response, to=116.103.111.x:59399, writable=1, id=6b4d503943766f5847434b32
[035:428][106843] (connection.cc:1824): Conn[3a77cc00CRWS|S|0|4|p|119]: Sent STUN BINDING request, id=2f786e48382f774849483551, use_candidate=0, nomination=4
[035:666][106843] (connection.cc:1702): Conn[3a77cc00CRWI|S|0|4|p|119]: Received STUN BINDING response, id=2f786e48382f774849483551, code=0, rtt=238161 us, pings_since_last_response=2f786e48382f774849483551 
[035:836][106843] (connection.cc:957): Conn[43136400CRWS|-|0|0|p|95]: Sent STUN BINDING response, to=203.171.26.x:24428, writable=1, id=2f78786e4934753075734955
[035:929][106843] (connection.cc:1824): Conn[44374c00CRWS|-|0|0|p|91]: Sent STUN BINDING request, id=654d597075456d717467304a, use_candidate=0, nomination=0
[036:039][106843] (connection.cc:1702): Conn[44374c00CRWI|-|0|0|p|91]: Received STUN BINDING response, id=654d597075456d717467304a, code=0, rtt=110428 us, pings_since_last_response=654d597075456d717467304a 
[036:363][106843] (connection.cc:957): Conn[3a6ce400CRWS|-|0|0|p|121]: Sent STUN BINDING response, to=116.103.111.x:59399, writable=1, id=4c5a342f30777a486e4f644f
[036:431][106843] (connection.cc:1824): Conn[3a44a400CRWS|-|0|0|p|134]: Sent STUN BINDING request, id=57654e73743242686d6d3361, use_candidate=0, nomination=0
[036:623][106843] (connection.cc:1702): Conn[3a44a400CRWI|-|0|0|p|134]: Received STUN BINDING response, id=57654e73743242686d6d3361, code=0, rtt=192456 us, pings_since_last_response=57654e73743242686d6d3361 
[036:894][106843] (connection.cc:957): Conn[43136400CRWS|-|0|0|p|95]: Sent STUN BINDING response, to=203.171.26.x:24428, writable=1, id=455138434c6348345a686f77
[036:933][106843] (connection.cc:1824): Conn[3a6ce400CRWS|-|0|0|p|121]: Sent STUN BINDING request, id=5359424a566f5a514459536a, use_candidate=0, nomination=0
[037:119][106843] (connection.cc:1702): Conn[3a6ce400CRWI|-|0|0|p|121]: Received STUN BINDING response, id=5359424a566f5a514459536a, code=0, rtt=186182 us, pings_since_last_response=5359424a566f5a514459536a 
[037:410][106843] (connection.cc:957): Conn[442da400CRWS|-|0|0|p|122]: Sent STUN BINDING response, to=203.171.26.x:24428, writable=1, id=3049666c2f325a2b63437033
[037:436][106843] (connection.cc:1824): Conn[3a77c000CRWS|-|0|0|p|120]: Sent STUN BINDING request, id=514c466e7848627057646e71, use_candidate=0, nomination=0
[037:657][106843] (connection.cc:1702): Conn[3a77c000CRWI|-|0|0|p|120]: Received STUN BINDING response, id=514c466e7848627057646e71, code=0, rtt=222173 us, pings_since_last_response=514c466e7848627057646e71 
[037:861][106843] (connection.cc:957): Conn[43136400CRWS|-|0|0|p|95]: Sent STUN BINDING response, to=203.171.26.x:24428, writable=1, id=355a41444837495435702f5a
[037:938][106843] (connection.cc:1824): Conn[3a77cc00CRWS|S|0|4|p|149]: Sent STUN BINDING request, id=42616759524b33337959335a, use_candidate=0, nomination=4
[038:123][106843] (connection.cc:1702): Conn[3a77cc00CRWI|S|0|4|p|149]: Received STUN BINDING response, id=42616759524b33337959335a, code=0, rtt=185365 us, pings_since_last_response=42616759524b33337959335a 
[038:193][110607] (bitrate_allocator.cc:727): UpdateAllocationLimits : total_requested_min_bitrate: 54400 bps, total_requested_padding_bitrate: 0 bps, total_requested_max_bitrate: 54400 bps
[038:416][106843] (connection.cc:957): Conn[43c70000CRWS|-|0|0|p|119]: Sent STUN BINDING response, to=116.103.111.x:59399, writable=1, id=436231354531544153432f62
[038:440][106843] (connection.cc:1824): Conn[442da400CRWS|-|0|0|p|122]: Sent STUN BINDING request, id=46426a2f667835375a6e4941, use_candidate=0, nomination=0
[038:520][106843] (connection.cc:1702): Conn[442da400CRWI|-|0|0|p|122]: Received STUN BINDING response, id=46426a2f667835375a6e4941, code=0, rtt=80382 us, pings_since_last_response=46426a2f667835375a6e4941 
[038:902][106843] (connection.cc:957): Conn[43136400CRWS|-|0|0|p|95]: Sent STUN BINDING response, to=203.171.26.x:24428, writable=1, id=5354736542624e7976566d45
[038:942][106843] (connection.cc:1824): Conn[43c70000CRWS|-|0|0|p|119]: Sent STUN BINDING request, id=51317051664738344e6d7934, use_candidate=0, nomination=0
[039:049][106843] (connection.cc:1702): Conn[43c70000CRWI|-|0|0|p|119]: Received STUN BINDING response, id=51317051664738344e6d7934, code=0, rtt=108322 us, pings_since_last_response=51317051664738344e6d7934 
[039:147][137991] (remote_ntp_time_estimator.cc:94): RTP timestamp: 2282380870 in NTP clock: 3999048985046 estimated time in receiver NTP clock: 3999048985862
[039:379][106843] (connection.cc:957): Conn[3a77d800CRWS|-|0|0|p|107]: Sent STUN BINDING response, to=160.250.77.x:20103, writable=1, id=54584d616b6256366e794663
[039:445][106843] (connection.cc:1824): Conn[3a77d800CRWS|-|0|0|p|107]: Sent STUN BINDING request, id=464579694961557742307376, use_candidate=0, nomination=0
[039:568][110607] (bitrate_prober.cc:130): Probe cluster (bitrate_bps:min bytes:min packets): (108800 bps:204:5, Inactive)
[039:624][106843] (connection.cc:1702): Conn[3a77d800CRWI|-|0|0|p|107]: Received STUN BINDING response, id=464579694961557742307376, code=0, rtt=180529 us, pings_since_last_response=464579694961557742307376 
[039:793][110607] (probe_bitrate_estimator.cc:191): Probing successful [cluster id: 3] [send: 334 bytes / 19 ms = 140631 bps ] [receive: 334 bytes / 76 ms = 35157 bps]
[039:793][110607] (probe_bitrate_estimator.cc:191): Probing successful [cluster id: 3] [send: 436 bytes / 24 ms = 145333 bps ] [receive: 475 bytes / 76 ms = 50 kbps]
[039:794][110607] (bitrate_allocator.cc:500): Current BWE 54400
[039:886][106843] (connection.cc:957): Conn[43c72400CRWS|-|0|0|p|150]: Sent STUN BINDING response, to=116.103.111.x:59399, writable=1, id=51675769664c394752537558
[039:947][106843] (connection.cc:1824): Conn[115e9800CRWS|-|0|0|p|139]: Sent STUN BINDING request, id=446752506a322f595148336a, use_candidate=0, nomination=0
[040:198][106843] (connection.cc:407): Conn[115e9800CRWI|-|0|0|p|139]: set_receiving to 0
[040:198][106843] (wrapping_active_ice_controller.cc:223): Not switching selected connection due to: candidate pair state changed
[040:222][106843] (connection.cc:1702): Conn[115e9800C-WI|-|0|0|p|139]: Received STUN BINDING response, id=446752506a322f595148336a, code=0, rtt=276545 us, pings_since_last_response=446752506a322f595148336a 
[040:223][106843] (connection.cc:407): Conn[115e9800C-WI|-|0|0|p|139]: set_receiving to 1
[040:223][106843] (wrapping_active_ice_controller.cc:223): Not switching selected connection due to: candidate pair state changed
[040:449][106843] (connection.cc:1824): Conn[3a77cc00CRWS|S|0|4|p|158]: Sent STUN BINDING request, id=467a3241544659476c305279, use_candidate=0, nomination=4
[040:474][106843] (connection.cc:957): Conn[3a77cc00CRWI|S|0|4|p|158]: Sent STUN BINDING response, to=160.250.77.x:20103, writable=1, id=4875525236783945782f7347
[040:547][106843] (connection.cc:1702): Conn[3a77cc00CRWI|S|0|4|p|158]: Received STUN BINDING response, id=467a3241544659476c305279, code=0, rtt=98077 us, pings_since_last_response=467a3241544659476c305279 
[040:942][106843] (connection.cc:957): Conn[44374c00CRWS|-|0|0|p|96]: Sent STUN BINDING response, to=203.171.26.x:24428, writable=1, id=675a452f3464714272687644
[040:950][106843] (connection.cc:1824): Conn[43c72400CRWS|-|0|0|p|150]: Sent STUN BINDING request, id=50446c6b6d6e675757686439, use_candidate=0, nomination=0
[041:065][106843] (connection.cc:1702): Conn[43c72400CRWI|-|0|0|p|150]: Received STUN BINDING response, id=50446c6b6d6e675757686439, code=0, rtt=114713 us, pings_since_last_response=50446c6b6d6e675757686439 
[041:451][106843] (connection.cc:1824): Conn[3a6cd800CRWS|-|0|0|p|132]: Sent STUN BINDING request, id=4d463179736433337a656f75, use_candidate=0, nomination=0
[041:466][106843] (connection.cc:957): Conn[3a77cc00CRWS|S|0|4|p|143]: Sent STUN BINDING response, to=160.250.77.x:20103, writable=1, id=694656596475454978533877
[041:558][106843] (connection.cc:1702): Conn[3a6cd800CRWI|-|0|0|p|132]: Received STUN BINDING response, id=4d463179736433337a656f75, code=0, rtt=107968 us, pings_since_last_response=4d463179736433337a656f75 
[041:952][106843] (connection.cc:1824): Conn[43136400CRWS|-|0|0|p|95]: Sent STUN BINDING request, id=35524b673230775865714354, use_candidate=0, nomination=0
[041:962][106843] (connection.cc:957): Conn[3a6cd800CRWS|-|0|0|p|126]: Sent STUN BINDING response, to=160.250.77.x:20103, writable=1, id=6443572f754c5850615a6b44
[042:043][106843] (connection.cc:1702): Conn[43136400CRWI|-|0|0|p|95]: Received STUN BINDING response, id=35524b673230775865714354, code=0, rtt=91705 us, pings_since_last_response=35524b673230775865714354 
[042:453][106843] (connection.cc:1824): Conn[44374c00CRWS|-|0|0|p|96]: Sent STUN BINDING request, id=51386547336c35363638376f, use_candidate=0, nomination=0
[042:468][106843] (connection.cc:957): Conn[3a77cc00CRWS|S|0|4|p|143]: Sent STUN BINDING response, to=160.250.77.x:20103, writable=1, id=66786a77525037586977332f
[042:539][106843] (connection.cc:1702): Conn[44374c00CRWI|-|0|0|p|96]: Received STUN BINDING response, id=51386547336c35363638376f, code=0, rtt=87124 us, pings_since_last_response=51386547336c35363638376f 
[042:954][106843] (connection.cc:1824): Conn[3a77cc00CRWS|S|0|4|p|143]: Sent STUN BINDING request, id=6d4a6a33546a6c3178585070, use_candidate=0, nomination=4
[042:970][106843] (connection.cc:957): Conn[115e9800CRWS|-|0|0|p|173]: Sent STUN BINDING response, to=203.171.26.x:24428, writable=1, id=6d6d2b7955537a514f497041
[043:064][106843] (connection.cc:1702): Conn[3a77cc00CRWI|S|0|4|p|143]: Received STUN BINDING response, id=6d4a6a33546a6c3178585070, code=0, rtt=109771 us, pings_since_last_response=6d4a6a33546a6c3178585070 
[043:456][106843] (connection.cc:1824): Conn[3a44a400CRWS|-|0|0|p|149]: Sent STUN BINDING request, id=5175694d652f574658413077, use_candidate=0, nomination=0
[043:474][106843] (connection.cc:957): Conn[3a77cc00CRWS|S|0|4|p|135]: Sent STUN BINDING response, to=160.250.77.x:20103, writable=1, id=4f59676f7161754c486e4c62
[043:561][106843] (connection.cc:1702): Conn[3a44a400CRWI|-|0|0|p|149]: Received STUN BINDING response, id=5175694d652f574658413077, code=0, rtt=104904 us, pings_since_last_response=5175694d652f574658413077 
[043:957][106843] (connection.cc:957): Conn[3a77c000CRWS|-|0|0|p|145]: Sent STUN BINDING response, to=160.250.77.x:20103, writable=1, id=6f3377544c38563672664450
[043:958][106843] (connection.cc:1824): Conn[3a6ce400CRWS|-|0|0|p|137]: Sent STUN BINDING request, id=4f4131632b556c427a4c3159, use_candidate=0, nomination=0
[044:085][106843] (connection.cc:1702): Conn[3a6ce400CRWI|-|0|0|p|137]: Received STUN BINDING response, id=4f4131632b556c427a4c3159, code=0, rtt=127847 us, pings_since_last_response=4f4131632b556c427a4c3159 
[044:460][106843] (connection.cc:1824): Conn[3a77c000CRWS|-|0|0|p|145]: Sent STUN BINDING request, id=684e3366754b4f585373644f, use_candidate=0, nomination=0
[044:492][106843] (connection.cc:957): Conn[3a77cc00CRWS|S|0|4|p|135]: Sent STUN BINDING response, to=160.250.77.x:20103, writable=1, id=31584d624e453069457a3559
[044:592][110607] (bitrate_prober.cc:130): Probe cluster (bitrate_bps:min bytes:min packets): (108800 bps:204:5, Inactive)
[044:607][106843] (connection.cc:1702): Conn[3a77c000CRWI|-|0|0|p|145]: Received STUN BINDING response, id=684e3366754b4f585373644f, code=0, rtt=148155 us, pings_since_last_response=684e3366754b4f585373644f 
[044:819][110607] (probe_bitrate_estimator.cc:115): Probing unsuccessful, invalid send/receive interval [cluster id: 4] [send interval: 19 ms] [receive interval: 0 us]
[044:819][110607] (probe_bitrate_estimator.cc:115): Probing unsuccessful, invalid send/receive interval [cluster id: 4] [send interval: 26 ms] [receive interval: 0 us]
[044:961][106843] (connection.cc:1824): Conn[442da400CRWS|-|0|0|p|111]: Sent STUN BINDING request, id=68744d466b2b5538714b6365, use_candidate=0, nomination=0
[045:010][106843] (connection.cc:957): Conn[3a44a400CRWS|-|0|0|p|138]: Sent STUN BINDING response, to=116.103.111.x:59399, writable=1, id=796257456551704f4566734f
[045:124][106843] (connection.cc:1702): Conn[442da400CRWI|-|0|0|p|111]: Received STUN BINDING response, id=68744d466b2b5538714b6365, code=0, rtt=163710 us, pings_since_last_response=68744d466b2b5538714b6365 
[045:430][110607] (bitrate_allocator.cc:500): Current BWE 94435
[045:462][106843] (connection.cc:1824): Conn[3a77cc00CRWS|S|0|4|p|135]: Sent STUN BINDING request, id=4434564761666f34414c4270, use_candidate=0, nomination=4
[045:513][106843] (connection.cc:957): Conn[3a6ce400CRWS|-|0|0|p|135]: Sent STUN BINDING response, to=116.103.111.x:59399, writable=1, id=70523239386643574c5a4676
[045:532][106843] (connection.cc:1702): Conn[3a77cc00CRWI|S|0|4|p|135]: Received STUN BINDING response, id=4434564761666f34414c4270, code=0, rtt=69686 us, pings_since_last_response=4434564761666f34414c4270 
[045:964][106843] (connection.cc:1824): Conn[43c70000CRWS|-|0|0|p|116]: Sent STUN BINDING request, id=644d53764c2b364432746833, use_candidate=0, nomination=0
[045:978][106843] (connection.cc:957): Conn[442da400CRWS|-|0|0|p|124]: Sent STUN BINDING response, to=203.171.26.x:24428, writable=1, id=735843377555353555625751
[046:065][106843] (connection.cc:1702): Conn[43c70000CRWI|-|0|0|p|116]: Received STUN BINDING response, id=644d53764c2b364432746833, code=0, rtt=101767 us, pings_since_last_response=644d53764c2b364432746833 
[046:467][106843] (connection.cc:1824): Conn[3a77d800CRWS|-|0|0|p|125]: Sent STUN BINDING request, id=5357484374324c6177334e73, use_candidate=0, nomination=0
[046:494][106843] (connection.cc:957): Conn[43c70000CRWS|-|0|0|p|112]: Sent STUN BINDING response, to=116.103.111.x:59399, writable=1, id=6c6f64454d453839682b6251
[046:548][106843] (connection.cc:1702): Conn[3a77d800CRWI|-|0|0|p|125]: Received STUN BINDING response, id=5357484374324c6177334e73, code=0, rtt=82364 us, pings_since_last_response=5357484374324c6177334e73 
[046:969][106843] (connection.cc:1824): Conn[115e9800CRWS|-|0|0|p|173]: Sent STUN BINDING request, id=59584848492f44716c634756, use_candidate=0, nomination=0
[047:009][106843] (connection.cc:957): Conn[3a77cc00CRWS|S|0|4|p|118]: Sent STUN BINDING response, to=160.250.77.x:20103, writable=1, id=61716446554b6657512f6334
[047:071][106843] (connection.cc:1702): Conn[115e9800CRWI|-|0|0|p|173]: Received STUN BINDING response, id=59584848492f44716c634756, code=0, rtt=103329 us, pings_since_last_response=59584848492f44716c634756 
[047:471][106843] (connection.cc:1824): Conn[43c72400CRWS|-|0|0|p|142]: Sent STUN BINDING request, id=6f6471392f6e4c562f775630, use_candidate=0, nomination=0
[047:480][106843] (connection.cc:957): Conn[43136400CRWS|-|0|0|p|94]: Sent STUN BINDING response, to=203.171.26.x:24428, writable=1, id=645270396c4d626e674f7879
[047:584][106843] (connection.cc:1702): Conn[43c72400CRWI|-|0|0|p|142]: Received STUN BINDING response, id=6f6471392f6e4c562f775630, code=0, rtt=114 ms, pings_since_last_response=6f6471392f6e4c562f775630 
[047:972][106843] (connection.cc:1824): Conn[3a77cc00CRWS|S|0|4|p|118]: Sent STUN BINDING request, id=3836474270596e54355a7039, use_candidate=0, nomination=4
[048:038][106843] (connection.cc:957): Conn[3a77d800CRWS|-|0|0|p|114]: Sent STUN BINDING response, to=160.250.77.x:20103, writable=1, id=793764426b4f367949594e70
[048:073][106843] (connection.cc:1702): Conn[3a77cc00CRWI|S|0|4|p|118]: Received STUN BINDING response, id=3836474270596e54355a7039, code=0, rtt=100905 us, pings_since_last_response=3836474270596e54355a7039 
[048:475][106843] (connection.cc:1824): Conn[3a6cd800CRWS|-|0|0|p|126]: Sent STUN BINDING request, id=65326666314c59677676684e, use_candidate=0, nomination=0
[048:562][106843] (connection.cc:957): Conn[43c72400CRWS|-|0|0|p|135]: Sent STUN BINDING response, to=116.103.111.x:59399, writable=1, id=6d505475537750736c693373
[048:567][106843] (connection.cc:1702): Conn[3a6cd800CRWI|-|0|0|p|126]: Received STUN BINDING response, id=65326666314c59677676684e, code=0, rtt=93435 us, pings_since_last_response=65326666314c59677676684e 
[048:978][106843] (connection.cc:1824): Conn[43136400CRWS|-|0|0|p|94]: Sent STUN BINDING request, id=4a6357756d42694a6e346151, use_candidate=0, nomination=0
[049:035][106843] (connection.cc:957): Conn[44374c00CRWS|-|0|0|p|94]: Sent STUN BINDING response, to=203.171.26.x:24428, writable=1, id=4c4841777770306a37615348
[049:043][106843] (connection.cc:1702): Conn[43136400CRWI|-|0|0|p|94]: Received STUN BINDING response, id=4a6357756d42694a6e346151, code=0, rtt=65948 us, pings_since_last_response=4a6357756d42694a6e346151 
[049:166][137991] (remote_ntp_time_estimator.cc:94): RTP timestamp: 2282856934 in NTP clock: 3999048995095 estimated time in receiver NTP clock: 3999048995876
[049:480][106843] (connection.cc:1824): Conn[44374c00CRWS|-|0|0|p|94]: Sent STUN BINDING request, id=6b564657473736434e735048, use_candidate=0, nomination=0
[049:537][106843] (connection.cc:1702): Conn[44374c00CRWI|-|0|0|p|94]: Received STUN BINDING response, id=6b564657473736434e735048, code=0, rtt=57085 us, pings_since_last_response=6b564657473736434e735048 
[049:560][106843] (connection.cc:957): Conn[3a77cc00CRWS|S|0|4|p|114]: Sent STUN BINDING response, to=160.250.77.x:20103, writable=1, id=5070536f6c64795536672b54
[049:619][110607] (bitrate_prober.cc:130): Probe cluster (bitrate_bps:min bytes:min packets): (108800 bps:204:5, Inactive)
[049:799][110607] (probe_bitrate_estimator.cc:191): Probing successful [cluster id: 5] [send: 340 bytes / 19 ms = 143157 bps ] [receive: 340 bytes / 70 ms = 38857 bps]
[049:799][110607] (probe_bitrate_estimator.cc:191): Probing successful [cluster id: 5] [send: 442 bytes / 24 ms = 147333 bps ] [receive: 487 bytes / 70 ms = 55657 bps]
[049:983][106843] (connection.cc:1824): Conn[3a44a400CRWS|-|0|0|p|138]: Sent STUN BINDING request, id=4466643474736a69704f4262, use_candidate=0, nomination=0
[050:055][106843] (connection.cc:957): Conn[3a6cd800CRWS|-|0|0|p|118]: Sent STUN BINDING response, to=160.250.77.x:20103, writable=1, id=4278665248516971306f3437
[050:075][106843] (connection.cc:1702): Conn[3a44a400CRWI|-|0|0|p|138]: Received STUN BINDING response, id=4466643474736a69704f4262, code=0, rtt=92642 us, pings_since_last_response=4466643474736a69704f4262 
[050:485][106843] (connection.cc:1824): Conn[3a77cc00CRWS|S|0|4|p|114]: Sent STUN BINDING request, id=366f6c49757870426f5a672b, use_candidate=0, nomination=4
[050:560][106843] (connection.cc:957): Conn[115e9800CRWS|-|0|0|p|156]: Sent STUN BINDING response, to=203.171.26.x:24428, writable=1, id=46302b376577634f70332b47
[050:560][110607] (bitrate_allocator.cc:500): Current BWE 60400
[050:581][106843] (connection.cc:1702): Conn[3a77cc00CRWI|S|0|4|p|114]: Received STUN BINDING response, id=366f6c49757870426f5a672b, code=0, rtt=96521 us, pings_since_last_response=366f6c49757870426f5a672b 
[050:988][106843] (connection.cc:1824): Conn[3a6ce400CRWS|-|0|0|p|135]: Sent STUN BINDING request, id=586b4670666c484376476265, use_candidate=0, nomination=0
[051:028][106843] (connection.cc:957): Conn[3a77c000CRWS|-|0|0|p|146]: Sent STUN BINDING response, to=160.250.77.x:20103, writable=1, id=51623353534f546759536f31
[051:080][106843] (connection.cc:1702): Conn[3a6ce400CRWI|-|0|0|p|135]: Received STUN BINDING response, id=586b4670666c484376476265, code=0, rtt=92398 us, pings_since_last_response=586b4670666c484376476265 
[051:490][106843] (connection.cc:1824): Conn[3a77c000CRWS|-|0|0|p|146]: Sent STUN BINDING request, id=5462595a6f36325a6a595470, use_candidate=0, nomination=0
[051:541][106843] (connection.cc:1702): Conn[3a77c000CRWI|-|0|0|p|146]: Received STUN BINDING response, id=5462595a6f36325a6a595470, code=0, rtt=51214 us, pings_since_last_response=5462595a6f36325a6a595470 
[051:550][106843] (connection.cc:957): Conn[3a44a400CRWS|-|0|0|p|126]: Sent STUN BINDING response, to=116.103.111.x:59399, writable=1, id=4c3854395a425a477442472f
[051:994][106843] (connection.cc:1824): Conn[442da400CRWS|-|0|0|p|124]: Sent STUN BINDING request, id=34614b7a3964762b62416137, use_candidate=0, nomination=0
[052:060][106843] (connection.cc:957): Conn[3a77cc00CRWS|S|0|4|p|110]: Sent STUN BINDING response, to=160.250.77.x:20103, writable=1, id=733962575366757975474973
[052:080][106843] (connection.cc:1702): Conn[442da400CRWI|-|0|0|p|124]: Received STUN BINDING response, id=34614b7a3964762b62416137, code=0, rtt=86552 us, pings_since_last_response=34614b7a3964762b62416137 
[052:497][106843] (connection.cc:1824): Conn[43c70000CRWS|-|0|0|p|112]: Sent STUN BINDING request, id=6176796c6b6343537a387555, use_candidate=0, nomination=0
[052:561][106843] (connection.cc:957): Conn[3a6ce400CRWS|-|0|0|p|124]: Sent STUN BINDING response, to=116.103.111.x:59399, writable=1, id=456c3671536168703146554d
[052:658][106843] (connection.cc:1702): Conn[43c70000CRWI|-|0|0|p|112]: Received STUN BINDING response, id=6176796c6b6343537a387555, code=0, rtt=161698 us, pings_since_last_response=6176796c6b6343537a387555 
[052:998][106843] (connection.cc:1824): Conn[3a77cc00CRWS|S|0|4|p|110]: Sent STUN BINDING request, id=6459372b3045776235564c69, use_candidate=0, nomination=4
[053:046][106843] (connection.cc:957): Conn[442da400CRWS|-|0|0|p|115]: Sent STUN BINDING response, to=203.171.26.x:24428, writable=1, id=434d535168484a4556487874
[053:080][106843] (connection.cc:1702): Conn[3a77cc00CRWI|S|0|4|p|110]: Received STUN BINDING response, id=6459372b3045776235564c69, code=0, rtt=82052 us, pings_since_last_response=6459372b3045776235564c69 
[053:500][106843] (connection.cc:1824): Conn[3a77d800CRWS|-|0|0|p|114]: Sent STUN BINDING request, id=76684e77737830614e353944, use_candidate=0, nomination=0
[053:554][106843] (connection.cc:957): Conn[43c70000CRWS|-|0|0|p|125]: Sent STUN BINDING response, to=116.103.111.x:59399, writable=1, id=4d75646d4837517762773558
[053:648][106843] (connection.cc:1702): Conn[3a77d800CRWI|-|0|0|p|114]: Received STUN BINDING response, id=76684e77737830614e353944, code=0, rtt=148934 us, pings_since_last_response=76684e77737830614e353944 
[054:003][106843] (connection.cc:1824): Conn[115e9800CRWS|-|0|0|p|156]: Sent STUN BINDING request, id=70612b775361447156413972, use_candidate=0, nomination=0
[054:034][106843] (connection.cc:957): Conn[43136400CRWS|-|0|0|p|87]: Sent STUN BINDING response, to=203.171.26.x:24428, writable=1, id=3262535a79562b5267495644
[054:050][124307] (audio_device_buffer.cc:471): [REC : 10528msec, 48kHz] callbacks: 1054, samples: 505920, rate: 48055, rate diff: 0%, level: 30783
[054:050][124307] (audio_device_buffer.cc:497): [PLAY: 10528msec, 48kHz] callbacks: 1054, samples: 505920, rate: 48055, rate diff: 0%, level: 26533
[054:163][106843] (connection.cc:1702): Conn[115e9800CRWI|-|0|0|p|156]: Received STUN BINDING response, id=70612b775361447156413972, code=0, rtt=161063 us, pings_since_last_response=70612b775361447156413972 
[054:506][106843] (connection.cc:1824): Conn[43c72400CRWS|-|0|0|p|135]: Sent STUN BINDING request, id=473866754a474f3976564241, use_candidate=0, nomination=0
[054:541][106843] (connection.cc:957): Conn[3a77cc00CRWS|S|0|4|p|103]: Sent STUN BINDING response, to=160.250.77.x:20103, writable=1, id=4a38595139516f69664d4965
[054:645][110607] (bitrate_prober.cc:130): Probe cluster (bitrate_bps:min bytes:min packets): (108800 bps:204:5, Inactive)
[054:683][106843] (connection.cc:1702): Conn[43c72400CRWI|-|0|0|p|135]: Received STUN BINDING response, id=473866754a474f3976564241, code=0, rtt=178670 us, pings_since_last_response=473866754a474f3976564241 
[054:880][110607] (probe_bitrate_estimator.cc:115): Probing unsuccessful, invalid send/receive interval [cluster id: 6] [send interval: 16 ms] [receive interval: 0 us]
[054:880][110607] (probe_bitrate_estimator.cc:115): Probing unsuccessful, invalid send/receive interval [cluster id: 6] [send interval: 23 ms] [receive interval: 0 us]
[055:008][106843] (connection.cc:1824): Conn[3a6cd800CRWS|-|0|0|p|118]: Sent STUN BINDING request, id=6b3251506863614973747058, use_candidate=0, nomination=0
[055:062][106843] (connection.cc:957): Conn[3a77d800CRWS|-|0|0|p|123]: Sent STUN BINDING response, to=160.250.77.x:20103, writable=1, id=464a4f6c726a374348794631
[055:179][106843] (connection.cc:1702): Conn[3a6cd800CRWI|-|0|0|p|118]: Received STUN BINDING response, id=6b3251506863614973747058, code=0, rtt=171127 us, pings_since_last_response=6b3251506863614973747058 
[055:510][106843] (connection.cc:1824): Conn[3a77cc00CRWS|S|0|4|p|103]: Sent STUN BINDING request, id=537277726a4f366663396d65, use_candidate=0, nomination=4
[055:570][106843] (connection.cc:957): Conn[43c72400CRWS|-|0|0|p|146]: Sent STUN BINDING response, to=116.103.111.x:59399, writable=1, id=6f44366f7635545857536e55
[055:598][106843] (connection.cc:1702): Conn[3a77cc00CRWI|S|0|4|p|103]: Received STUN BINDING response, id=537277726a4f366663396d65, code=0, rtt=88964 us, pings_since_last_response=537277726a4f366663396d65 
[055:701][110607] (bitrate_allocator.cc:500): Current BWE 93050
[056:011][106843] (connection.cc:1824): Conn[43136400CRWS|-|0|0|p|87]: Sent STUN BINDING request, id=7779455031586651482f6545, use_candidate=0, nomination=0
[056:051][106843] (connection.cc:957): Conn[44374c00CRWS|-|0|0|p|85]: Sent STUN BINDING response, to=203.171.26.x:24428, writable=1, id=64767758615939315a554339
[056:062][106843] (connection.cc:1702): Conn[43136400CRWI|-|0|0|p|87]: Received STUN BINDING response, id=7779455031586651482f6545, code=0, rtt=50933 us, pings_since_last_response=7779455031586651482f6545 
[056:513][106843] (connection.cc:1824): Conn[44374c00CRWS|-|0|0|p|85]: Sent STUN BINDING request, id=6f436d764a49597733376d46, use_candidate=0, nomination=0
[056:565][106843] (connection.cc:1702): Conn[44374c00CRWI|-|0|0|p|85]: Received STUN BINDING response, id=6f436d764a49597733376d46, code=0, rtt=52306 us, pings_since_last_response=6f436d764a49597733376d46 
[056:573][106843] (connection.cc:957): Conn[3a6cd800CRWS|-|0|0|p|131]: Sent STUN BINDING response, to=160.250.77.x:20103, writable=1, id=476c7530754e334e4c517531
[057:015][106843] (connection.cc:1824): Conn[3a44a400CRWS|-|0|0|p|126]: Sent STUN BINDING request, id=4b4d63655367625778676a32, use_candidate=0, nomination=0
[057:078][106843] (connection.cc:957): Conn[3a77cc00CRWS|S|0|4|p|99]: Sent STUN BINDING response, to=160.250.77.x:20103, writable=1, id=536e674d3671495033685834
[057:094][106843] (connection.cc:1702): Conn[3a44a400CRWI|-|0|0|p|126]: Received STUN BINDING response, id=4b4d63655367625778676a32, code=0, rtt=79140 us, pings_since_last_response=4b4d63655367625778676a32 
[057:518][106843] (connection.cc:1824): Conn[3a6ce400CRWS|-|0|0|p|124]: Sent STUN BINDING request, id=6637646f56786e356e472f2f, use_candidate=0, nomination=0
[057:577][106843] (connection.cc:957): Conn[115e9800CRWS|-|0|0|p|157]: Sent STUN BINDING response, to=203.171.26.x:24428, writable=1, id=752f53347049523168526873
[057:598][106843] (connection.cc:1702): Conn[3a6ce400CRWI|-|0|0|p|124]: Received STUN BINDING response, id=6637646f56786e356e472f2f, code=0, rtt=80537 us, pings_since_last_response=6637646f56786e356e472f2f 
[058:019][106843] (connection.cc:1824): Conn[3a77cc00CRWS|S|0|4|p|99]: Sent STUN BINDING request, id=714462377461342f63434e62, use_candidate=0, nomination=4
[058:052][106843] (connection.cc:957): Conn[3a77c000CRWS|-|0|0|p|122]: Sent STUN BINDING response, to=160.250.77.x:20103, writable=1, id=2b76613534534d6a62575048
[058:100][106843] (connection.cc:1702): Conn[3a77cc00CRWI|S|0|4|p|99]: Received STUN BINDING response, id=714462377461342f63434e62, code=0, rtt=81744 us, pings_since_last_response=714462377461342f63434e62 
[058:522][106843] (connection.cc:1824): Conn[3a77c000CRWS|-|0|0|p|122]: Sent STUN BINDING request, id=6f564b4d354d4c515a705941, use_candidate=0, nomination=0
[058:567][106843] (connection.cc:957): Conn[3a44a400CRWS|-|0|0|p|115]: Sent STUN BINDING response, to=116.103.111.x:59399, writable=1, id=4f7571636467746a436d6436
[058:580][106843] (connection.cc:1702): Conn[3a77c000CRWI|-|0|0|p|122]: Received STUN BINDING response, id=6f564b4d354d4c515a705941, code=0, rtt=58043 us, pings_since_last_response=6f564b4d354d4c515a705941 
[059:024][106843] (connection.cc:1824): Conn[442da400CRWS|-|0|0|p|115]: Sent STUN BINDING request, id=596b31776b46306d59757348, use_candidate=0, nomination=0
[059:074][106843] (connection.cc:957): Conn[3a6ce400CRWS|-|0|0|p|113]: Sent STUN BINDING response, to=116.103.111.x:59399, writable=1, id=753758565a58365a78465770
[059:166][137991] (remote_ntp_time_estimator.cc:94): RTP timestamp: 2283343510 in NTP clock: 3999049005187 estimated time in receiver NTP clock: 3999049005990
[059:169][106843] (connection.cc:1702): Conn[442da400CRWI|-|0|0|p|115]: Received STUN BINDING response, id=596b31776b46306d59757348, code=0, rtt=145030 us, pings_since_last_response=596b31776b46306d59757348 
[059:527][106843] (connection.cc:1824): Conn[43c70000CRWS|-|0|0|p|125]: Sent STUN BINDING request, id=5046715231784343336e6f62, use_candidate=0, nomination=0
[059:577][106843] (connection.cc:957): Conn[3a77cc00CRWS|S|0|4|p|95]: Sent STUN BINDING response, to=160.250.77.x:20103, writable=1, id=755168474758663245774c56
[059:645][110607] (bitrate_prober.cc:130): Probe cluster (bitrate_bps:min bytes:min packets): (108800 bps:204:5, Inactive)
[059:676][106843] (connection.cc:1702): Conn[43c70000CRWI|-|0|0|p|125]: Received STUN BINDING response, id=5046715231784343336e6f62, code=0, rtt=149291 us, pings_since_last_response=5046715231784343336e6f62 
[059:873][110607] (probe_bitrate_estimator.cc:115): Probing unsuccessful, invalid send/receive interval [cluster id: 7] [send interval: 18 ms] [receive interval: 0 us]
[059:874][110607] (probe_bitrate_estimator.cc:115): Probing unsuccessful, invalid send/receive interval [cluster id: 7] [send interval: 24 ms] [receive interval: 0 us]
[060:028][106843] (connection.cc:1824): Conn[3a77d800CRWS|-|0|0|p|123]: Sent STUN BINDING request, id=493664626156364949794b4a, use_candidate=0, nomination=0
[060:074][106843] (connection.cc:957): Conn[442da400CRWS|-|0|0|p|122]: Sent STUN BINDING response, to=203.171.26.x:24428, writable=1, id=6374784137504b4a41714a6f
[060:093][106843] (connection.cc:1702): Conn[3a77d800CRWI|-|0|0|p|123]: Received STUN BINDING response, id=493664626156364949794b4a, code=0, rtt=65752 us, pings_since_last_response=493664626156364949794b4a 
[060:529][106843] (connection.cc:1824): Conn[3a77cc00CRWS|S|0|4|p|95]: Sent STUN BINDING request, id=57526f4473456738326e3858, use_candidate=0, nomination=4
[060:570][106843] (connection.cc:957): Conn[43c70000CRWS|-|0|0|p|131]: Sent STUN BINDING response, to=116.103.111.x:59399, writable=1, id=49572f5767666e2b4e576447
[060:696][106843] (connection.cc:1702): Conn[3a77cc00CRWI|S|0|4|p|95]: Received STUN BINDING response, id=57526f4473456738326e3858, code=0, rtt=167138 us, pings_since_last_response=57526f4473456738326e3858 
[061:031][106843] (connection.cc:1824): Conn[115e9800CRWS|-|0|0|p|157]: Sent STUN BINDING request, id=51536a765364726a73415045, use_candidate=0, nomination=0
[061:050][106843] (connection.cc:957): Conn[43136400CRWS|-|0|0|p|78]: Sent STUN BINDING response, to=203.171.26.x:24428, writable=1, id=4b394d2b4d6947414b573354
[061:180][106843] (connection.cc:1702): Conn[115e9800CRWI|-|0|0|p|157]: Received STUN BINDING response, id=51536a765364726a73415045, code=0, rtt=148857 us, pings_since_last_response=51536a765364726a73415045 
[061:532][106843] (connection.cc:1824): Conn[43c72400CRWS|-|0|0|p|146]: Sent STUN BINDING request, id=684a464450542f4968797355, use_candidate=0, nomination=0
[061:562][106843] (connection.cc:957): Conn[3a77d800CRWS|-|0|0|p|109]: Sent STUN BINDING response, to=160.250.77.x:20103, writable=1, id=4144387839496b6b72353954
[061:677][106843] (connection.cc:1702): Conn[43c72400CRWI|-|0|0|p|146]: Received STUN BINDING response, id=684a464450542f4968797355, code=0, rtt=145603 us, pings_since_last_response=684a464450542f4968797355 
[062:034][106843] (connection.cc:1824): Conn[3a6cd800CRWS|-|0|0|p|131]: Sent STUN BINDING request, id=656757753946464776307937, use_candidate=0, nomination=0
[062:078][106843] (connection.cc:957): Conn[3a77cc00CRWS|S|0|4|p|113]: Sent STUN BINDING response, to=160.250.77.x:20103, writable=1, id=32484a434778776447633278
[062:185][106843] (connection.cc:1702): Conn[3a6cd800CRWI|-|0|0|p|131]: Received STUN BINDING response, id=656757753946464776307937, code=0, rtt=151169 us, pings_since_last_response=656757753946464776307937 
[062:537][106843] (connection.cc:1824): Conn[43136400CRWS|-|0|0|p|78]: Sent STUN BINDING request, id=6e6c39474d77557743784b52, use_candidate=0, nomination=0
[062:570][106843] (connection.cc:957): Conn[43c72400CRWS|-|0|0|p|146]: Sent STUN BINDING response, to=116.103.111.x:59399, writable=1, id=47316f5762775663746e4c39
[062:592][106843] (connection.cc:1702): Conn[43136400CRWI|-|0|0|p|78]: Received STUN BINDING response, id=6e6c39474d77557743784b52, code=0, rtt=55477 us, pings_since_last_response=6e6c39474d77557743784b52 
[063:039][106843] (connection.cc:1824): Conn[3a77cc00CRWS|S|0|4|p|113]: Sent STUN BINDING request, id=712f7964436d78672b765238, use_candidate=0, nomination=4
[063:052][106843] (connection.cc:957): Conn[44374c00CRWS|-|0|0|p|77]: Sent STUN BINDING response, to=203.171.26.x:24428, writable=1, id=6c6158596247702f34463964
[063:114][106843] (connection.cc:1702): Conn[3a77cc00CRWI|S|0|4|p|113]: Received STUN BINDING response, id=712f7964436d78672b765238, code=0, rtt=75737 us, pings_since_last_response=712f7964436d78672b765238 
[063:541][106843] (connection.cc:1824): Conn[44374c00CRWS|-|0|0|p|77]: Sent STUN BINDING request, id=48546f3853626c77652b536a, use_candidate=0, nomination=0
[063:573][106843] (connection.cc:957): Conn[3a6cd800CRWS|-|0|0|p|136]: Sent STUN BINDING response, to=160.250.77.x:20103, writable=1, id=6648767a2b6671564f533263
[063:594][106843] (connection.cc:1702): Conn[44374c00CRWI|-|0|0|p|77]: Received STUN BINDING response, id=48546f3853626c77652b536a, code=0, rtt=53293 us, pings_since_last_response=48546f3853626c77652b536a 
[064:043][106843] (connection.cc:1824): Conn[3a44a400CRWS|-|0|0|p|115]: Sent STUN BINDING request, id=796a68543955663032684d32, use_candidate=0, nomination=0
[064:076][106843] (connection.cc:957): Conn[115e9800CRWS|-|0|0|p|155]: Sent STUN BINDING response, to=203.171.26.x:24428, writable=1, id=786b43676f556165594b6a57
[064:171][106843] (connection.cc:1702): Conn[3a44a400CRWI|-|0|0|p|115]: Received STUN BINDING response, id=796a68543955663032684d32, code=0, rtt=128064 us, pings_since_last_response=796a68543955663032684d32 
[064:301][114371] (audio_device_buffer.cc:471): [REC : 10251msec, 48kHz] callbacks: 1024, samples: 491520, rate: 47948, rate diff: 0%, level: 27266
[064:301][114371] (audio_device_buffer.cc:497): [PLAY: 10251msec, 48kHz] callbacks: 1024, samples: 491520, rate: 47948, rate diff: 0%, level: 8292
[064:546][106843] (connection.cc:1824): Conn[3a6ce400CRWS|-|0|0|p|113]: Sent STUN BINDING request, id=7856787071684f5043434145, use_candidate=0, nomination=0
[064:583][106843] (connection.cc:957): Conn[3a77cc00CRWS|S|0|4|p|104]: Sent STUN BINDING response, to=160.250.77.x:20103, writable=1, id=6c5954776f61716870644d4f
[064:646][110607] (bitrate_prober.cc:130): Probe cluster (bitrate_bps:min bytes:min packets): (108800 bps:204:5, Inactive)
[064:675][106843] (connection.cc:1702): Conn[3a6ce400CRWI|-|0|0|p|113]: Received STUN BINDING response, id=7856787071684f5043434145, code=0, rtt=129194 us, pings_since_last_response=7856787071684f5043434145 
[064:788][110607] (bitrate_allocator.cc:500): Current BWE 97539
[064:877][110607] (probe_bitrate_estimator.cc:115): Probing unsuccessful, invalid send/receive interval [cluster id: 8] [send interval: 20 ms] [receive interval: 0 us]
[064:877][110607] (probe_bitrate_estimator.cc:115): Probing unsuccessful, invalid send/receive interval [cluster id: 8] [send interval: 24 ms] [receive interval: 0 us]
[065:048][106843] (connection.cc:1824): Conn[3a77c000CRWS|-|0|0|p|106]: Sent STUN BINDING request, id=7a64576c6644754a30543674, use_candidate=0, nomination=0
[065:060][106843] (connection.cc:957): Conn[3a77c000CRWI|-|0|0|p|106]: Sent STUN BINDING response, to=160.250.77.x:20103, writable=1, id=715a682f726b4e6f62635867
[065:157][106843] (connection.cc:1702): Conn[3a77c000CRWI|-|0|0|p|106]: Received STUN BINDING response, id=7a64576c6644754a30543674, code=0, rtt=109527 us, pings_since_last_response=7a64576c6644754a30543674 
[065:549][106843] (connection.cc:1824): Conn[3a77cc00CRWS|S|0|4|p|104]: Sent STUN BINDING request, id=525a43415149687175556574, use_candidate=0, nomination=4
[065:567][106843] (connection.cc:957): Conn[3a44a400CRWS|-|0|0|p|118]: Sent STUN BINDING response, to=116.103.111.x:59399, writable=1, id=6d4963536759386a6f506e36
[065:618][106843] (connection.cc:1702): Conn[3a77cc00CRWI|S|0|4|p|104]: Received STUN BINDING response, id=525a43415149687175556574, code=0, rtt=69226 us, pings_since_last_response=525a43415149687175556574 
[066:051][106843] (connection.cc:1824): Conn[442da400CRWS|-|0|0|p|122]: Sent STUN BINDING request, id=6c6b57536e65783161325651, use_candidate=0, nomination=0
[066:071][106843] (connection.cc:957): Conn[3a6ce400CRWS|-|0|0|p|117]: Sent STUN BINDING response, to=116.103.111.x:59399, writable=1, id=732f4730506344364a742b38
[066:193][106843] (connection.cc:1702): Conn[442da400CRWI|-|0|0|p|122]: Received STUN BINDING response, id=6c6b57536e65783161325651, code=0, rtt=141889 us, pings_since_last_response=6c6b57536e65783161325651 
[066:553][106843] (connection.cc:1824): Conn[43c70000CRWS|-|0|0|p|131]: Sent STUN BINDING request, id=6944476f5a496c4a4c454d63, use_candidate=0, nomination=0
[066:564][106843] (connection.cc:957): Conn[442da400CRWS|-|0|0|p|127]: Sent STUN BINDING response, to=203.171.26.x:24428, writable=1, id=4169646d6736694c57414e63
[066:693][106843] (connection.cc:1702): Conn[43c70000CRWI|-|0|0|p|131]: Received STUN BINDING response, id=6944476f5a496c4a4c454d63, code=0, rtt=140398 us, pings_since_last_response=6944476f5a496c4a4c454d63 
[067:057][106843] (connection.cc:1824): Conn[3a77d800CRWS|-|0|0|p|109]: Sent STUN BINDING request, id=486c46733641474655784b77, use_candidate=0, nomination=0
[067:080][106843] (connection.cc:957): Conn[3a77cc00CRWS|S|0|4|p|95]: Sent STUN BINDING response, to=160.250.77.x:20103, writable=1, id=73664e635a366e4273686a45
[067:177][106843] (connection.cc:1702): Conn[3a77d800CRWI|-|0|0|p|109]: Received STUN BINDING response, id=486c46733641474655784b77, code=0, rtt=120160 us, pings_since_last_response=486c46733641474655784b77 
[067:559][106843] (connection.cc:1824): Conn[115e9800CRWS|-|0|0|p|155]: Sent STUN BINDING request, id=66762f743534546c32794145, use_candidate=0, nomination=0
[067:571][106843] (connection.cc:957): Conn[43c70000CRWS|-|0|0|p|133]: Sent STUN BINDING response, to=116.103.111.x:59399, writable=1, id=625042707344476769736f4e
[067:685][106843] (connection.cc:1702): Conn[115e9800CRWI|-|0|0|p|155]: Received STUN BINDING response, id=66762f743534546c32794145, code=0, rtt=126581 us, pings_since_last_response=66762f743534546c32794145 
[068:051][106843] (connection.cc:957): Conn[43136400CRWS|-|0|0|p|72]: Sent STUN BINDING response, to=203.171.26.x:24428, writable=1, id=457844675a624d4d39453469
[068:061][106843] (connection.cc:1824): Conn[3a77cc00CRWS|S|0|4|p|95]: Sent STUN BINDING request, id=76474d4d395a6c47636b4954, use_candidate=0, nomination=4
[068:180][106843] (connection.cc:1702): Conn[3a77cc00CRWI|S|0|4|p|95]: Received STUN BINDING response, id=76474d4d395a6c47636b4954, code=0, rtt=119417 us, pings_since_last_response=76474d4d395a6c47636b4954 
[068:561][106843] (connection.cc:957): Conn[3a77d800CRWS|-|0|0|p|112]: Sent STUN BINDING response, to=160.250.77.x:20103, writable=1, id=6e41786453724b4c324d774f
[068:563][106843] (connection.cc:1824): Conn[43c72400CRWS|-|0|0|p|146]: Sent STUN BINDING request, id=426e70634e56764f5a557665, use_candidate=0, nomination=0
[068:678][106843] (connection.cc:1702): Conn[43c72400CRWI|-|0|0|p|146]: Received STUN BINDING response, id=426e70634e56764f5a557665, code=0, rtt=115120 us, pings_since_last_response=426e70634e56764f5a557665 
[069:066][106843] (connection.cc:1824): Conn[3a6cd800CRWS|-|0|0|p|136]: Sent STUN BINDING request, id=314a617a4a3564334a656c38, use_candidate=0, nomination=0
[069:074][106843] (connection.cc:957): Conn[43c72400CRWS|-|0|0|p|138]: Sent STUN BINDING response, to=116.103.111.x:59399, writable=1, id=5a4a306f68544354594c7661
[069:176][106843] (connection.cc:1702): Conn[3a6cd800CRWI|-|0|0|p|136]: Received STUN BINDING response, id=314a617a4a3564334a656c38, code=0, rtt=110512 us, pings_since_last_response=314a617a4a3564334a656c38 
[069:185][137991] (remote_ntp_time_estimator.cc:94): RTP timestamp: 2283828692 in NTP clock: 3999049015271 estimated time in receiver NTP clock: 3999049016087
[069:569][106843] (connection.cc:1824): Conn[43136400CRWS|-|0|0|p|72]: Sent STUN BINDING request, id=35417536514368547965722b, use_candidate=0, nomination=0
[069:579][106843] (connection.cc:957): Conn[3a77cc00CRWS|S|0|4|p|101]: Sent STUN BINDING response, to=160.250.77.x:20103, writable=1, id=436a514a6d30786832585367
[069:658][106843] (connection.cc:1702): Conn[43136400CRWI|-|0|0|p|72]: Received STUN BINDING response, id=35417536514368547965722b, code=0, rtt=89242 us, pings_since_last_response=35417536514368547965722b 
[069:666][110607] (bitrate_prober.cc:130): Probe cluster (bitrate_bps:min bytes:min packets): (108800 bps:204:5, Inactive)
[069:811][110607] (probe_bitrate_estimator.cc:115): Probing unsuccessful, invalid send/receive interval [cluster id: 9] [send interval: 18 ms] [receive interval: 0 us]
[069:811][110607] (probe_bitrate_estimator.cc:115): Probing unsuccessful, invalid send/receive interval [cluster id: 9] [send interval: 24 ms] [receive interval: 0 us]
[070:053][106843] (connection.cc:957): Conn[44374c00CRWS|-|0|0|p|71]: Sent STUN BINDING response, to=203.171.26.x:24428, writable=1, id=4666784a544f6a3235354930
[070:071][106843] (connection.cc:1824): Conn[44374c00CRWS|-|0|0|p|71]: Sent STUN BINDING request, id=587331533343654f716d7165, use_candidate=0, nomination=0
[070:159][106843] (connection.cc:1702): Conn[44374c00CRWI|-|0|0|p|71]: Received STUN BINDING response, id=587331533343654f716d7165, code=0, rtt=87826 us, pings_since_last_response=587331533343654f716d7165 
[070:573][106843] (connection.cc:957): Conn[3a6cd800CRWS|-|0|0|p|130]: Sent STUN BINDING response, to=160.250.77.x:20103, writable=1, id=67756447414b5a784d71314b
[070:574][106843] (connection.cc:1824): Conn[3a77cc00CRWS|S|0|4|p|101]: Sent STUN BINDING request, id=626271625033617650736445, use_candidate=0, nomination=4
[070:680][106843] (connection.cc:1702): Conn[3a77cc00CRWI|S|0|4|p|101]: Received STUN BINDING response, id=626271625033617650736445, code=0, rtt=106865 us, pings_since_last_response=626271625033617650736445 
[071:074][106843] (connection.cc:1824): Conn[3a44a400CRWS|-|0|0|p|118]: Sent STUN BINDING request, id=695952665247794b4d2f4e78, use_candidate=0, nomination=0
[071:077][106843] (connection.cc:957): Conn[115e9800CRWS|-|0|0|p|148]: Sent STUN BINDING response, to=203.171.26.x:24428, writable=1, id=4f733844314b4f3067546944
[071:170][106843] (connection.cc:1702): Conn[3a44a400CRWI|-|0|0|p|118]: Received STUN BINDING response, id=695952665247794b4d2f4e78, code=0, rtt=96338 us, pings_since_last_response=695952665247794b4d2f4e78 
[071:561][106843] (connection.cc:957): Conn[3a77c000CRWS|-|0|0|p|107]: Sent STUN BINDING response, to=160.250.77.x:20103, writable=1, id=31706a6555627a6333633831
[071:577][106843] (connection.cc:1824): Conn[3a6ce400CRWS|-|0|0|p|117]: Sent STUN BINDING request, id=77422f46494e7532306d644d, use_candidate=0, nomination=0
[071:676][106843] (connection.cc:1702): Conn[3a6ce400CRWI|-|0|0|p|117]: Received STUN BINDING response, id=77422f46494e7532306d644d, code=0, rtt=99368 us, pings_since_last_response=77422f46494e7532306d644d 
[072:077][106843] (connection.cc:1824): Conn[3a77c000CRWS|-|0|0|p|107]: Sent STUN BINDING request, id=2b2f6a5030366d6e7a433645, use_candidate=0, nomination=0
[072:079][106843] (connection.cc:957): Conn[3a77cc00CRWS|S|0|4|p|103]: Sent STUN BINDING response, to=160.250.77.x:20103, writable=1, id=355a79422f6b4d7766374f54
[072:156][106843] (connection.cc:1702): Conn[3a77c000CRWI|-|0|0|p|107]: Received STUN BINDING response, id=2b2f6a5030366d6e7a433645, code=0, rtt=78842 us, pings_since_last_response=2b2f6a5030366d6e7a433645 
[072:569][106843] (connection.cc:957): Conn[3a44a400CRWS|-|0|0|p|113]: Sent STUN BINDING response, to=116.103.111.x:59399, writable=1, id=61694e747454343264375770
[072:578][106843] (connection.cc:1824): Conn[442da400CRWS|-|0|0|p|127]: Sent STUN BINDING request, id=677859455a6c674d69784354, use_candidate=0, nomination=0
[072:689][106843] (connection.cc:1702): Conn[442da400CRWI|-|0|0|p|127]: Received STUN BINDING response, id=677859455a6c674d69784354, code=0, rtt=111072 us, pings_since_last_response=677859455a6c674d69784354 
[073:076][106843] (connection.cc:957): Conn[3a6ce400CRWS|-|0|0|p|113]: Sent STUN BINDING response, to=116.103.111.x:59399, writable=1, id=377431645345567048565775
[073:078][106843] (connection.cc:1824): Conn[3a77cc00CRWS|S|0|4|p|103]: Sent STUN BINDING request, id=44704c50514e7145616b4246, use_candidate=0, nomination=4
[073:132][101171] (peer_connection.cc:1945): PeerConnection close: 8408536852214850148
[073:134][101171] (sdp_offer_answer.cc:3264): Session: 8408536852214850148 Old state: stable New state: closed
[073:134][110607] (webrtc_voice_engine.cc:2532): WRVMC::SetOutputVolume({ssrc=4254292599}, {volume=0.00})
[073:134][110607] (webrtc_voice_engine.cc:2542): WRVMC::SetOutputVolume => (stream with SSRC 4254292599 now uses volume 0.00)
[073:134][106843] (peer_connection.cc:2785): Tearing down data channel transport for mid=1
[073:136][106843] (dtls_transport.cc:297): DTLS-STUN piggyback complete with success=0
[073:138][106843] (openssl_adapter.cc:811): SSL negotiation finished successfully
[073:138][106843] (connection.cc:1027): Conn[115e9800CRWS|-|0|0|p|148]: Connection destroy
[073:138][106843] (connection.cc:1027): Conn[442da400CRWS|-|0|0|p|123]: Connection destroy
[073:138][106843] (connection.cc:1027): Conn[43136400CRWS|-|0|0|p|77]: Connection destroy
[073:138][106843] (connection.cc:1027): Conn[44374c00CRWS|-|0|0|p|75]: Connection destroy
[073:138][106843] (connection.cc:1027): Conn[43c72400CRWS|-|0|0|p|138]: Connection destroy
[073:138][106843] (connection.cc:1027): Conn[43c70000CRWS|-|0|0|p|133]: Connection destroy
[073:138][106843] (connection.cc:1027): Conn[3a44a400CRWS|-|0|0|p|113]: Connection destroy
[073:138][106843] (connection.cc:1027): Conn[3a6ce400CRWS|-|0|0|p|113]: Connection destroy
[073:138][106843] (connection.cc:1027): Conn[3a6cd800CRWS|-|0|0|p|130]: Connection destroy
[073:138][106843] (connection.cc:1027): Conn[3a77d800CRWS|-|0|0|p|112]: Connection destroy
[073:138][106843] (connection.cc:1027): Conn[3a77cc00CRWI|S|0|4|p|103]: Connection destroy
[073:138][106843] (connection.cc:1027): Conn[3a77c000CRWS|-|0|0|p|100]: Connection destroy
[073:138][106843] (basic_port_allocator.cc:1460): [441f1dc0]Net[pdp_ip0:21.74.162.x/32:Cellular:id=3] Clear
[073:138][106843] (basic_port_allocator.cc:1460): [441f01c0]Net[pdp_ip0:2402:800:5d8c:x:x:x:x:x/64:Cellular:id=4] Clear
[073:138][106843] (turn_port.cc:1947): TurnPort(Port[43da2300:0:1:0:relay:Net[pdp_ip0:21.74.162.x/32:Cellular:id=3]]-Remote[14.238.62.98:3478/udp]: TURN refresh request sent, id=504d7261346f726e2f6f7975 with lifetime = 0
[073:139][106843] (turn_port.cc:1262): TurnPort(Port[43da2300:0:1:0:relay:Net[pdp_ip0:21.74.162.x/32:Cellular:id=3]]-Remote[14.238.62.98:3478/udp]: TurnPort::Release
[073:139][106843] (turn_port.cc:1947): TurnPort(Port[43da2d00:0:1:0:relay:Net[pdp_ip0:21.74.162.x/32:Cellular:id=3]]-Remote[171.226.10.227:3478/udp]: TURN refresh request sent, id=664d6b6e316b556d357a4357 with lifetime = 0
[073:139][106843] (turn_port.cc:1262): TurnPort(Port[43da2d00:0:1:0:relay:Net[pdp_ip0:21.74.162.x/32:Cellular:id=3]]-Remote[171.226.10.227:3478/udp]: TurnPort::Release
[073:139][106843] (turn_port.cc:1947): TurnPort(Port[442cf700:0:1:0:relay:Net[pdp_ip0:21.74.162.x/32:Cellular:id=3]]-Remote[14.238.161.90:3478/udp]: TURN refresh request sent, id=4b55444a574f2b746d4b614e with lifetime = 0
[073:139][106843] (turn_port.cc:1262): TurnPort(Port[442cf700:0:1:0:relay:Net[pdp_ip0:21.74.162.x/32:Cellular:id=3]]-Remote[14.238.161.90:3478/udp]: TurnPort::Release
[073:139][106843] (turn_port.cc:1947): TurnPort(Port[442cca00:0:1:0:relay:Net[pdp_ip0:21.74.162.x/32:Cellular:id=3]]-Remote[203.171.26.154:3478/udp]: TURN refresh request sent, id=3376516d46314f6d32385144 with lifetime = 0
[073:139][106843] (turn_port.cc:1262): TurnPort(Port[442cca00:0:1:0:relay:Net[pdp_ip0:21.74.162.x/32:Cellular:id=3]]-Remote[203.171.26.154:3478/udp]: TurnPort::Release
[073:139][110607] (channel.cc:646): Channel disabled: {mid: 0, media_type: audio}
[073:139][110607] (audio_receive_stream.cc:205): AudioReceiveStreamImpl::Stop: 4254292599
[073:139][110607] (audio_device_ios.mm:268): AudioDeviceIOS::StopPlayout
[073:139][110607] (RTCLogging.mm:34): (audio_device_ios.mm:292 StopPlayout): Average number of playout callbacks between glitches: 100000
[073:139][110607] (audio_device_buffer.cc:170): total playout time: 40233
[073:139][110607] (audio_send_stream.cc:388): AudioSendStream::Stop: 3379668032
[073:139][110607] (bitrate_allocator.cc:727): UpdateAllocationLimits : total_requested_min_bitrate: 0 bps, total_requested_padding_bitrate: 0 bps, total_requested_max_bitrate: 0 bps
[073:139][110607] (audio_device_ios.mm:330): AudioDeviceIOS::StopRecording
[073:139][110607] (audio_device_ios.mm:1027): AudioDeviceIOS::ShutdownPlayOrRecord
[073:139][110607] (RTCLogging.mm:34): (voice_processing_audio_unit.mm:400 Stop): Stopping audio unit.
[073:189][110607] (RTCLogging.mm:34): (voice_processing_audio_unit.mm:407 Stop): Stopped audio unit
[073:189][110607] (RTCLogging.mm:34): (voice_processing_audio_unit.mm:416 Uninitialize): Unintializing audio unit.
[073:189][110607] (RTCLogging.mm:34): (voice_processing_audio_unit.mm:423 Uninitialize): Uninitialized audio unit.
[073:189][110607] (RTCLogging.mm:34): (voice_processing_audio_unit.mm:561 DisposeAudioUnit): Disposing audio unit.
[073:289][110607] (RTCLogging.mm:34): (RTCAudioSession.mm:242 -[RTCAudioSession removeDelegate:]): Removing delegate: (0x150a320f0)
[073:289][110607] (RTCLogging.mm:34): (audio_device_ios.mm:964 UnconfigureAudioSession): Unconfiguring audio session.
[073:289][110607] (RTCLogging.mm:34): (RTCAudioSession.mm:804 -[RTCAudioSession unconfigureWebRTCSession:]): Unconfiguring audio session for WebRTC.
[073:289][110607] (RTCLogging.mm:34): (RTCAudioSession.mm:685 -[RTCAudioSession decrementActivationCount]): Decrementing activation count.
[073:289][110607] (RTCLogging.mm:34): (RTCAudioSession.mm:419 -[RTCAudioSession setActive:error:]): Number of current activations: 2
[073:289][110607] (RTCLogging.mm:34): (audio_device_ios.mm:976 UnconfigureAudioSession): Unconfigured audio session.
[073:289][110607] (audio_device_buffer.cc:200): HISTOGRAM(WebRTC.Audio.RecordedOnlyZeros): 0
[073:289][110607] (audio_device_buffer.cc:203): total recording time: 39795
[073:289][110607] (channel.cc:916): Changing voice state, recv=0 send=0 for {mid: 0, media_type: audio}
[073:290][110607] (webrtc_voice_engine.cc:2480): RemoveRecvStream: 4254292599
[073:291][110607] (audio_receive_stream.cc:146): ~AudioReceiveStreamImpl: 4254292599
[073:293][110607] (webrtc_voice_engine.cc:1651): RemoveSendStream: 3379668032
[073:293][110607] (call.cc:1215): UpdateAggregateNetworkState: aggregate_state change to down
[073:293][110607] (pacing_controller.cc:114): PacedSender paused.
[073:293][110607] (control_handler.cc:65): Bitrate estimate state changed, BWE: 98886 bps.
[073:293][110607] (audio_send_stream.cc:185): ~AudioSendStream: 3379668032
[073:294][110607] (call.cc:586): WebRTC.Call.AudioBitrateReceivedInBps, periodic_samples:19, {min:24848, avg:31776, max:42520}
[073:294][110607] (call.cc:594): WebRTC.Call.RtcpBitrateReceivedInBps, periodic_samples:19, {min:1808, avg:2520, max:3264}
[073:294][110607] (call.cc:602): WebRTC.Call.BitrateReceivedInBps, periodic_samples:19, {min:27248, avg:34280, max:44600}
[073:301][259] (RTCLogging.mm:34): (RTCAudioSession.mm:557 -[RTCAudioSession handleRouteChangeNotification:]): Audio route changed:
[073:301][259] (RTCLogging.mm:34): (RTCAudioSession.mm:573 -[RTCAudioSession handleRouteChangeNotification:]): Audio route changed: Override
[073:301][259] (RTCLogging.mm:34): (RTCAudioSession.mm:590 -[RTCAudioSession handleRouteChangeNotification:]): Previous route: <AVAudioSessionRouteDescription: 0x150a31b00, 
inputs = (
    "<AVAudioSessionPortDescription: 0x150a31370, type = MicrophoneBuiltIn; name = Micr\U00f4 c\U1ee7a iPhone; UID = Built-In Microphone; selectedDataSource = (null)>"
); 
outputs = (
    "<AVAudioSessionPortDescription: 0x150a32f20, type = Speaker; name = Loa ngo\U00e0i; UID = Speaker; selectedDataSource = (null)>"
)>
Current route:<AVAudioSessionRouteDescription: 0x150a316b0, 
inputs = (
    "<AVAudioSessionPortDescription: 0x150a327e0, type = MicrophoneBuiltIn; name = Micr\U00f4 c\U1ee7a iPhone; UID = Built-In Microphone; selectedDataSource = D\U01b0\U1edbi c\U00f9ng>"
); 
outputs = (
    "<AVAudioSessionPortDescription: 0x150a31ad0, type = Speaker; name = Loa ngo\U00e0i; UID = Speaker; selectedDataSource = (null)>"
)>
[073:315][110607] (webrtc_voice_engine.cc:560): WebRtcVoiceEngine::Terminate
[073:315][110607] (audio_device_ios.mm:268): AudioDeviceIOS::StopPlayout
[073:315][110607] (audio_device_ios.mm:330): AudioDeviceIOS::StopRecording
[073:315][110607] (audio_device_ios.mm:179): AudioDeviceIOS::Terminate
[073:315][110607] (audio_device_ios.mm:268): AudioDeviceIOS::StopPlayout
[073:315][110607] (audio_device_ios.mm:330): AudioDeviceIOS::StopRecording
