[000:000][259] (RTCLogging.mm:34): (RTCAudioSession.mm:888 -[RTCAudioSession observeValueForKeyPath:ofObject:change:context:]): OutputVolumeDidChange to 1.000000
[000:000][259] (RTCLogging.mm:34): (RTCAudioSession.mm:557 -[RTCAudioSession handleRouteChangeNotification:]): Audio route changed:
[000:000][259] (RTCLogging.mm:34): (RTCAudioSession.mm:570 -[RTCAudioSession handleRouteChangeNotification:]): Audio route changed: CategoryChange to :AVAudioSessionCategoryPlayAndRecord
[000:001][259] (RTCLogging.mm:34): (RTCAudioSession.mm:590 -[RTCAudioSession handleRouteChangeNotification:]): Previous route: <AVAudioSessionRouteDescription: 0x13146aa10, 
inputs = (
); 
outputs = (
    "<AVAudioSessionPortDescription: 0x13146a380, type = Speaker; name = Loa ngo\U00e0i; UID = Speaker; selectedDataSource = (null)>"
)>
Current route:<AVAudioSessionRouteDescription: 0x13146b7d0, 
inputs = (
    "<AVAudioSessionPortDescription: 0x13146a9f0, type = MicrophoneBuiltIn; name = Micr\U00f4 c\U1ee7a iPhone; UID = Built-In Microphone; selectedDataSource = D\U01b0\U1edbi c\U00f9ng>"
); 
outputs = (
    "<AVAudioSessionPortDescription: 0x13146b960, type = Receiver; name = Thi\U1ebft b\U1ecb nh\U1eadn; UID = Built-In Receiver; selectedDataSource = (null)>"
)>
[000:022][259] (RTCLogging.mm:34): (RTCAudioSession.mm:557 -[RTCAudioSession handleRouteChangeNotification:]): Audio route changed:
[000:022][259] (RTCLogging.mm:34): (RTCAudioSession.mm:582 -[RTCAudioSession handleRouteChangeNotification:]): Audio route changed: RouteConfigurationChange
[000:022][259] (RTCLogging.mm:34): (RTCAudioSession.mm:590 -[RTCAudioSession handleRouteChangeNotification:]): Previous route: <AVAudioSessionRouteDescription: 0x13146b940, 
inputs = (
    "<AVAudioSessionPortDescription: 0x13146a9f0, type = MicrophoneBuiltIn; name = Micr\U00f4 c\U1ee7a iPhone; UID = Built-In Microphone; selectedDataSource = D\U01b0\U1edbi c\U00f9ng>"
); 
outputs = (
    "<AVAudioSessionPortDescription: 0x13146b8f0, type = Receiver; name = Thi\U1ebft b\U1ecb nh\U1eadn; UID = Built-In Receiver; selectedDataSource = (null)>"
)>
Current route:<AVAudioSessionRouteDescription: 0x13146b8d0, 
inputs = (
    "<AVAudioSessionPortDescription: 0x13146b9b0, type = MicrophoneBuiltIn; name = Micr\U00f4 c\U1ee7a iPhone; UID = Built-In Microphone; selectedDataSource = D\U01b0\U1edbi c\U00f9ng>"
); 
outputs = (
    "<AVAudioSessionPortDescription: 0x131469f40, type = Receiver; name = Thi\U1ebft b\U1ecb nh\U1eadn; UID = Built-In Receiver; selectedDataSource = (null)>"
)>
[000:204][29955] (RTCConfiguration.mm:304): Don't have configured cert.
[000:208][102403] (peer_connection_factory.cc:398): Using default network controller factory
[000:209][259] (RTCLogging.mm:34): (RTCAudioSession.mm:856 -[RTCAudioSession audioSessionDidActivate:]): Audio session was externally activated.
[000:209][259] (RTCLogging.mm:34): (RTCAudioSession.mm:680 -[RTCAudioSession incrementActivationCount]): Incrementing activation count.
[000:209][102403] (bitrate_prober.cc:54): Bandwidth probing enabled, set to inactive
[000:209][102403] (cpu_info.cc:77): Available number of cores: 6
[000:209][102403] (transport_sequence_number_feedback_generator.cc:52): Maximum interval between transport feedback RTCP messages: 250 ms
[000:209][102403] (aimd_rate_control.cc:114): Using aimd rate control with back off factor 0.9
[000:209][102403] (remote_bitrate_estimator_single_stream.cc:59): RemoteBitrateEstimatorSingleStream: Instantiating.
[000:210][102659] (peer_connection.cc:659): PeerConnection create with session: 6845270572449701895
[000:211][115203] (peer_connection.cc:2377): TCP candidates are disabled.
[000:211][115203] (peer_connection.cc:2407): InitializePortAllocator port_allocator: old=10, new=16714, maxIpv6: 5, candidateFilter: 6
[000:211][115203] (basic_port_allocator.cc:271): BasicPortAllocatorSession[504e5600] () component:0 u/p=F9hB/qAJ+Exx9C9pjvyxTL0Jc05BD
[000:211][115203] (basic_port_allocator.cc:375): Start getting ports with turn_port_prune_policy 0
[000:212][115203] (basic_port_allocator.cc:1011): 504e5600 OnNetworksChanged start
[000:212][115203] (basic_port_allocator.cc:711): Count of networks: 4
[000:212][115203] (basic_port_allocator.cc:713): Net[en0:2402:9d80:43b:x:x:x:x:x/64:Wifi:id=2]
[000:212][115203] (basic_port_allocator.cc:713): Net[en0:172.20.10.x/28:Wifi:id=1]
[000:212][115203] (basic_port_allocator.cc:713): Net[lo0:0:0:0:x:x:x:x:x/128:Loopback:id=4]
[000:212][115203] (basic_port_allocator.cc:713): Net[lo0:127.0.0.x/8:Loopback:id=3]
[000:212][115203] (basic_port_allocator.cc:125): Filtered out ignored networks:
[000:212][115203] (basic_port_allocator.cc:127): Net[lo0:0:0:0:x:x:x:x:x/128:Loopback:id=4]
[000:212][115203] (basic_port_allocator.cc:127): Net[lo0:127.0.0.x/8:Loopback:id=3]
[000:212][102403] (webrtc_voice_engine.cc:522): WebRtcVoiceEngine::Init
[000:212][102403] (audio_device_buffer.cc:75): AudioDeviceBuffer::ctor
[000:212][102403] (audio_device_ios.mm:126): AudioDeviceIOS::ctor<NSThread: 0x152e74b40>{number = 28, name = (null)},bypass_voice_processing=0
[000:212][102403] (audio_device_ios.mm:144): AudioDeviceIOS::AttachAudioBuffer
[000:212][102403] (audio_device_ios.mm:151): AudioDeviceIOS::Init
[000:212][102403] (audio_device_ios.mm:741): AudioDeviceIOS::UpdateAudioDevicebuffer
[000:212][102403] (audio_device_buffer.cc:213): SetPlayoutSampleRate(48000)
[000:212][102403] (audio_device_buffer.cc:233): SetPlayoutChannels(1)
[000:212][102403] (audio_device_buffer.cc:207): SetRecordingSampleRate(48000)
[000:212][102403] (audio_device_buffer.cc:227): SetRecordingChannels(1)
[000:212][102403] (audio_device_ios.mm:1134): SetPlayoutDevice: Not implemented
[000:212][102403] (audio_device_ios.mm:1195): SetStereoPlayout: Not implemented
[000:212][102403] (audio_device_module_ios.mm:390): stereo playout is not supported
[000:212][102403] (adm_helpers.cc:57): Failed to set stereo playout mode.
[000:212][102403] (audio_device_ios.mm:1244): SetRecordingDevice: Not implemented
[000:212][102403] (adm_helpers.cc:77): Failed to set stereo recording mode.
[000:213][115203] (basic_port_allocator.cc:1030): 504e5600 OnNetworksChanged end with network_start: 0 ,allocation_started = 0, failed_networks = 0
[000:213][115203] (basic_port_allocator.cc:1045): 504e5600 Network manager has started
[000:213][115203] (basic_port_allocator.cc:669): 504e5600 OnAllocate allocation_epoch = 0 network_start: 1 ,allocation_started = 0
[000:213][115203] (basic_port_allocator.cc:711): Count of networks: 4
[000:213][115203] (basic_port_allocator.cc:713): Net[en0:2402:9d80:43b:x:x:x:x:x/64:Wifi:id=2]
[000:213][115203] (basic_port_allocator.cc:713): Net[en0:172.20.10.x/28:Wifi:id=1]
[000:213][115203] (basic_port_allocator.cc:713): Net[lo0:0:0:0:x:x:x:x:x/128:Loopback:id=4]
[000:213][115203] (basic_port_allocator.cc:713): Net[lo0:127.0.0.x/8:Loopback:id=3]
[000:213][115203] (basic_port_allocator.cc:125): Filtered out ignored networks:
[000:213][115203] (basic_port_allocator.cc:127): Net[lo0:0:0:0:x:x:x:x:x/128:Loopback:id=4]
[000:213][115203] (basic_port_allocator.cc:127): Net[lo0:127.0.0.x/8:Loopback:id=3]
[000:213][115203] (basic_port_allocator.cc:934): BasicPortAllocatorSession[504e5600] Allocate ports on en0 en0  with allocation: 0, ports: 0, relay_count_success: 0, has_wifi: 1, max_total_probe_packet: 20, max_probe: 5
[000:213][115203] (basic_port_allocator.cc:1434): AllocationSequence[52f0f1e0] khoi tao with network: Net[en0:172.20.10.x/28:Wifi:id=1] with max_probe: 5
[000:213][102403] (webrtc_voice_engine.cc:606): WebRtcVoiceEngine::ApplyOptions: AudioOptions {aec: 1, agc: 1, ns: 0, hf: 1, swap: 0, audio_jitter_buffer_max_packets: 200, audio_jitter_buffer_fast_accelerate: 0, audio_jitter_buffer_min_delay_ms: 0, }
[000:213][102403] (webrtc_voice_engine.cc:621): Always disable AEC on iOS. Use built-in instead.
[000:213][102403] (webrtc_voice_engine.cc:629): Always disable AGC on iOS. Use built-in instead.
[000:213][102403] (audio_processing_impl.cc:680): AudioProcessing::ApplyConfig: AudioProcessing::Config{ pipeline: { maximum_internal_processing_rate: 32000, multi_channel_render: 1, multi_channel_capture: 1 }, pre_amplifier: { enabled: 0, fixed_gain_factor: 1 },capture_level_adjustment: { enabled: 0, pre_gain_factor: 1, post_gain_factor: 1, analog_mic_gain_emulation: { enabled: 0, initial_level: 255 }}, high_pass_filter: { enabled: 1 }, echo_canceller: { enabled: 0, enforce_high_pass_filtering: 1 }, noise_suppression: { enabled: 0, level: High }, transient_suppression: { enabled: 0 }, gain_controller1: { enabled: 0, mode: FixedDigital, target_level_dbfs: 3, compression_gain_db: 9, enable_limiter: 1, analog_gain_controller { enabled: 1, startup_min_volume: 0, clipped_level_min: 70, enable_digital_adaptive: 1, clipped_level_step: 15, clipped_ratio_threshold: 0.1, clipped_wait_frames: 300, clipping_predictor:  { enabled: 0, mode: 0, window_length: 5, reference_window_length: 5, reference_window_delay: 5, clipping_threshold: -1, crest_factor_margin: 3, use_predicted_step: 1 }}}, gain_controller2: { enabled: 0, fixed_digital: { gain_db: 0 }, adaptive_digital: { enabled: 0, headroom_db: 5, max_gain_db: 50, initial_gain_db: 15, max_gain_change_db_per_second: 6, max_output_noise_level_dbfs: -50 }, input_volume_control : { enabled 0}}
[000:214][115203] (basic_port_allocator.cc:1434): AllocationSequence[52f0e220] khoi tao with network: Net[en0:2402:9d80:43b:x:x:x:x:x/64:Wifi:id=2] with max_probe: 5
[000:214][115203] (basic_port_allocator.cc:1576): AllocationSequence[52f0f1e0]Net[en0:172.20.10.x/28:Wifi:id=1]: Allocation Phase=Udp
[000:214][115203] (port.cc:130): Port[52f26300::1:0:host:Net[en0:172.20.10.x/28:Wifi:id=1]]: Port created with network cost 10
[000:214][115203] (basic_port_allocator.cc:1068): Adding Candidate allocated port for UDPPort(Port[52f26300::1:0:host:Net[en0:172.20.10.x/28:Wifi:id=1]]) with name
[000:214][115203] (basic_port_allocator.cc:1093): UDPPort(Port[52f26300::0:0:host:Net[en0:172.20.10.x/28:Wifi:id=1]]): Added port to allocator
[000:214][115203] (basic_port_allocator.cc:1110): UDPPort(Port[52f26300::0:0:host:Net[en0:172.20.10.x/28:Wifi:id=1]]): Gathered candidate: Cand[:3043222652:0:udp:2122194688:172.20.10.x:50351:host::0:F9hB:qAJ+Exx9C9pjvyxTL0Jc05BD:1:10:0]
[000:214][115203] (basic_port_allocator.cc:1143): UDPPort(Port[52f26300::0:0:host:Net[en0:172.20.10.x/28:Wifi:id=1]]): Port ready.
[000:214][115203] (basic_port_allocator.cc:1152): OnCandidateReady: UDPPort(Port[52f26300::0:0:host:Net[en0:172.20.10.x/28:Wifi:id=1]]): s:1 with candidates:1
[000:214][115203] (basic_port_allocator.cc:1259): UDPPort(Port[52f26300::0:0:host:Net[en0:172.20.10.x/28:Wifi:id=1]]): Port completed gathering candidates.
[000:214][115203] (basic_port_allocator.cc:1576): AllocationSequence[52f0e220]Net[en0:2402:9d80:43b:x:x:x:x:x/64:Wifi:id=2]: Allocation Phase=Udp
[000:214][115203] (port.cc:130): Port[52f26680::1:0:host:Net[en0:2402:9d80:43b:x:x:x:x:x/64:Wifi:id=2]]: Port created with network cost 10
[000:214][115203] (basic_port_allocator.cc:1068): Adding Candidate allocated port for UDPPort(Port[52f26680::1:0:host:Net[en0:2402:9d80:43b:x:x:x:x:x/64:Wifi:id=2]]) with name
[000:214][115203] (basic_port_allocator.cc:1093): UDPPort(Port[52f26680::0:0:host:Net[en0:2402:9d80:43b:x:x:x:x:x/64:Wifi:id=2]]): Added port to allocator
[000:214][115203] (basic_port_allocator.cc:1110): UDPPort(Port[52f26680::0:0:host:Net[en0:2402:9d80:43b:x:x:x:x:x/64:Wifi:id=2]]): Gathered candidate: Cand[:192173882:0:udp:2122262784:[2402:9d80:43b:x:x:x:x:x]:54201:host::0:F9hB:qAJ+Exx9C9pjvyxTL0Jc05BD:2:10:0]
[000:214][115203] (basic_port_allocator.cc:1143): UDPPort(Port[52f26680::0:0:host:Net[en0:2402:9d80:43b:x:x:x:x:x/64:Wifi:id=2]]): Port ready.
[000:214][115203] (basic_port_allocator.cc:1152): OnCandidateReady: UDPPort(Port[52f26680::0:0:host:Net[en0:2402:9d80:43b:x:x:x:x:x/64:Wifi:id=2]]): s:1 with candidates:1
[000:214][115203] (basic_port_allocator.cc:1259): UDPPort(Port[52f26680::0:0:host:Net[en0:2402:9d80:43b:x:x:x:x:x/64:Wifi:id=2]]): Port completed gathering candidates.
[000:214][102659] (sdp_offer_answer.cc:1546): SdpOfferAnswerHandler::Initialize.
[000:215][115203] (openssl_key_pair.cc:36): Making key pair
[000:215][115203] (openssl_key_pair.cc:89): Returning key pair
[000:215][115203] (boringssl_certificate.cc:186): Making certificate for WebRTC
[000:217][115203] (boringssl_certificate.cc:242): Returning certificate
[000:217][29955] (sctp_data_channel.cc:387): DataChannelObserver - adapter needed
[000:219][102659] (rtp_transmission_manager.cc:242): Adding audio transceiver in response to a call to AddTrack.
[000:219][102403] (webrtc_voice_engine.cc:1304): Setting voice channel options: AudioOptions {audio_jitter_buffer_max_packets: 200, audio_jitter_buffer_fast_accelerate: 0, audio_jitter_buffer_min_delay_ms: 0, }
[000:219][102403] (webrtc_voice_engine.cc:606): WebRtcVoiceEngine::ApplyOptions: AudioOptions {audio_jitter_buffer_max_packets: 200, audio_jitter_buffer_fast_accelerate: 0, audio_jitter_buffer_min_delay_ms: 0, }
[000:219][102403] (webrtc_voice_engine.cc:621): Always disable AEC on iOS. Use built-in instead.
[000:219][102403] (webrtc_voice_engine.cc:629): Always disable AGC on iOS. Use built-in instead.
[000:219][102403] (audio_processing_impl.cc:680): AudioProcessing::ApplyConfig: AudioProcessing::Config{ pipeline: { maximum_internal_processing_rate: 32000, multi_channel_render: 1, multi_channel_capture: 1 }, pre_amplifier: { enabled: 0, fixed_gain_factor: 1 },capture_level_adjustment: { enabled: 0, pre_gain_factor: 1, post_gain_factor: 1, analog_mic_gain_emulation: { enabled: 0, initial_level: 255 }}, high_pass_filter: { enabled: 1 }, echo_canceller: { enabled: 0, enforce_high_pass_filtering: 1 }, noise_suppression: { enabled: 0, level: High }, transient_suppression: { enabled: 0 }, gain_controller1: { enabled: 0, mode: FixedDigital, target_level_dbfs: 3, compression_gain_db: 9, enable_limiter: 1, analog_gain_controller { enabled: 1, startup_min_volume: 0, clipped_level_min: 70, enable_digital_adaptive: 1, clipped_level_step: 15, clipped_ratio_threshold: 0.1, clipped_wait_frames: 300, clipping_predictor:  { enabled: 0, mode: 0, window_length: 5, reference_window_length: 5, reference_window_delay: 5, clipping_threshold: -1, crest_factor_margin: 3, use_predicted_step: 1 }}}, gain_controller2: { enabled: 0, fixed_digital: { gain_db: 0 }, adaptive_digital: { enabled: 0, headroom_db: 5, max_gain_db: 50, initial_gain_db: 15, max_gain_change_db_per_second: 6, max_output_noise_level_dbfs: -50 }, input_volume_control : { enabled 0}}
[000:219][102403] (webrtc_voice_engine.cc:1318): Set voice send channel options. Current options: AudioOptions {audio_jitter_buffer_max_packets: 200, audio_jitter_buffer_fast_accelerate: 0, audio_jitter_buffer_min_delay_ms: 0, }
[000:219][102403] (webrtc_voice_engine.cc:2264): Setting voice channel options: AudioOptions {audio_jitter_buffer_max_packets: 200, audio_jitter_buffer_fast_accelerate: 0, audio_jitter_buffer_min_delay_ms: 0, }
[000:219][102403] (webrtc_voice_engine.cc:606): WebRtcVoiceEngine::ApplyOptions: AudioOptions {audio_jitter_buffer_max_packets: 200, audio_jitter_buffer_fast_accelerate: 0, audio_jitter_buffer_min_delay_ms: 0, }
[000:219][102403] (webrtc_voice_engine.cc:621): Always disable AEC on iOS. Use built-in instead.
[000:219][102403] (webrtc_voice_engine.cc:629): Always disable AGC on iOS. Use built-in instead.
[000:219][102403] (audio_processing_impl.cc:680): AudioProcessing::ApplyConfig: AudioProcessing::Config{ pipeline: { maximum_internal_processing_rate: 32000, multi_channel_render: 1, multi_channel_capture: 1 }, pre_amplifier: { enabled: 0, fixed_gain_factor: 1 },capture_level_adjustment: { enabled: 0, pre_gain_factor: 1, post_gain_factor: 1, analog_mic_gain_emulation: { enabled: 0, initial_level: 255 }}, high_pass_filter: { enabled: 1 }, echo_canceller: { enabled: 0, enforce_high_pass_filtering: 1 }, noise_suppression: { enabled: 0, level: High }, transient_suppression: { enabled: 0 }, gain_controller1: { enabled: 0, mode: FixedDigital, target_level_dbfs: 3, compression_gain_db: 9, enable_limiter: 1, analog_gain_controller { enabled: 1, startup_min_volume: 0, clipped_level_min: 70, enable_digital_adaptive: 1, clipped_level_step: 15, clipped_ratio_threshold: 0.1, clipped_wait_frames: 300, clipping_predictor:  { enabled: 0, mode: 0, window_length: 5, reference_window_length: 5, reference_window_delay: 5, clipping_threshold: -1, crest_factor_margin: 3, use_predicted_step: 1 }}}, gain_controller2: { enabled: 0, fixed_digital: { gain_db: 0 }, adaptive_digital: { enabled: 0, headroom_db: 5, max_gain_db: 50, initial_gain_db: 15, max_gain_change_db_per_second: 6, max_output_noise_level_dbfs: -50 }, input_volume_control : { enabled 0}}
[000:219][102403] (webrtc_voice_engine.cc:2294): Set voice receive channel options. Current options: AudioOptions {audio_jitter_buffer_max_packets: 200, audio_jitter_buffer_fast_accelerate: 0, audio_jitter_buffer_min_delay_ms: 0, }
[000:220][29955] (RTCLogging.mm:34): (RTCDtmfSender.mm:78 -[RTCDtmfSender initWithNativeDtmfSender:]): RTC_OBJC_TYPE(RTCDtmfSender)(0x13146a8b0): created DTMF sender: RTC_OBJC_TYPE(RTCDtmfSender) {
  remainingTones: 
  duration: 0.100000 sec
  interToneGap: 0.050000 sec
}
[000:220][29955] (RTCLogging.mm:34): (RTCRtpSender.mm:141 -[RTCRtpSender initWithFactory:nativeRtpSender:]): RTC_OBJC_TYPE(RTCRtpSender)(0x152e435c0): created sender: RTC_OBJC_TYPE(RTCRtpSender) {
  senderId: audio_UU2PK4BNW4M
}
[000:220][29955] (RTCLogging.mm:34): (RTCDtmfSender.mm:78 -[RTCDtmfSender initWithNativeDtmfSender:]): RTC_OBJC_TYPE(RTCDtmfSender)(0x131469810): created DTMF sender: RTC_OBJC_TYPE(RTCDtmfSender) {
  remainingTones: 
  duration: 0.100000 sec
  interToneGap: 0.050000 sec
}
[000:220][29955] (RTCLogging.mm:34): (RTCRtpSender.mm:141 -[RTCRtpSender initWithFactory:nativeRtpSender:]): RTC_OBJC_TYPE(RTCRtpSender)(0x152e40de0): created sender: RTC_OBJC_TYPE(RTCRtpSender) {
  senderId: audio_UU2PK4BNW4M
}
[000:220][29955] (RTCLogging.mm:34): (RTCRtpReceiver.mm:150 -[RTCRtpReceiver initWithFactory:nativeRtpReceiver:]): RTC_OBJC_TYPE(RTCRtpReceiver)(0x152df4a80): created receiver: RTC_OBJC_TYPE(RTCRtpReceiver) {
  receiverId: 963d173d-f130-4710-bff5-a0a68a953010
}
[000:220][29955] (RTCLogging.mm:34): (RTCRtpTransceiver.mm:257 -[RTCRtpTransceiver initWithFactory:nativeRtpTransceiver:]): RTC_OBJC_TYPE(RTCRtpTransceiver)(0x152df4570): created transceiver: RTC_OBJC_TYPE(RTCRtpTransceiver) {
  sender: RTC_OBJC_TYPE(RTCRtpSender) {
  senderId: audio_UU2PK4BNW4M
}
  receiver: RTC_OBJC_TYPE(RTCRtpReceiver) {
  receiverId: 963d173d-f130-4710-bff5-a0a68a953010
}
}
[000:220][29955] (RTCLogging.mm:34): (RTCDtmfSender.mm:78 -[RTCDtmfSender initWithNativeDtmfSender:]): RTC_OBJC_TYPE(RTCDtmfSender)(0x13146a8b0): created DTMF sender: RTC_OBJC_TYPE(RTCDtmfSender) {
  remainingTones: 
  duration: 0.100000 sec
  interToneGap: 0.050000 sec
}
[000:220][29955] (RTCLogging.mm:34): (RTCRtpSender.mm:141 -[RTCRtpSender initWithFactory:nativeRtpSender:]): RTC_OBJC_TYPE(RTCRtpSender)(0x152e43380): created sender: RTC_OBJC_TYPE(RTCRtpSender) {
  senderId: audio_UU2PK4BNW4M
}
[000:220][29955] (RTCLogging.mm:34): (RTCRtpReceiver.mm:150 -[RTCRtpReceiver initWithFactory:nativeRtpReceiver:]): RTC_OBJC_TYPE(RTCRtpReceiver)(0x152df4540): created receiver: RTC_OBJC_TYPE(RTCRtpReceiver) {
  receiverId: 963d173d-f130-4710-bff5-a0a68a953010
}
[000:220][29955] (RTCLogging.mm:34): (RTCRtpTransceiver.mm:257 -[RTCRtpTransceiver initWithFactory:nativeRtpTransceiver:]): RTC_OBJC_TYPE(RTCRtpTransceiver)(0x152df7c90): created transceiver: RTC_OBJC_TYPE(RTCRtpTransceiver) {
  sender: RTC_OBJC_TYPE(RTCRtpSender) {
  senderId: audio_UU2PK4BNW4M
}
  receiver: RTC_OBJC_TYPE(RTCRtpReceiver) {
  receiverId: 963d173d-f130-4710-bff5-a0a68a953010
}
}
[000:220][102659] (sdp_offer_answer.cc:1687): SdpOfferAnswerHandler::CreateOffer.
[000:221][102659] (sdp_payload_type_suggester.cc:63): SuggestPayloadType: FAILED to find remote mapping for [111:audio/opus/48000/2;minptime=10;useinbandfec=1]
[000:221][102659] (sdp_payload_type_suggester.cc:63): SuggestPayloadType: FAILED to find remote mapping for [9:audio/G722/8000/1]
[000:221][102659] (sdp_payload_type_suggester.cc:63): SuggestPayloadType: FAILED to find remote mapping for [0:audio/PCMU/8000/1]
[000:221][102659] (sdp_payload_type_suggester.cc:63): SuggestPayloadType: FAILED to find remote mapping for [8:audio/PCMA/8000/1]
[000:221][102659] (sdp_payload_type_suggester.cc:63): SuggestPayloadType: FAILED to find remote mapping for [13:audio/CN/8000/1]
[000:221][102659] (sdp_payload_type_suggester.cc:63): SuggestPayloadType: FAILED to find remote mapping for [110:audio/telephone-event/48000/1]
[000:221][102659] (sdp_payload_type_suggester.cc:63): SuggestPayloadType: FAILED to find remote mapping for [126:audio/telephone-event/8000/1]
[000:221][102659] (sdp_payload_type_suggester.cc:63): SuggestPayloadType: FAILED to find remote mapping for [63:audio/red/48000/2;=111/111]
[000:222][102659] (sdp_offer_answer.cc:2594): SdpOfferAnswerHandler::DoSetLocalDescription.
[000:222][102659] (sdp_offer_answer.cc:2630): SdpOfferAnswerHandler::check last.
[000:222][102659] (sdp_offer_answer.cc:2675): SdpOfferAnswerHandler::check codecs_mangled_to_raw.
[000:222][102659] (sdp_offer_answer.cc:2711): DoSetLocalDescription: offer
[000:222][115203] (jsep_transport_controller.cc:1096): MaybeCreateJsepTransport mid=0 begin create transport
[000:222][115203] (p2p_transport_channel.cc:787): Set WebRTC-IceFieldTrials:stop_gather_on_strongly_connected 0
[000:222][115203] (p2p_transport_channel.cc:799): Set skip_relay_to_non_relay_connections
[000:222][115203] (p2p_transport_channel.cc:555): Set continual_gathering_policy to 1
[000:222][115203] (p2p_transport_channel.cc:564): Set backup connection ping interval to 25 s milliseconds.
[000:222][115203] (p2p_transport_channel.cc:573): Set ICE receiving timeout to 2500 ms milliseconds
[000:222][115203] (p2p_transport_channel.cc:580): Set ping most likely connection to 0
[000:222][115203] (p2p_transport_channel.cc:587): Set stable_writable_connection_ping_interval to 2500 ms
[000:222][115203] (p2p_transport_channel.cc:600): Set presume writable when fully relayed to 0
[000:222][115203] (p2p_transport_channel.cc:618): Set regather_on_failed_networks_interval to 300 s
[000:222][115203] (p2p_transport_channel.cc:628): Set receiving_switching_delay to 1 s
[000:222][115203] (p2p_transport_channel.cc:642): Set strong ping interval to 480 ms
[000:222][115203] (p2p_transport_channel.cc:676): Set prune timeout to 10 s
[000:222][115203] (jsep_transport_controller.cc:587): Creating DtlsSrtpTransport.
[000:222][115203] (dtls_srtp_transport.cc:53): Setting RTP Transport on 0 transport 52f27800
[000:222][115203] (srtp_transport.cc:255): The params in SRTP transport are reset.
[000:222][115203] (jsep_transport_controller.cc:1155): MaybeCreateJsepTransport mid=0 end transport
[000:222][115203] (p2p_transport_channel.cc:498): Set ICE ufrag: F9hB pwd: qAJ+Exx9C9pjvyxTL0Jc05BD on transport 0
[000:222][102403] (webrtc_voice_engine.cc:1304): Setting voice channel options: AudioOptions {audio_jitter_buffer_max_packets: 200, audio_jitter_buffer_fast_accelerate: 0, audio_jitter_buffer_min_delay_ms: 0, }
[000:222][102403] (webrtc_voice_engine.cc:606): WebRtcVoiceEngine::ApplyOptions: AudioOptions {audio_jitter_buffer_max_packets: 200, audio_jitter_buffer_fast_accelerate: 0, audio_jitter_buffer_min_delay_ms: 0, }
[000:222][102403] (webrtc_voice_engine.cc:621): Always disable AEC on iOS. Use built-in instead.
[000:222][102403] (webrtc_voice_engine.cc:629): Always disable AGC on iOS. Use built-in instead.
[000:222][102403] (audio_processing_impl.cc:680): AudioProcessing::ApplyConfig: AudioProcessing::Config{ pipeline: { maximum_internal_processing_rate: 32000, multi_channel_render: 1, multi_channel_capture: 1 }, pre_amplifier: { enabled: 0, fixed_gain_factor: 1 },capture_level_adjustment: { enabled: 0, pre_gain_factor: 1, post_gain_factor: 1, analog_mic_gain_emulation: { enabled: 0, initial_level: 255 }}, high_pass_filter: { enabled: 1 }, echo_canceller: { enabled: 0, enforce_high_pass_filtering: 1 }, noise_suppression: { enabled: 0, level: High }, transient_suppression: { enabled: 0 }, gain_controller1: { enabled: 0, mode: FixedDigital, target_level_dbfs: 3, compression_gain_db: 9, enable_limiter: 1, analog_gain_controller { enabled: 1, startup_min_volume: 0, clipped_level_min: 70, enable_digital_adaptive: 1, clipped_level_step: 15, clipped_ratio_threshold: 0.1, clipped_wait_frames: 300, clipping_predictor:  { enabled: 0, mode: 0, window_length: 5, reference_window_length: 5, reference_window_delay: 5, clipping_threshold: -1, crest_factor_margin: 3, use_predicted_step: 1 }}}, gain_controller2: { enabled: 0, fixed_digital: { gain_db: 0 }, adaptive_digital: { enabled: 0, headroom_db: 5, max_gain_db: 50, initial_gain_db: 15, max_gain_change_db_per_second: 6, max_output_noise_level_dbfs: -50 }, input_volume_control : { enabled 0}}
[000:222][102403] (webrtc_voice_engine.cc:1318): Set voice send channel options. Current options: AudioOptions {audio_jitter_buffer_max_packets: 200, audio_jitter_buffer_fast_accelerate: 0, audio_jitter_buffer_min_delay_ms: 0, }
[000:222][102403] (webrtc_voice_engine.cc:2264): Setting voice channel options: AudioOptions {audio_jitter_buffer_max_packets: 200, audio_jitter_buffer_fast_accelerate: 0, audio_jitter_buffer_min_delay_ms: 0, }
[000:222][102403] (webrtc_voice_engine.cc:606): WebRtcVoiceEngine::ApplyOptions: AudioOptions {audio_jitter_buffer_max_packets: 200, audio_jitter_buffer_fast_accelerate: 0, audio_jitter_buffer_min_delay_ms: 0, }
[000:222][102403] (webrtc_voice_engine.cc:621): Always disable AEC on iOS. Use built-in instead.
[000:222][102403] (webrtc_voice_engine.cc:629): Always disable AGC on iOS. Use built-in instead.
[000:222][102403] (audio_processing_impl.cc:680): AudioProcessing::ApplyConfig: AudioProcessing::Config{ pipeline: { maximum_internal_processing_rate: 32000, multi_channel_render: 1, multi_channel_capture: 1 }, pre_amplifier: { enabled: 0, fixed_gain_factor: 1 },capture_level_adjustment: { enabled: 0, pre_gain_factor: 1, post_gain_factor: 1, analog_mic_gain_emulation: { enabled: 0, initial_level: 255 }}, high_pass_filter: { enabled: 1 }, echo_canceller: { enabled: 0, enforce_high_pass_filtering: 1 }, noise_suppression: { enabled: 0, level: High }, transient_suppression: { enabled: 0 }, gain_controller1: { enabled: 0, mode: FixedDigital, target_level_dbfs: 3, compression_gain_db: 9, enable_limiter: 1, analog_gain_controller { enabled: 1, startup_min_volume: 0, clipped_level_min: 70, enable_digital_adaptive: 1, clipped_level_step: 15, clipped_ratio_threshold: 0.1, clipped_wait_frames: 300, clipping_predictor:  { enabled: 0, mode: 0, window_length: 5, reference_window_length: 5, reference_window_delay: 5, clipping_threshold: -1, crest_factor_margin: 3, use_predicted_step: 1 }}}, gain_controller2: { enabled: 0, fixed_digital: { gain_db: 0 }, adaptive_digital: { enabled: 0, headroom_db: 5, max_gain_db: 50, initial_gain_db: 15, max_gain_change_db_per_second: 6, max_output_noise_level_dbfs: -50 }, input_volume_control : { enabled 0}}
[000:222][102403] (webrtc_voice_engine.cc:2294): Set voice receive channel options. Current options: AudioOptions {audio_jitter_buffer_max_packets: 200, audio_jitter_buffer_fast_accelerate: 0, audio_jitter_buffer_min_delay_ms: 0, }
[000:222][102659] (peer_connection.cc:2313): Creating data channel, mid=1
[000:222][102403] (pacing_controller.cc:114): PacedSender paused.
[000:222][102659] (sdp_offer_answer.cc:3285): SdpOfferAnswerHandler::UpdateSessionState with type: offer
[000:222][102659] (sdp_offer_answer.cc:3264): Session: 6845270572449701895 Old state: stable New state: have-local-offer
[000:222][102659] (sdp_offer_answer.cc:3310): SdpOfferAnswerHandler::UpdateSessionState ChangeSignalingState with source: 0
[000:222][102659] (sdp_offer_answer.cc:5242): SdpOfferAnswerHandler::PushdownMediaDescription
[000:222][102659] (sdp_offer_answer.cc:5257): SdpOfferAnswerHandler::UpdatePayloadTypeDemuxingState with rtp_transceivers:1
[000:222][102403] (webrtc_voice_engine.cc:2504): ResetUnsignaledRecvStream.
[000:222][102659] (sdp_offer_answer.cc:5295): SdpOfferAnswerHandler::UpdatePayloadTypeDemuxingState transceiver with source: 0
[000:222][102659] (sdp_offer_answer.cc:5308): SdpOfferAnswerHandler::UpdatePayloadTypeDemuxingState batcher.
[000:222][102403] (webrtc_voice_engine.cc:2200): WebRtcVoiceMediaChannel::SetReceiverParameters: {codecs: [AudioCodec[111:opus:48000:0:2], AudioCodec[63:red:48000:0:2], AudioCodec[9:G722:8000:0:1], AudioCodec[0:PCMU:8000:0:1], AudioCodec[8:PCMA:8000:0:1], AudioCodec[13:CN:8000:0:1], AudioCodec[110:telephone-event:48000:0:1], AudioCodec[126:telephone-event:8000:0:1]], extensions: [{uri: http://www.ietf.org/id/draft-holmer-rmcat-transport-wide-cc-extensions-01, id: 3}, {uri: http://www.webrtc.org/experiments/rtp-hdrext/abs-send-time, id: 2}, {uri: urn:ietf:params:rtp-hdrext:sdes:mid, id: 4}, {uri: urn:ietf:params:rtp-hdrext:ssrc-audio-level, id: 1}], rtcp: {reduced_size:1, remote_estimate:0}}
[000:222][102403] (webrtc_voice_engine.cc:1618): AddSendStream: {id:audio_UU2PK4BNW4M;ssrcs:[4137428890];ssrc_groups:;cname:sPpKb76ydfI6+Lrc;stream_ids:stream_UU2PK4BNW4M;}
[000:222][102403] (audio_coding_module.cc:221): Created
[000:223][102403] (audio_send_stream.cc:171): AudioSendStream: 4137428890
[000:223][102403] (audio_send_stream.cc:233): AudioSendStream::ConfigureStream: {rtp: {ssrc: 4137428890, csrcs: [], extmap-allow-mixed: true, extensions: [], c_name: sPpKb76ydfI6+Lrc}, rtcp_report_interval_ms: 5000, send_transport: (Transport), min_bitrate_bps: -1, max_bitrate_bps: -1, has audio_network_adaptor_config: false, has_dscp: false, send_codec_spec: <unset>}
[000:223][102403] (channel.cc:751): Add send stream ssrc: 4137428890 into {mid: 0, media_type: audio}
[000:223][102403] (channel.cc:916): Changing voice state, recv=0 send=0 for {mid: 0, media_type: audio}
[000:223][102659] (sdp_offer_answer.cc:5378): SdpOfferAnswerHandler::UpdatePayloadTypeDemuxingState sctp
[000:223][102659] (sdp_offer_answer.cc:5408): SdpOfferAnswerHandler::UpdatePayloadTypeDemuxingState done
[000:223][102403] (webrtc_voice_engine.cc:1304): Setting voice channel options: AudioOptions {aec: 1, ns: 1, }
[000:223][102403] (webrtc_voice_engine.cc:606): WebRtcVoiceEngine::ApplyOptions: AudioOptions {aec: 1, ns: 1, audio_jitter_buffer_max_packets: 200, audio_jitter_buffer_fast_accelerate: 0, audio_jitter_buffer_min_delay_ms: 0, }
[000:223][102403] (webrtc_voice_engine.cc:621): Always disable AEC on iOS. Use built-in instead.
[000:223][102403] (webrtc_voice_engine.cc:629): Always disable AGC on iOS. Use built-in instead.
[000:223][102403] (audio_processing_impl.cc:680): AudioProcessing::ApplyConfig: AudioProcessing::Config{ pipeline: { maximum_internal_processing_rate: 32000, multi_channel_render: 1, multi_channel_capture: 1 }, pre_amplifier: { enabled: 0, fixed_gain_factor: 1 },capture_level_adjustment: { enabled: 0, pre_gain_factor: 1, post_gain_factor: 1, analog_mic_gain_emulation: { enabled: 0, initial_level: 255 }}, high_pass_filter: { enabled: 1 }, echo_canceller: { enabled: 0, enforce_high_pass_filtering: 1 }, noise_suppression: { enabled: 1, level: High }, transient_suppression: { enabled: 0 }, gain_controller1: { enabled: 0, mode: FixedDigital, target_level_dbfs: 3, compression_gain_db: 9, enable_limiter: 1, analog_gain_controller { enabled: 1, startup_min_volume: 0, clipped_level_min: 70, enable_digital_adaptive: 1, clipped_level_step: 15, clipped_ratio_threshold: 0.1, clipped_wait_frames: 300, clipping_predictor:  { enabled: 0, mode: 0, window_length: 5, reference_window_length: 5, reference_window_delay: 5, clipping_threshold: -1, crest_factor_margin: 3, use_predicted_step: 1 }}}, gain_controller2: { enabled: 0, fixed_digital: { gain_db: 0 }, adaptive_digital: { enabled: 0, headroom_db: 5, max_gain_db: 50, initial_gain_db: 15, max_gain_change_db_per_second: 6, max_output_noise_level_dbfs: -50 }, input_volume_control : { enabled 0}}
[000:224][102403] (webrtc_voice_engine.cc:1318): Set voice send channel options. Current options: AudioOptions {aec: 1, ns: 1, audio_jitter_buffer_max_packets: 200, audio_jitter_buffer_fast_accelerate: 0, audio_jitter_buffer_min_delay_ms: 0, }
[000:224][102659] (sdp_offer_answer.cc:2734): SdpOfferAnswerHandler::check ModifyVideoCodecs.
[000:224][102659] (sdp_offer_answer.cc:2739): SdpOfferAnswerHandler::check candidate_pool_size.
[000:224][102659] (sdp_offer_answer.cc:2766): OnSetLocalDescriptionComplete
[000:224][115203] (p2p_transport_channel.cc:883): P2PTransportChannel::MaybeStartGathering: F9hB with: allocator_sessions:0
[000:224][115203] (p2p_transport_channel.cc:947): P2PTransportChannel::OnPortReady: UDPPort(Port[52f26680:0:1:0:host:Net[en0:2402:9d80:43b:x:x:x:x:x/64:Wifi:id=2]]) remotes: 0
[000:224][115203] (wrapping_active_ice_controller.cc:223): Not switching selected connection due to: new candidate pairs created from a new local candidate
[000:224][102659] (sdp_offer_answer.cc:2791): SdpOfferAnswerHandler::done MaybeStartGathering.
[000:265][115203] (basic_port_allocator.cc:1576): AllocationSequence[52f0f1e0]Net[en0:172.20.10.x/28:Wifi:id=1]: Allocation Phase=Relay
[000:265][115203] (port.cc:130): Port[50cbd900:0:1:0:relay:Net[en0:172.20.10.x/28:Wifi:id=1]]: Port created with network cost 10
[000:265][115203] (basic_port_allocator.cc:1068): Adding Candidate allocated port for TurnPort(Port[50cbd900:0:1:0:relay:Net[en0:172.20.10.x/28:Wifi:id=1]]-Remote[171.226.10.227:3478/udp] with name0
[000:265][115203] (basic_port_allocator.cc:1093): TurnPort(Port[50cbd900:0:1:0:relay:Net[en0:172.20.10.x/28:Wifi:id=1]]-Remote[171.226.10.227:3478/udp]: Added port to allocator
[000:265][115203] (turn_port.cc:552): TurnPort(Port[50cbd900:0:1:0:relay:Net[en0:172.20.10.x/28:Wifi:id=1]]-Remote[171.226.10.227:3478/udp]: Trying to connect to TURN server via udp @ 171.226.10.x:3478
[000:265][115203] (turn_port.cc:1666): TurnPort(Port[50cbd900:0:1:0:relay:Net[en0:172.20.10.x/28:Wifi:id=1]]-Remote[171.226.10.227:3478/udp]: TURN probe request sent, id=435263594c36794561486733
[000:265][115203] (turn_port.cc:1666): TurnPort(Port[50cbd900:0:1:0:relay:Net[en0:172.20.10.x/28:Wifi:id=1]]-Remote[171.226.10.227:3478/udp]: TURN probe request sent, id=492f4a6e706656515034562f
[000:265][115203] (turn_port.cc:1666): TurnPort(Port[50cbd900:0:1:0:relay:Net[en0:172.20.10.x/28:Wifi:id=1]]-Remote[171.226.10.227:3478/udp]: TURN probe request sent, id=68574e555336646457683243
[000:265][115203] (turn_port.cc:1666): TurnPort(Port[50cbd900:0:1:0:relay:Net[en0:172.20.10.x/28:Wifi:id=1]]-Remote[171.226.10.227:3478/udp]: TURN probe request sent, id=67706275376e49674f457232
[000:265][115203] (turn_port.cc:1666): TurnPort(Port[50cbd900:0:1:0:relay:Net[en0:172.20.10.x/28:Wifi:id=1]]-Remote[171.226.10.227:3478/udp]: TURN probe request sent, id=576a706656316e4c32517049
[000:265][115203] (port.cc:130): Port[50cbe300:0:1:0:relay:Net[en0:172.20.10.x/28:Wifi:id=1]]: Port created with network cost 10
[000:265][115203] (basic_port_allocator.cc:1068): Adding Candidate allocated port for TurnPort(Port[50cbe300:0:1:0:relay:Net[en0:172.20.10.x/28:Wifi:id=1]]-Remote[203.171.26.154:3478/udp] with name0
[000:265][115203] (basic_port_allocator.cc:1093): TurnPort(Port[50cbe300:0:1:0:relay:Net[en0:172.20.10.x/28:Wifi:id=1]]-Remote[203.171.26.154:3478/udp]: Added port to allocator
[000:265][115203] (turn_port.cc:552): TurnPort(Port[50cbe300:0:1:0:relay:Net[en0:172.20.10.x/28:Wifi:id=1]]-Remote[203.171.26.154:3478/udp]: Trying to connect to TURN server via udp @ 203.171.26.x:3478
[000:265][115203] (turn_port.cc:1666): TurnPort(Port[50cbe300:0:1:0:relay:Net[en0:172.20.10.x/28:Wifi:id=1]]-Remote[203.171.26.154:3478/udp]: TURN probe request sent, id=2f65496e6b43766345535832
[000:265][115203] (turn_port.cc:1666): TurnPort(Port[50cbe300:0:1:0:relay:Net[en0:172.20.10.x/28:Wifi:id=1]]-Remote[203.171.26.154:3478/udp]: TURN probe request sent, id=67677156794453716264704d
[000:265][115203] (turn_port.cc:1666): TurnPort(Port[50cbe300:0:1:0:relay:Net[en0:172.20.10.x/28:Wifi:id=1]]-Remote[203.171.26.154:3478/udp]: TURN probe request sent, id=4e722f506a3270726d375557
[000:265][115203] (turn_port.cc:1666): TurnPort(Port[50cbe300:0:1:0:relay:Net[en0:172.20.10.x/28:Wifi:id=1]]-Remote[203.171.26.154:3478/udp]: TURN probe request sent, id=72386654684a666734675952
[000:265][115203] (turn_port.cc:1666): TurnPort(Port[50cbe300:0:1:0:relay:Net[en0:172.20.10.x/28:Wifi:id=1]]-Remote[203.171.26.154:3478/udp]: TURN probe request sent, id=654a323338336534656b6862
[000:265][115203] (port.cc:130): Port[50cbed00:0:1:0:relay:Net[en0:172.20.10.x/28:Wifi:id=1]]: Port created with network cost 10
[000:266][115203] (basic_port_allocator.cc:1068): Adding Candidate allocated port for TurnPort(Port[50cbed00:0:1:0:relay:Net[en0:172.20.10.x/28:Wifi:id=1]]-Remote[116.103.111.245:3478/udp] with name0
[000:266][115203] (basic_port_allocator.cc:1093): TurnPort(Port[50cbed00:0:1:0:relay:Net[en0:172.20.10.x/28:Wifi:id=1]]-Remote[116.103.111.245:3478/udp]: Added port to allocator
[000:266][115203] (turn_port.cc:552): TurnPort(Port[50cbed00:0:1:0:relay:Net[en0:172.20.10.x/28:Wifi:id=1]]-Remote[116.103.111.245:3478/udp]: Trying to connect to TURN server via udp @ 116.103.111.x:3478
[000:266][115203] (turn_port.cc:1666): TurnPort(Port[50cbed00:0:1:0:relay:Net[en0:172.20.10.x/28:Wifi:id=1]]-Remote[116.103.111.245:3478/udp]: TURN probe request sent, id=7a54424830464e6b634e434a
[000:266][115203] (turn_port.cc:1666): TurnPort(Port[50cbed00:0:1:0:relay:Net[en0:172.20.10.x/28:Wifi:id=1]]-Remote[116.103.111.245:3478/udp]: TURN probe request sent, id=7339385132614d62585a2f71
[000:266][115203] (turn_port.cc:1666): TurnPort(Port[50cbed00:0:1:0:relay:Net[en0:172.20.10.x/28:Wifi:id=1]]-Remote[116.103.111.245:3478/udp]: TURN probe request sent, id=74336f304e4b555456555456
[000:266][115203] (turn_port.cc:1666): TurnPort(Port[50cbed00:0:1:0:relay:Net[en0:172.20.10.x/28:Wifi:id=1]]-Remote[116.103.111.245:3478/udp]: TURN probe request sent, id=4630753837514d454a734446
[000:266][115203] (turn_port.cc:1666): TurnPort(Port[50cbed00:0:1:0:relay:Net[en0:172.20.10.x/28:Wifi:id=1]]-Remote[116.103.111.245:3478/udp]: TURN probe request sent, id=443864614c564f5558626a62
[000:266][115203] (port.cc:130): Port[50cbf200:0:1:0:relay:Net[en0:172.20.10.x/28:Wifi:id=1]]: Port created with network cost 10
[000:266][115203] (basic_port_allocator.cc:1068): Adding Candidate allocated port for TurnPort(Port[50cbf200:0:1:0:relay:Net[en0:172.20.10.x/28:Wifi:id=1]]-Remote[14.238.152.70:3478/udp] with name0
[000:266][115203] (basic_port_allocator.cc:1093): TurnPort(Port[50cbf200:0:1:0:relay:Net[en0:172.20.10.x/28:Wifi:id=1]]-Remote[14.238.152.70:3478/udp]: Added port to allocator
[000:266][115203] (turn_port.cc:552): TurnPort(Port[50cbf200:0:1:0:relay:Net[en0:172.20.10.x/28:Wifi:id=1]]-Remote[14.238.152.70:3478/udp]: Trying to connect to TURN server via udp @ 14.238.152.x:3478
[000:266][115203] (turn_port.cc:1666): TurnPort(Port[50cbf200:0:1:0:relay:Net[en0:172.20.10.x/28:Wifi:id=1]]-Remote[14.238.152.70:3478/udp]: TURN probe request sent, id=48624456432f737a69642f6f
[000:266][115203] (turn_port.cc:1666): TurnPort(Port[50cbf200:0:1:0:relay:Net[en0:172.20.10.x/28:Wifi:id=1]]-Remote[14.238.152.70:3478/udp]: TURN probe request sent, id=786e6d41753438384445614f
[000:266][115203] (turn_port.cc:1666): TurnPort(Port[50cbf200:0:1:0:relay:Net[en0:172.20.10.x/28:Wifi:id=1]]-Remote[14.238.152.70:3478/udp]: TURN probe request sent, id=685476414c505665342b464a
[000:266][115203] (turn_port.cc:1666): TurnPort(Port[50cbf200:0:1:0:relay:Net[en0:172.20.10.x/28:Wifi:id=1]]-Remote[14.238.152.70:3478/udp]: TURN probe request sent, id=324f2b623750783574363356
[000:266][115203] (turn_port.cc:1666): TurnPort(Port[50cbf200:0:1:0:relay:Net[en0:172.20.10.x/28:Wifi:id=1]]-Remote[14.238.152.70:3478/udp]: TURN probe request sent, id=5949674555384f67384a6c33
[000:266][115203] (basic_port_allocator.cc:1576): AllocationSequence[52f0e220]Net[en0:2402:9d80:43b:x:x:x:x:x/64:Wifi:id=2]: Allocation Phase=Relay
[000:286][115203] (turn_port.cc:1728): TurnPort(Port[50cbd900:0:1:0:relay:Net[en0:172.20.10.x/28:Wifi:id=1]]-Remote[171.226.10.227:3478/udp]: TURN allocate request sent, id=376f5675303853316b393941
[000:286][115203] (turn_port.cc:1728): TurnPort(Port[50cbe300:0:1:0:relay:Net[en0:172.20.10.x/28:Wifi:id=1]]-Remote[203.171.26.154:3478/udp]: TURN allocate request sent, id=50494b41564e352b4b786f59
[000:286][115203] (turn_port.cc:1728): TurnPort(Port[50cbed00:0:1:0:relay:Net[en0:172.20.10.x/28:Wifi:id=1]]-Remote[116.103.111.245:3478/udp]: TURN allocate request sent, id=6649384d674d6b5374536634
[000:286][115203] (turn_port.cc:1728): TurnPort(Port[50cbf200:0:1:0:relay:Net[en0:172.20.10.x/28:Wifi:id=1]]-Remote[14.238.152.70:3478/udp]: TURN allocate request sent, id=67643859714d453739795961
[000:316][115203] (basic_port_allocator.cc:1576): AllocationSequence[52f0f1e0]Net[en0:172.20.10.x/28:Wifi:id=1]: Allocation Phase=Tcp
[000:316][115203] (basic_port_allocator.cc:1576): AllocationSequence[52f0e220]Net[en0:2402:9d80:43b:x:x:x:x:x/64:Wifi:id=2]: Allocation Phase=Tcp
[000:320][115203] (turn_port.cc:1687): TurnPort(Port[50cbe300:0:1:0:relay:Net[en0:172.20.10.x/28:Wifi:id=1]]-Remote[203.171.26.154:3478/udp]: Received TURN probe error response, id=72386654684a666734675952, code=401, rtt=54530 us
[000:320][115203] (turn_port.cc:1687): TurnPort(Port[50cbe300:0:1:0:relay:Net[en0:172.20.10.x/28:Wifi:id=1]]-Remote[203.171.26.154:3478/udp]: Received TURN probe error response, id=2f65496e6b43766345535832, code=401, rtt=54590 us
[000:320][115203] (turn_port.cc:1687): TurnPort(Port[50cbe300:0:1:0:relay:Net[en0:172.20.10.x/28:Wifi:id=1]]-Remote[203.171.26.154:3478/udp]: Received TURN probe error response, id=654a323338336534656b6862, code=401, rtt=54551 us
[000:320][115203] (turn_port.cc:1687): TurnPort(Port[50cbe300:0:1:0:relay:Net[en0:172.20.10.x/28:Wifi:id=1]]-Remote[203.171.26.154:3478/udp]: Received TURN probe error response, id=4e722f506a3270726d375557, code=401, rtt=54569 us
[000:320][115203] (turn_port.cc:1687): TurnPort(Port[50cbe300:0:1:0:relay:Net[en0:172.20.10.x/28:Wifi:id=1]]-Remote[203.171.26.154:3478/udp]: Received TURN probe error response, id=67677156794453716264704d, code=401, rtt=54580 us
[000:320][115203] (turn_port.cc:1687): TurnPort(Port[50cbf200:0:1:0:relay:Net[en0:172.20.10.x/28:Wifi:id=1]]-Remote[14.238.152.70:3478/udp]: Received TURN probe error response, id=48624456432f737a69642f6f, code=401, rtt=54424 us
[000:320][115203] (turn_port.cc:1687): TurnPort(Port[50cbf200:0:1:0:relay:Net[en0:172.20.10.x/28:Wifi:id=1]]-Remote[14.238.152.70:3478/udp]: Received TURN probe error response, id=786e6d41753438384445614f, code=401, rtt=54411 us
[000:320][115203] (turn_port.cc:1687): TurnPort(Port[50cbd900:0:1:0:relay:Net[en0:172.20.10.x/28:Wifi:id=1]]-Remote[171.226.10.227:3478/udp]: Received TURN probe error response, id=435263594c36794561486733, code=401, rtt=54760 us
[000:320][115203] (turn_port.cc:1687): TurnPort(Port[50cbd900:0:1:0:relay:Net[en0:172.20.10.x/28:Wifi:id=1]]-Remote[171.226.10.227:3478/udp]: Received TURN probe error response, id=492f4a6e706656515034562f, code=401, rtt=54682 us
[000:320][115203] (turn_port.cc:1687): TurnPort(Port[50cbf200:0:1:0:relay:Net[en0:172.20.10.x/28:Wifi:id=1]]-Remote[14.238.152.70:3478/udp]: Received TURN probe error response, id=685476414c505665342b464a, code=401, rtt=54415 us
[000:320][115203] (turn_port.cc:1687): TurnPort(Port[50cbf200:0:1:0:relay:Net[en0:172.20.10.x/28:Wifi:id=1]]-Remote[14.238.152.70:3478/udp]: Received TURN probe error response, id=324f2b623750783574363356, code=401, rtt=54412 us
[000:320][115203] (turn_port.cc:1687): TurnPort(Port[50cbf200:0:1:0:relay:Net[en0:172.20.10.x/28:Wifi:id=1]]-Remote[14.238.152.70:3478/udp]: Received TURN probe error response, id=5949674555384f67384a6c33, code=401, rtt=54408 us
[000:328][115203] (turn_port.cc:1687): TurnPort(Port[50cbd900:0:1:0:relay:Net[en0:172.20.10.x/28:Wifi:id=1]]-Remote[171.226.10.227:3478/udp]: Received TURN probe error response, id=68574e555336646457683243, code=401, rtt=62457 us
[000:328][115203] (turn_port.cc:1687): TurnPort(Port[50cbed00:0:1:0:relay:Net[en0:172.20.10.x/28:Wifi:id=1]]-Remote[116.103.111.245:3478/udp]: Received TURN probe error response, id=7a54424830464e6b634e434a, code=401, rtt=62314 us
[000:330][115203] (turn_port.cc:1687): TurnPort(Port[50cbd900:0:1:0:relay:Net[en0:172.20.10.x/28:Wifi:id=1]]-Remote[171.226.10.227:3478/udp]: Received TURN probe error response, id=67706275376e49674f457232, code=401, rtt=64934 us
[000:330][115203] (turn_port.cc:1687): TurnPort(Port[50cbd900:0:1:0:relay:Net[en0:172.20.10.x/28:Wifi:id=1]]-Remote[171.226.10.227:3478/udp]: Received TURN probe error response, id=576a706656316e4c32517049, code=401, rtt=64933 us
[000:330][115203] (turn_port.cc:1687): TurnPort(Port[50cbed00:0:1:0:relay:Net[en0:172.20.10.x/28:Wifi:id=1]]-Remote[116.103.111.245:3478/udp]: Received TURN probe error response, id=7339385132614d62585a2f71, code=401, rtt=64783 us
[000:330][115203] (turn_port.cc:1687): TurnPort(Port[50cbed00:0:1:0:relay:Net[en0:172.20.10.x/28:Wifi:id=1]]-Remote[116.103.111.245:3478/udp]: Received TURN probe error response, id=74336f304e4b555456555456, code=401, rtt=64797 us
[000:332][115203] (turn_port.cc:1687): TurnPort(Port[50cbed00:0:1:0:relay:Net[en0:172.20.10.x/28:Wifi:id=1]]-Remote[116.103.111.245:3478/udp]: Received TURN probe error response, id=4630753837514d454a734446, code=401, rtt=66820 us
[000:332][115203] (turn_port.cc:1687): TurnPort(Port[50cbed00:0:1:0:relay:Net[en0:172.20.10.x/28:Wifi:id=1]]-Remote[116.103.111.245:3478/udp]: Received TURN probe error response, id=443864614c564f5558626a62, code=401, rtt=66818 us
[000:336][115203] (turn_port.cc:1796): TurnPort(Port[50cbe300:0:1:0:relay:Net[en0:172.20.10.x/28:Wifi:id=1]]-Remote[203.171.26.154:3478/udp]: Received TURN allocate error response, id=50494b41564e352b4b786f59, code=401, rtt=50048 us
[000:336][115203] (turn_port.cc:1728): TurnPort(Port[50cbe300:0:1:0:relay:Net[en0:172.20.10.x/28:Wifi:id=1]]-Remote[203.171.26.154:3478/udp]: TURN allocate request sent, id=6a5734415953563634413973
[000:339][115203] (turn_port.cc:1796): TurnPort(Port[50cbf200:0:1:0:relay:Net[en0:172.20.10.x/28:Wifi:id=1]]-Remote[14.238.152.70:3478/udp]: Received TURN allocate error response, id=67643859714d453739795961, code=401, rtt=52920 us
[000:339][115203] (turn_port.cc:1728): TurnPort(Port[50cbf200:0:1:0:relay:Net[en0:172.20.10.x/28:Wifi:id=1]]-Remote[14.238.152.70:3478/udp]: TURN allocate request sent, id=5533477567744f4c42793634
[000:349][115203] (turn_port.cc:1796): TurnPort(Port[50cbed00:0:1:0:relay:Net[en0:172.20.10.x/28:Wifi:id=1]]-Remote[116.103.111.245:3478/udp]: Received TURN allocate error response, id=6649384d674d6b5374536634, code=401, rtt=63147 us
[000:349][115203] (turn_port.cc:1728): TurnPort(Port[50cbed00:0:1:0:relay:Net[en0:172.20.10.x/28:Wifi:id=1]]-Remote[116.103.111.245:3478/udp]: TURN allocate request sent, id=2f7150685366673345303841
[000:351][115203] (turn_port.cc:1796): TurnPort(Port[50cbd900:0:1:0:relay:Net[en0:172.20.10.x/28:Wifi:id=1]]-Remote[171.226.10.227:3478/udp]: Received TURN allocate error response, id=376f5675303853316b393941, code=401, rtt=65082 us
[000:351][115203] (turn_port.cc:1728): TurnPort(Port[50cbd900:0:1:0:relay:Net[en0:172.20.10.x/28:Wifi:id=1]]-Remote[171.226.10.227:3478/udp]: TURN allocate request sent, id=78776b6841656b426534682f
[000:397][115203] (turn_port.cc:1737): TurnPort(Port[50cbe300:0:1:0:relay:Net[en0:172.20.10.x/28:Wifi:id=1]]-Remote[203.171.26.154:3478/udp]: TURN allocate requested successfully, id=6a5734415953563634413973, code=0, rtt=61175 us, time_initial=131548 us, time_handshake=131494 us
[000:397][115203] (turn_port.cc:1182): TurnPort(Port[50cbe300:0:1:0:relay:Net[en0:172.20.10.x/28:Wifi:id=1]]-Remote[203.171.26.154:3478/udp]: AddAddress 203.171.26.154:34993 proble=1, max/send/recv=(55/5), time_initial_ms=132, rttArgv=55, rtt=61, score=60, server_priority=3, priority=60
[000:397][115203] (basic_port_allocator.cc:1110): TurnPort(Port[50cbe300:0:1:0:relay:Net[en0:172.20.10.x/28:Wifi:id=1]]-Remote[203.171.26.154:3478/udp]: Gathered candidate: Cand[:2841304656:1:udp:58604799:203.171.26.x:34993:relay:42.1.88.x:8463:F9hB:qAJ+Exx9C9pjvyxTL0Jc05BD:1:10:0]
[000:397][115203] (basic_port_allocator.cc:1143): TurnPort(Port[50cbe300:0:1:0:relay:Net[en0:172.20.10.x/28:Wifi:id=1]]-Remote[203.171.26.154:3478/udp]: Port ready.
[000:397][115203] (p2p_transport_channel.cc:947): P2PTransportChannel::OnPortReady: TurnPort(Port[50cbe300:0:1:0:relay:Net[en0:172.20.10.x/28:Wifi:id=1]]-Remote[203.171.26.154:3478/udp] remotes: 0
[000:397][115203] (wrapping_active_ice_controller.cc:223): Not switching selected connection due to: new candidate pairs created from a new local candidate
[000:397][115203] (basic_port_allocator.cc:1152): OnCandidateReady: TurnPort(Port[50cbe300:0:1:0:relay:Net[en0:172.20.10.x/28:Wifi:id=1]]-Remote[203.171.26.154:3478/udp]: s:1 with candidates:1
[000:397][115203] (basic_port_allocator.cc:1259): TurnPort(Port[50cbe300:0:1:0:relay:Net[en0:172.20.10.x/28:Wifi:id=1]]-Remote[203.171.26.154:3478/udp]: Port completed gathering candidates.
[000:397][115203] (turn_port.cc:1443): TurnPort(Port[50cbe300:0:1:0:relay:Net[en0:172.20.10.x/28:Wifi:id=1]]-Remote[203.171.26.154:3478/udp]: Scheduled refresh in 540000ms.
[000:399][115203] (turn_port.cc:1737): TurnPort(Port[50cbf200:0:1:0:relay:Net[en0:172.20.10.x/28:Wifi:id=1]]-Remote[14.238.152.70:3478/udp]: TURN allocate requested successfully, id=5533477567744f4c42793634, code=0, rtt=60735 us, time_initial=133824 us, time_handshake=133773 us
[000:399][115203] (turn_port.cc:1778): TurnPort(Port[50cbf200:0:1:0:relay:Net[en0:172.20.10.x/28:Wifi:id=1]]-Remote[14.238.152.70:3478/udp]: Missing STUN_ATTR_TOKEN_ID attribute in allocate unauthorized response.
[000:399][115203] (turn_port.cc:1182): TurnPort(Port[50cbf200:0:1:0:relay:Net[en0:172.20.10.x/28:Wifi:id=1]]-Remote[14.238.152.70:3478/udp]: AddAddress 14.238.152.70:38737 proble=1, max/send/recv=(55/5), time_initial_ms=134, rttArgv=54, rtt=61, score=60, server_priority=1, priority=60
[000:399][115203] (basic_port_allocator.cc:1110): TurnPort(Port[50cbf200:0:1:0:relay:Net[en0:172.20.10.x/28:Wifi:id=1]]-Remote[14.238.152.70:3478/udp]: Gathered candidate: Cand[:1639976793:1:udp:58604799:14.238.152.x:38737:relay:42.116.96.x:3181:F9hB:qAJ+Exx9C9pjvyxTL0Jc05BD:1:10:0]
[000:399][115203] (basic_port_allocator.cc:1143): TurnPort(Port[50cbf200:0:1:0:relay:Net[en0:172.20.10.x/28:Wifi:id=1]]-Remote[14.238.152.70:3478/udp]: Port ready.
[000:399][115203] (p2p_transport_channel.cc:947): P2PTransportChannel::OnPortReady: TurnPort(Port[50cbf200:0:1:0:relay:Net[en0:172.20.10.x/28:Wifi:id=1]]-Remote[14.238.152.70:3478/udp] remotes: 0
[000:399][115203] (wrapping_active_ice_controller.cc:223): Not switching selected connection due to: new candidate pairs created from a new local candidate
[000:399][115203] (basic_port_allocator.cc:1152): OnCandidateReady: TurnPort(Port[50cbf200:0:1:0:relay:Net[en0:172.20.10.x/28:Wifi:id=1]]-Remote[14.238.152.70:3478/udp]: s:1 with candidates:1
[000:399][115203] (basic_port_allocator.cc:1259): TurnPort(Port[50cbf200:0:1:0:relay:Net[en0:172.20.10.x/28:Wifi:id=1]]-Remote[14.238.152.70:3478/udp]: Port completed gathering candidates.
[000:399][115203] (turn_port.cc:1443): TurnPort(Port[50cbf200:0:1:0:relay:Net[en0:172.20.10.x/28:Wifi:id=1]]-Remote[14.238.152.70:3478/udp]: Scheduled refresh in 540000ms.
[000:418][115203] (turn_port.cc:1737): TurnPort(Port[50cbd900:0:1:0:relay:Net[en0:172.20.10.x/28:Wifi:id=1]]-Remote[171.226.10.227:3478/udp]: TURN allocate requested successfully, id=78776b6841656b426534682f, code=0, rtt=67523 us, time_initial=153027 us, time_handshake=152872 us
[000:418][115203] (turn_port.cc:1182): TurnPort(Port[50cbd900:0:1:0:relay:Net[en0:172.20.10.x/28:Wifi:id=1]]-Remote[171.226.10.227:3478/udp]: AddAddress 171.226.10.227:29931 proble=1, max/send/recv=(55/5), time_initial_ms=153, rttArgv=61, rtt=68, score=56, server_priority=4, priority=56
[000:418][115203] (basic_port_allocator.cc:1110): TurnPort(Port[50cbd900:0:1:0:relay:Net[en0:172.20.10.x/28:Wifi:id=1]]-Remote[171.226.10.227:3478/udp]: Gathered candidate: Cand[:1358553328:1:udp:58603775:171.226.10.x:29931:relay:42.1.88.x:21937:F9hB:qAJ+Exx9C9pjvyxTL0Jc05BD:1:10:0]
[000:418][115203] (basic_port_allocator.cc:1143): TurnPort(Port[50cbd900:0:1:0:relay:Net[en0:172.20.10.x/28:Wifi:id=1]]-Remote[171.226.10.227:3478/udp]: Port ready.
[000:418][115203] (p2p_transport_channel.cc:947): P2PTransportChannel::OnPortReady: TurnPort(Port[50cbd900:0:1:0:relay:Net[en0:172.20.10.x/28:Wifi:id=1]]-Remote[171.226.10.227:3478/udp] remotes: 0
[000:418][115203] (wrapping_active_ice_controller.cc:223): Not switching selected connection due to: new candidate pairs created from a new local candidate
[000:418][115203] (basic_port_allocator.cc:1152): OnCandidateReady: TurnPort(Port[50cbd900:0:1:0:relay:Net[en0:172.20.10.x/28:Wifi:id=1]]-Remote[171.226.10.227:3478/udp]: s:1 with candidates:1
[000:418][115203] (basic_port_allocator.cc:1259): TurnPort(Port[50cbd900:0:1:0:relay:Net[en0:172.20.10.x/28:Wifi:id=1]]-Remote[171.226.10.227:3478/udp]: Port completed gathering candidates.
[000:418][115203] (turn_port.cc:1443): TurnPort(Port[50cbd900:0:1:0:relay:Net[en0:172.20.10.x/28:Wifi:id=1]]-Remote[171.226.10.227:3478/udp]: Scheduled refresh in 540000ms.
[000:418][115203] (turn_port.cc:1737): TurnPort(Port[50cbed00:0:1:0:relay:Net[en0:172.20.10.x/28:Wifi:id=1]]-Remote[116.103.111.245:3478/udp]: TURN allocate requested successfully, id=2f7150685366673345303841, code=0, rtt=69421 us, time_initial=152824 us, time_handshake=152727 us
[000:418][115203] (turn_port.cc:1182): TurnPort(Port[50cbed00:0:1:0:relay:Net[en0:172.20.10.x/28:Wifi:id=1]]-Remote[116.103.111.245:3478/udp]: AddAddress 116.103.111.245:31829 proble=1, max/send/recv=(55/5), time_initial_ms=153, rttArgv=66, rtt=69, score=55, server_priority=2, priority=55
[000:418][115203] (basic_port_allocator.cc:1110): TurnPort(Port[50cbed00:0:1:0:relay:Net[en0:172.20.10.x/28:Wifi:id=1]]-Remote[116.103.111.245:3478/udp]: Gathered candidate: Cand[:3937662729:1:udp:58603519:116.103.111.x:31829:relay:42.1.88.x:1733:F9hB:qAJ+Exx9C9pjvyxTL0Jc05BD:1:10:0]
[000:418][115203] (basic_port_allocator.cc:1143): TurnPort(Port[50cbed00:0:1:0:relay:Net[en0:172.20.10.x/28:Wifi:id=1]]-Remote[116.103.111.245:3478/udp]: Port ready.
[000:418][115203] (p2p_transport_channel.cc:947): P2PTransportChannel::OnPortReady: TurnPort(Port[50cbed00:0:1:0:relay:Net[en0:172.20.10.x/28:Wifi:id=1]]-Remote[116.103.111.245:3478/udp] remotes: 0
[000:418][115203] (wrapping_active_ice_controller.cc:223): Not switching selected connection due to: new candidate pairs created from a new local candidate
[000:418][115203] (basic_port_allocator.cc:1152): OnCandidateReady: TurnPort(Port[50cbed00:0:1:0:relay:Net[en0:172.20.10.x/28:Wifi:id=1]]-Remote[116.103.111.245:3478/udp]: s:1 with candidates:1
[000:418][115203] (basic_port_allocator.cc:1259): TurnPort(Port[50cbed00:0:1:0:relay:Net[en0:172.20.10.x/28:Wifi:id=1]]-Remote[116.103.111.245:3478/udp]: Port completed gathering candidates.
[000:418][115203] (basic_port_allocator.cc:1333): All candidates gathered for 0:1:0
[000:418][115203] (p2p_transport_channel.cc:1009): P2PTransportChannel: 0, component 1 gathering complete, but using continual gathering so not changing gathering state.
[000:418][115203] (turn_port.cc:1443): TurnPort(Port[50cbed00:0:1:0:relay:Net[en0:172.20.10.x/28:Wifi:id=1]]-Remote[116.103.111.245:3478/udp]: Scheduled refresh in 540000ms.
[001:156][259] (RTCLogging.mm:34): (RTCAudioSession.mm:557 -[RTCAudioSession handleRouteChangeNotification:]): Audio route changed:
[001:156][259] (RTCLogging.mm:34): (RTCAudioSession.mm:570 -[RTCAudioSession handleRouteChangeNotification:]): Audio route changed: CategoryChange to :AVAudioSessionCategoryPlayAndRecord
[001:157][259] (RTCLogging.mm:34): (RTCAudioSession.mm:590 -[RTCAudioSession handleRouteChangeNotification:]): Previous route: <AVAudioSessionRouteDescription: 0x131469120, 
inputs = (
    "<AVAudioSessionPortDescription: 0x1314696f0, type = MicrophoneBuiltIn; name = Micr\U00f4 c\U1ee7a iPhone; UID = Built-In Microphone; selectedDataSource = D\U01b0\U1edbi c\U00f9ng>"
); 
outputs = (
    "<AVAudioSessionPortDescription: 0x13146aef0, type = Receiver; name = Thi\U1ebft b\U1ecb nh\U1eadn; UID = Built-In Receiver; selectedDataSource = (null)>"
)>
Current route:<AVAudioSessionRouteDescription: 0x13146ba90, 
inputs = (
    "<AVAudioSessionPortDescription: 0x13146bdf0, type = MicrophoneBuiltIn; name = Micr\U00f4 c\U1ee7a iPhone; UID = Built-In Microphone; selectedDataSource = D\U01b0\U1edbi c\U00f9ng>"
); 
outputs = (
    "<AVAudioSessionPortDescription: 0x131468340, type = Speaker; name = Loa ngo\U00e0i; UID = Speaker; selectedDataSource = (null)>"
)>
[006:399][259] (RTCLogging.mm:34): (RTCAudioSession.mm:631 -[RTCAudioSession handleApplicationDidBecomeActive:]): Application became active after an interruption. Treating as interruption end. isInterrupted changed from 0 to 0.
[006:886][102659] (sdp_offer_answer.cc:2960): SdpOfferAnswerHandler::DoSetRemoteDescription.
[006:886][102659] (sdp_offer_answer.cc:2200): SdpOfferAnswerHandler::ApplyRemoteDescription
[006:886][115203] (jsep_transport_controller.cc:1091): MaybeCreateJsepTransport mid=0 exits
[006:886][115203] (dtls_srtp_transport.cc:53): Setting RTP Transport on 0 transport 52f27800
[006:886][115203] (p2p_transport_channel.cc:509): Received remote ICE parameters: ufrag=YIOU, renomination enabled
[006:886][115203] (openssl_stream_adapter.cc:167): WebRTC-ForceDtls13 Disabled
[006:886][115203] (dtls_transport.cc:599): DtlsTransport[0|1|__]: DTLS setup complete, dtls_in_stun: 0
[006:886][115203] (wrapping_active_ice_controller.cc:223): Not switching selected connection due to: remote candidate generation maybe changed
[006:886][102659] (peer_connection.cc:2313): Creating data channel, mid=1
[006:886][102659] (sdp_offer_answer.cc:2217): SdpOfferAnswerHandler::UpdateChannels
[006:886][102659] (sdp_offer_answer.cc:3285): SdpOfferAnswerHandler::UpdateSessionState with type: answer
[006:886][102659] (sdp_offer_answer.cc:3264): Session: 6845270572449701895 Old state: have-local-offer New state: stable
[006:886][102659] (sdp_offer_answer.cc:3310): SdpOfferAnswerHandler::UpdateSessionState ChangeSignalingState with source: 1
[006:886][102659] (sdp_offer_answer.cc:5242): SdpOfferAnswerHandler::PushdownMediaDescription
[006:886][102403] (channel.cc:637): Channel enabled: {mid: 0, media_type: audio}
[006:886][102659] (sdp_offer_answer.cc:5257): SdpOfferAnswerHandler::UpdatePayloadTypeDemuxingState with rtp_transceivers:1
[006:886][102403] (channel.cc:916): Changing voice state, recv=1 send=0 for {mid: 0, media_type: audio}
[006:886][102403] (webrtc_voice_engine.cc:2504): ResetUnsignaledRecvStream.
[006:886][102659] (sdp_offer_answer.cc:5295): SdpOfferAnswerHandler::UpdatePayloadTypeDemuxingState transceiver with source: 1
[006:886][102659] (sdp_offer_answer.cc:5308): SdpOfferAnswerHandler::UpdatePayloadTypeDemuxingState batcher.
[006:886][102403] (channel.cc:996): Setting remote voice description for {mid: 0, media_type: audio}
[006:886][102403] (webrtc_voice_engine.cc:1327): WebRtcVoiceMediaChannel::SetSenderParameters: {codecs: [AudioCodec[111:opus:48000:0:2], AudioCodec[63:red:48000:0:2], AudioCodec[9:G722:8000:0:1], AudioCodec[0:PCMU:8000:0:1], AudioCodec[8:PCMA:8000:0:1], AudioCodec[13:CN:8000:0:1], AudioCodec[110:telephone-event:48000:0:1], AudioCodec[126:telephone-event:8000:0:1]], extensions: [{uri: http://www.ietf.org/id/draft-holmer-rmcat-transport-wide-cc-extensions-01, id: 3}, {uri: http://www.webrtc.org/experiments/rtp-hdrext/abs-send-time, id: 2}, {uri: urn:ietf:params:rtp-hdrext:sdes:mid, id: 4}, {uri: urn:ietf:params:rtp-hdrext:ssrc-audio-level, id: 1}], extmap-allow-mixed: true, max_bandwidth_bps: -1, mid: 0, options: AudioOptions {}, rtcp: {reduced_size:1, remote_estimate:0}}
[006:886][102403] (audio_send_stream.cc:233): AudioSendStream::ConfigureStream: {rtp: {ssrc: 4137428890, csrcs: [], extmap-allow-mixed: true, extensions: [], c_name: sPpKb76ydfI6+Lrc}, rtcp_report_interval_ms: 5000, send_transport: (Transport), min_bitrate_bps: 32000, max_bitrate_bps: 32000, has audio_network_adaptor_config: false, has_dscp: false, send_codec_spec: {nack_enabled: false, enable_non_sender_rtt: false, cng_payload_type: <unset>, red_payload_type: <unset>, payload_type: 111, format: {name: opus, clockrate_hz: 48000, num_channels: 2, parameters: {minptime: 10, useinbandfec: 1}}}}
[006:888][102403] (audio_send_stream.cc:233): AudioSendStream::ConfigureStream: {rtp: {ssrc: 4137428890, csrcs: [], extmap-allow-mixed: true, extensions: [{uri: http://www.ietf.org/id/draft-holmer-rmcat-transport-wide-cc-extensions-01, id: 3}, {uri: http://www.webrtc.org/experiments/rtp-hdrext/abs-send-time, id: 2}, {uri: urn:ietf:params:rtp-hdrext:sdes:mid, id: 4}, {uri: urn:ietf:params:rtp-hdrext:ssrc-audio-level, id: 1}], c_name: sPpKb76ydfI6+Lrc}, rtcp_report_interval_ms: 5000, send_transport: (Transport), min_bitrate_bps: 32000, max_bitrate_bps: 32000, has audio_network_adaptor_config: false, has_dscp: false, send_codec_spec: {nack_enabled: false, enable_non_sender_rtt: false, cng_payload_type: <unset>, red_payload_type: <unset>, payload_type: 111, format: {name: opus, clockrate_hz: 48000, num_channels: 2, parameters: {minptime: 10, useinbandfec: 1}}}}
[006:888][102403] (audio_send_stream.cc:233): AudioSendStream::ConfigureStream: {rtp: {ssrc: 4137428890, csrcs: [], extmap-allow-mixed: true, extensions: [{uri: http://www.ietf.org/id/draft-holmer-rmcat-transport-wide-cc-extensions-01, id: 3}, {uri: http://www.webrtc.org/experiments/rtp-hdrext/abs-send-time, id: 2}, {uri: urn:ietf:params:rtp-hdrext:sdes:mid, id: 4}, {uri: urn:ietf:params:rtp-hdrext:ssrc-audio-level, id: 1}], c_name: sPpKb76ydfI6+Lrc}, rtcp_report_interval_ms: 5000, send_transport: (Transport), min_bitrate_bps: 32000, max_bitrate_bps: 32000, has audio_network_adaptor_config: false, has_dscp: false, send_codec_spec: {nack_enabled: false, enable_non_sender_rtt: false, cng_payload_type: <unset>, red_payload_type: <unset>, payload_type: 111, format: {name: opus, clockrate_hz: 48000, num_channels: 2, parameters: {minptime: 10, useinbandfec: 1}}}}
[006:888][102403] (audio_send_stream.cc:233): AudioSendStream::ConfigureStream: {rtp: {ssrc: 4137428890, mid: 0, csrcs: [], extmap-allow-mixed: true, extensions: [{uri: http://www.ietf.org/id/draft-holmer-rmcat-transport-wide-cc-extensions-01, id: 3}, {uri: http://www.webrtc.org/experiments/rtp-hdrext/abs-send-time, id: 2}, {uri: urn:ietf:params:rtp-hdrext:sdes:mid, id: 4}, {uri: urn:ietf:params:rtp-hdrext:ssrc-audio-level, id: 1}], c_name: sPpKb76ydfI6+Lrc}, rtcp_report_interval_ms: 5000, send_transport: (Transport), min_bitrate_bps: 32000, max_bitrate_bps: 32000, has audio_network_adaptor_config: false, has_dscp: false, send_codec_spec: {nack_enabled: false, enable_non_sender_rtt: false, cng_payload_type: <unset>, red_payload_type: <unset>, payload_type: 111, format: {name: opus, clockrate_hz: 48000, num_channels: 2, parameters: {minptime: 10, useinbandfec: 1}}}}
[006:888][102403] (webrtc_voice_engine.cc:1794): WebRtcVoiceMediaChannel::SetMaxSendBitrate.
[006:888][102403] (audio_send_stream.cc:233): AudioSendStream::ConfigureStream: {rtp: {ssrc: 4137428890, mid: 0, csrcs: [], extmap-allow-mixed: true, extensions: [{uri: http://www.ietf.org/id/draft-holmer-rmcat-transport-wide-cc-extensions-01, id: 3}, {uri: http://www.webrtc.org/experiments/rtp-hdrext/abs-send-time, id: 2}, {uri: urn:ietf:params:rtp-hdrext:sdes:mid, id: 4}, {uri: urn:ietf:params:rtp-hdrext:ssrc-audio-level, id: 1}], c_name: sPpKb76ydfI6+Lrc}, rtcp_report_interval_ms: 5000, send_transport: (Transport), min_bitrate_bps: 32000, max_bitrate_bps: 32000, has audio_network_adaptor_config: false, has_dscp: false, send_codec_spec: {nack_enabled: false, enable_non_sender_rtt: false, cng_payload_type: <unset>, red_payload_type: <unset>, payload_type: 111, format: {name: opus, clockrate_hz: 48000, num_channels: 2, parameters: {minptime: 10, useinbandfec: 1}}}}
[006:888][102403] (webrtc_voice_engine.cc:1304): Setting voice channel options: AudioOptions {}
[006:888][102403] (webrtc_voice_engine.cc:606): WebRtcVoiceEngine::ApplyOptions: AudioOptions {aec: 1, ns: 1, audio_jitter_buffer_max_packets: 200, audio_jitter_buffer_fast_accelerate: 0, audio_jitter_buffer_min_delay_ms: 0, }
[006:888][102403] (webrtc_voice_engine.cc:621): Always disable AEC on iOS. Use built-in instead.
[006:888][102403] (webrtc_voice_engine.cc:629): Always disable AGC on iOS. Use built-in instead.
[006:888][102403] (audio_processing_impl.cc:680): AudioProcessing::ApplyConfig: AudioProcessing::Config{ pipeline: { maximum_internal_processing_rate: 32000, multi_channel_render: 1, multi_channel_capture: 1 }, pre_amplifier: { enabled: 0, fixed_gain_factor: 1 },capture_level_adjustment: { enabled: 0, pre_gain_factor: 1, post_gain_factor: 1, analog_mic_gain_emulation: { enabled: 0, initial_level: 255 }}, high_pass_filter: { enabled: 1 }, echo_canceller: { enabled: 0, enforce_high_pass_filtering: 1 }, noise_suppression: { enabled: 1, level: High }, transient_suppression: { enabled: 0 }, gain_controller1: { enabled: 0, mode: FixedDigital, target_level_dbfs: 3, compression_gain_db: 9, enable_limiter: 1, analog_gain_controller { enabled: 1, startup_min_volume: 0, clipped_level_min: 70, enable_digital_adaptive: 1, clipped_level_step: 15, clipped_ratio_threshold: 0.1, clipped_wait_frames: 300, clipping_predictor:  { enabled: 0, mode: 0, window_length: 5, reference_window_length: 5, reference_window_delay: 5, clipping_threshold: -1, crest_factor_margin: 3, use_predicted_step: 1 }}}, gain_controller2: { enabled: 0, fixed_digital: { gain_db: 0 }, adaptive_digital: { enabled: 0, headroom_db: 5, max_gain_db: 50, initial_gain_db: 15, max_gain_change_db_per_second: 6, max_output_noise_level_dbfs: -50 }, input_volume_control : { enabled 0}}
[006:888][102403] (webrtc_voice_engine.cc:1318): Set voice send channel options. Current options: AudioOptions {aec: 1, ns: 1, audio_jitter_buffer_max_packets: 200, audio_jitter_buffer_fast_accelerate: 0, audio_jitter_buffer_min_delay_ms: 0, }
[006:888][102403] (webrtc_voice_engine.cc:2200): WebRtcVoiceMediaChannel::SetReceiverParameters: {codecs: [AudioCodec[111:opus:48000:0:2], AudioCodec[63:red:48000:0:2], AudioCodec[9:G722:8000:0:1], AudioCodec[0:PCMU:8000:0:1], AudioCodec[8:PCMA:8000:0:1], AudioCodec[13:CN:8000:0:1], AudioCodec[110:telephone-event:48000:0:1], AudioCodec[126:telephone-event:8000:0:1]], extensions: [{uri: http://www.ietf.org/id/draft-holmer-rmcat-transport-wide-cc-extensions-01, id: 3}, {uri: http://www.webrtc.org/experiments/rtp-hdrext/abs-send-time, id: 2}, {uri: urn:ietf:params:rtp-hdrext:sdes:mid, id: 4}, {uri: urn:ietf:params:rtp-hdrext:ssrc-audio-level, id: 1}], rtcp: {reduced_size:1, remote_estimate:0}}
[006:888][102403] (webrtc_voice_engine.cc:2380): Changing RTCP mode on receive streams.
[006:888][102403] (webrtc_voice_engine.cc:2431): AddRecvStream: {id:audio_U45W5INNOSX;ssrcs:[1492506366];ssrc_groups:;cname:0AlXQBM9ppe27r+8;stream_ids:stream_U45W5INNOSX;}
[006:888][102403] (neteq_impl.cc:160): NetEq config: sample_rate_hz=48000, max_packets_in_buffer=200, min_delay_ms=0, enable_fast_accelerate=false, enable_muted_state=true, enable_rtx_handling=false
[006:888][102403] (audio_receive_stream.cc:123): AudioReceiveStreamImpl: 1492506366
[006:888][102403] (audio_receive_stream.cc:194): AudioReceiveStreamImpl::Start: 1492506366
[006:888][102403] (audio_device_ios.mm:196): AudioDeviceIOS::InitPlayout
[006:888][102403] (audio_device_ios.mm:980): AudioDeviceIOS::InitPlayOrRecord
[006:941][102403] (RTCLogging.mm:34): (audio_device_ios.mm:945 ConfigureAudioSessionLocked): Configuring audio session.
[006:941][102403] (RTCLogging.mm:34): (RTCAudioSession.mm:744 -[RTCAudioSession configureWebRTCSession:]): Configuring audio session for WebRTC.
[006:943][102403] (RTCLogging.mm:34): (RTCAudioSession+Configuration.mm:83 -[RTCAudioSession(Configuration) setConfiguration:active:shouldSetActive:error:]): Set preferred sample rate to: 48000.00
[006:944][102403] (RTCLogging.mm:34): (RTCAudioSession+Configuration.mm:98 -[RTCAudioSession(Configuration) setConfiguration:active:shouldSetActive:error:]): Set preferred IO buffer duration to: 0.020000
[006:944][102403] (RTCLogging.mm:34): (RTCAudioSession.mm:680 -[RTCAudioSession incrementActivationCount]): Incrementing activation count.
[006:944][102403] (RTCLogging.mm:34): (RTCAudioSession.mm:419 -[RTCAudioSession setActive:error:]): Number of current activations: 3
[006:951][102403] (RTCLogging.mm:34): (RTCAudioSession+Configuration.mm:145 -[RTCAudioSession(Configuration) setConfiguration:active:shouldSetActive:error:]): Set output number of channels to: 1
[006:952][102403] (RTCLogging.mm:34): (audio_device_ios.mm:955 ConfigureAudioSessionLocked): Configured audio session.
[006:952][102403] (audio_device_ios.mm:758): AudioDeviceIOS::SetupAudioBuffersForActiveAudioSession
[006:955][102403] (RTCLogging.mm:34): (audio_device_ios.mm:764 SetupAudioBuffersForActiveAudioSession): RTC_OBJC_TYPE(RTCAudioSession): {
  category: AVAudioSessionCategoryPlayAndRecord
  categoryOptions: 109
  mode: AVAudioSessionModeVoiceChat
  isActive: 1
  sampleRate: 48000.00
  IOBufferDuration: 0.020000
  outputNumberOfChannels: 2
  inputNumberOfChannels: 1
  outputLatency: 0.009729
  inputLatency: 0.000875
  outputVolume: 1.000000
}
[006:955][102403] (audio_device_ios.mm:799):  frames per I/O buffer: 960
[006:955][102403] (audio_device_ios.mm:801):  bytes per I/O buffer: 1920
[006:955][102403] (audio_device_ios.mm:741): AudioDeviceIOS::UpdateAudioDevicebuffer
[006:955][102403] (audio_device_buffer.cc:213): SetPlayoutSampleRate(48000)
[006:955][102403] (audio_device_buffer.cc:233): SetPlayoutChannels(1)
[006:955][102403] (audio_device_buffer.cc:207): SetRecordingSampleRate(48000)
[006:955][102403] (audio_device_buffer.cc:227): SetRecordingChannels(1)
[006:955][102403] (RTCLogging.mm:34): (voice_processing_audio_unit.mm:217 Initialize): Initializing audio unit with sample rate: 48000.000000
[007:102][259] (RTCLogging.mm:34): (RTCAudioSession.mm:557 -[RTCAudioSession handleRouteChangeNotification:]): Audio route changed:
[007:102][259] (RTCLogging.mm:34): (RTCAudioSession.mm:573 -[RTCAudioSession handleRouteChangeNotification:]): Audio route changed: Override
[007:102][259] (RTCLogging.mm:34): (RTCAudioSession.mm:590 -[RTCAudioSession handleRouteChangeNotification:]): Previous route: <AVAudioSessionRouteDescription: 0x151dc2000, 
inputs = (
    "<AVAudioSessionPortDescription: 0x151dc1f80, type = MicrophoneBuiltIn; name = Micr\U00f4 c\U1ee7a iPhone; UID = Built-In Microphone; selectedDataSource = D\U01b0\U1edbi c\U00f9ng>"
); 
outputs = (
    "<AVAudioSessionPortDescription: 0x151dc2560, type = Speaker; name = Loa ngo\U00e0i; UID = Speaker; selectedDataSource = (null)>"
)>
Current route:<AVAudioSessionRouteDescription: 0x151dc2210, 
inputs = (
    "<AVAudioSessionPortDescription: 0x151dc1d70, type = MicrophoneBuiltIn; name = Micr\U00f4 c\U1ee7a iPhone; UID = Built-In Microphone; selectedDataSource = (null)>"
); 
outputs = (
    "<AVAudioSessionPortDescription: 0x151dc3b70, type = Speaker; name = Loa ngo\U00e0i; UID = Speaker; selectedDataSource = (null)>"
)>
[007:106][102403] (RTCLogging.mm:34): (voice_processing_audio_unit.mm:277 Initialize): Voice Processing I/O unit is now initialized.
[007:131][102403] (RTCLogging.mm:34): (voice_processing_audio_unit.mm:72 GetAGCState): VPIO unit AGC: 1
[007:131][102403] (RTCLogging.mm:34): (voice_processing_audio_unit.mm:371 Initialize): WebRTC.Audio.BuiltInAGCWasEnabledByDefault: 1
[007:131][102403] (RTCLogging.mm:34): (voice_processing_audio_unit.mm:377 Initialize): WebRTC.Audio.BuiltInAGCIsEnabled: 1
[007:131][102403] (audio_device_ios.mm:236): AudioDeviceIOS::StartPlayout
[007:131][102403] (RTCLogging.mm:34): (voice_processing_audio_unit.mm:385 Start): Starting audio unit.
[007:285][102403] (RTCLogging.mm:34): (voice_processing_audio_unit.mm:392 Start): Started audio unit
[007:285][102403] (audio_device_ios.mm:258): Voice-Processing I/O audio unit is now started
[007:285][102403] (channel.cc:810): Add remote ssrc: 1492506366 to {mid: 0, media_type: audio}
[007:285][102403] (channel.cc:916): Changing voice state, recv=1 send=0 for {mid: 0, media_type: audio}
[007:285][102403] (thread.cc:557): Message to worker_thread 0x0x145071400 took 399ms to dispatch.
[007:285][102659] (sdp_offer_answer.cc:5378): SdpOfferAnswerHandler::UpdatePayloadTypeDemuxingState sctp
[007:301][169731] (RTCLogging.mm:34): (audio_device_ios.mm:494 OnGetPlayoutData): Possible playout audio glitch detected.
  Time since last OnGetPlayoutData was 55975458 ms.

[007:301][169731] (RTCLogging.mm:34): (audio_device_ios.mm:503 OnGetPlayoutData): Glitch warning is ignored. Probably caused by device switch.
[007:301][169731] (audio_device_buffer.cc:347): Size of playout buffer: 480
[007:302][115203] (thread.cc:557): Message to network_thread 0x0x145073800 took 17ms to dispatch.
[007:306][102659] (sdp_offer_answer.cc:5408): SdpOfferAnswerHandler::UpdatePayloadTypeDemuxingState done
[007:306][102659] (sdp_offer_answer.cc:2226): SdpOfferAnswerHandler::UpdateSessionState
[007:306][102659] (sdp_offer_answer.cc:2234): SdpOfferAnswerHandler::UseCandidatesInRemoteDescription
[007:306][102659] (sdp_offer_answer.cc:2271): SdpOfferAnswerHandler::old_remote_description no using
[007:306][102659] (sdp_offer_answer.cc:2278): SdpOfferAnswerHandler::operation->HaveSessionSuccess
[007:307][102659] (sdp_offer_answer.cc:2285): SdpOfferAnswerHandler::pt_suggester_.Update
[007:307][102659] (peer_connection.cc:2032): Changing IceConnectionState new => checking
[007:310][102659] (sdp_offer_answer.cc:2402): Processing the MSIDs for MID=0 (streams=[stream_U45W5INNOSX]).
[007:310][102659] (sdp_offer_answer.cc:2412): Processing the addition of a remote track for MID=0.
[007:310][102659] (rtp_transceiver.cc:884): Changing transceiver (MID=0) current direction from <not set> to kSendRecv
[007:367][102403] (RTCLogging.mm:34): (audio_device_ios.mm:602 HandleValidRouteChange): RTC_OBJC_TYPE(RTCAudioSession): {
  category: AVAudioSessionCategoryPlayAndRecord
  categoryOptions: 109
  mode: AVAudioSessionModeVoiceChat
  isActive: 1
  sampleRate: 48000.00
  IOBufferDuration: 0.020000
  outputNumberOfChannels: 2
  inputNumberOfChannels: 4
  outputLatency: 0.008542
  inputLatency: 0.000875
  outputVolume: 1.000000
}
[007:367][102403] (RTCLogging.mm:34): (audio_device_ios.mm:613 HandleSampleRateChange): Handling sample rate change.
[007:367][102403] (RTCLogging.mm:34): (audio_device_ios.mm:645 HandleSampleRateChange): Handling playout sample rate change:
  Session sample rate: 48000.000000 frames_per_buffer: 960
  ADM sample rate: 48000.000000 frames_per_buffer: 960
[007:367][102403] (RTCLogging.mm:34): (audio_device_ios.mm:652 HandleSampleRateChange): Ignoring sample rate change since audio parameters are intact.
[007:367][102403] (webrtc_voice_engine.cc:2581): SetBaseMinimumPlayoutDelayMs() to 0 for recv stream with ssrc 1492506366
[007:367][102403] (webrtc_voice_engine.cc:2532): WRVMC::SetOutputVolume({ssrc=1492506366}, {volume=1.00})
[007:367][102403] (webrtc_voice_engine.cc:2542): WRVMC::SetOutputVolume => (stream with SSRC 1492506366 now uses volume 1.00)
[007:367][102659] (RTCLogging.mm:34): (RTCDtmfSender.mm:78 -[RTCDtmfSender initWithNativeDtmfSender:]): RTC_OBJC_TYPE(RTCDtmfSender)(0x151dc1b00): created DTMF sender: RTC_OBJC_TYPE(RTCDtmfSender) {
  remainingTones: 
  duration: 0.100000 sec
  interToneGap: 0.050000 sec
}
[007:367][102659] (RTCLogging.mm:34): (RTCRtpSender.mm:141 -[RTCRtpSender initWithFactory:nativeRtpSender:]): RTC_OBJC_TYPE(RTCRtpSender)(0x152f5a2e0): created sender: RTC_OBJC_TYPE(RTCRtpSender) {
  senderId: audio_UU2PK4BNW4M
}
[007:367][102659] (RTCLogging.mm:34): (RTCRtpReceiver.mm:150 -[RTCRtpReceiver initWithFactory:nativeRtpReceiver:]): RTC_OBJC_TYPE(RTCRtpReceiver)(0x152f6a160): created receiver: RTC_OBJC_TYPE(RTCRtpReceiver) {
  receiverId: 963d173d-f130-4710-bff5-a0a68a953010
}
[007:367][102659] (RTCLogging.mm:34): (RTCRtpTransceiver.mm:257 -[RTCRtpTransceiver initWithFactory:nativeRtpTransceiver:]): RTC_OBJC_TYPE(RTCRtpTransceiver)(0x152f68930): created transceiver: RTC_OBJC_TYPE(RTCRtpTransceiver) {
  sender: RTC_OBJC_TYPE(RTCRtpSender) {
  senderId: audio_UU2PK4BNW4M
}
  receiver: RTC_OBJC_TYPE(RTCRtpReceiver) {
  receiverId: 963d173d-f130-4710-bff5-a0a68a953010
}
}
[007:367][102659] (sdp_offer_answer.cc:2334): SdpOfferAnswerHandler::check operation: answer
[007:367][102659] (sdp_offer_answer.cc:2346): SdpOfferAnswerHandler::operation->SignalCompletion before
[007:367][102659] (sdp_offer_answer.cc:2354): SdpOfferAnswerHandler::ApplyRemoteDescription done
[007:367][102659] (thread.cc:557): Message to signaling_thread 0x0x145071000 took 481ms to dispatch.
[007:367][102659] (sdp_offer_answer.cc:5580): UseCandidate: mid: 0 with candidate: Cand[:669962530:1:udp:2122260224:29.204.49.58:44190:host::0:YIOU::3:900:0]
[007:367][115203] (p2p_transport_channel.cc:1531): Channel[0|1|__: skip creating connection relay to host, port: TurnPort(Port[50cbed00:0:1:0:relay:Net[en0:172.20.10.x/28:Wifi:id=1]]-Remote[116.103.111.245:3478/udp], remote: Cand[:669962530:1:udp:2122260224:29.204.49.58:44190:host::0:YIOU:7H2tw9lKhNNOSUvVRcXuxt1u:3:900:0]
[007:367][115203] (p2p_transport_channel.cc:1531): Channel[0|1|__: skip creating connection relay to host, port: TurnPort(Port[50cbd900:0:1:0:relay:Net[en0:172.20.10.x/28:Wifi:id=1]]-Remote[171.226.10.227:3478/udp], remote: Cand[:669962530:1:udp:2122260224:29.204.49.58:44190:host::0:YIOU:7H2tw9lKhNNOSUvVRcXuxt1u:3:900:0]
[007:367][115203] (p2p_transport_channel.cc:1531): Channel[0|1|__: skip creating connection relay to host, port: TurnPort(Port[50cbf200:0:1:0:relay:Net[en0:172.20.10.x/28:Wifi:id=1]]-Remote[14.238.152.70:3478/udp], remote: Cand[:669962530:1:udp:2122260224:29.204.49.58:44190:host::0:YIOU:7H2tw9lKhNNOSUvVRcXuxt1u:3:900:0]
[007:367][115203] (p2p_transport_channel.cc:1531): Channel[0|1|__: skip creating connection relay to host, port: TurnPort(Port[50cbe300:0:1:0:relay:Net[en0:172.20.10.x/28:Wifi:id=1]]-Remote[203.171.26.154:3478/udp], remote: Cand[:669962530:1:udp:2122260224:29.204.49.58:44190:host::0:YIOU:7H2tw9lKhNNOSUvVRcXuxt1u:3:900:0]
[007:368][115203] (p2p_transport_channel.cc:1560): Channel[0|1|__: Created connection error with origin: 2, port: UDPPort(Port[52f26680:0:1:0:host:Net[en0:2402:9d80:43b:x:x:x:x:x/64:Wifi:id=2]]) remote: Cand[:669962530:1:udp:2122260224:29.204.49.58:44190:host::0:YIOU:7H2tw9lKhNNOSUvVRcXuxt1u:3:900:0]
[007:368][102659] (sdp_offer_answer.cc:5580): UseCandidate: mid: 0 with candidate: Cand[:1774879396:1:udp:58670336:103.63.112.54:34260:relay:117.3.122.253:10829:YIOU::3:900:0]
[007:368][115203] (p2p_transport_channel.cc:1495): CreateConnections: candidate: Cand[:669962530:1:udp:2122260224:29.204.49.58:44190:host::0:YIOU:7H2tw9lKhNNOSUvVRcXuxt1u:3:900:0], port_size: 5, created = 0 with no origin_port
[007:368][115203] (wrapping_active_ice_controller.cc:223): Not switching selected connection due to: new candidate pairs created from a new remote candidate
[007:368][115203] (turn_port.cc:798): TurnPort(Port[50cbed00:0:1:0:relay:Net[en0:172.20.10.x/28:Wifi:id=1]]-Remote[116.103.111.245:3478/udp]: CreateConnection with candidate: Cand[:1774879396:1:udp:58670336:103.63.112.54:34260:relay:117.3.122.253:10829:YIOU:7H2tw9lKhNNOSUvVRcXuxt1u:3:900:0], state: 2, local_candidate_size: 1
[007:368][102659] (sdp_offer_answer.cc:5580): UseCandidate: mid: 0 with candidate: Cand[:3594800202:1:udp:58669824:160.250.77.139:35278:relay:117.3.122.253:18289:YIOU::3:900:0]
[007:368][115203] (connection.cc:269): Conn[452ab000:0:Net[en0:172.20.10.x/28:Wifi:id=1]:3v0/QhEt:1:0:relay:udp:116.103.111.x:31829->PDsTqYKn:1:58670336:relay:udp:103.63.112.x:34260|C--W|-|0|0|-|251700197652855296|-][0 us][0 us]: Connection created
[007:368][115203] (turn_port.cc:2047): TurnPort(Port[50cbed00:0:1:0:relay:Net[en0:172.20.10.x/28:Wifi:id=1]]-Remote[116.103.111.245:3478/udp]: TURN create permission request sent, id=66564a627a6f6563362b4f61 with address: 103.63.112.54:34260
[007:368][115203] (p2p_transport_channel.cc:1567): Channel[0|1|__: Created connection with origin: 2, total: 1
[007:368][115203] (turn_port.cc:798): TurnPort(Port[50cbd900:0:1:0:relay:Net[en0:172.20.10.x/28:Wifi:id=1]]-Remote[171.226.10.227:3478/udp]: CreateConnection with candidate: Cand[:1774879396:1:udp:58670336:103.63.112.54:34260:relay:117.3.122.253:10829:YIOU:7H2tw9lKhNNOSUvVRcXuxt1u:3:900:0], state: 2, local_candidate_size: 1
[007:368][115203] (connection.cc:269): Conn[452aa400:0:Net[en0:172.20.10.x/28:Wifi:id=1]:IjYGeXxl:1:0:relay:udp:171.226.10.x:29931->PDsTqYKn:1:58670336:relay:udp:103.63.112.x:34260|C--W|-|0|0|-|251701297164483072|-][0 us][0 us]: Connection created
[007:368][115203] (turn_port.cc:2047): TurnPort(Port[50cbd900:0:1:0:relay:Net[en0:172.20.10.x/28:Wifi:id=1]]-Remote[171.226.10.227:3478/udp]: TURN create permission request sent, id=7559624e584e5641486f4170 with address: 103.63.112.54:34260
[007:368][115203] (p2p_transport_channel.cc:1567): Channel[0|1|__: Created connection with origin: 2, total: 2
[007:368][115203] (turn_port.cc:798): TurnPort(Port[50cbf200:0:1:0:relay:Net[en0:172.20.10.x/28:Wifi:id=1]]-Remote[14.238.152.70:3478/udp]: CreateConnection with candidate: Cand[:1774879396:1:udp:58670336:103.63.112.54:34260:relay:117.3.122.253:10829:YIOU:7H2tw9lKhNNOSUvVRcXuxt1u:3:900:0], state: 2, local_candidate_size: 1
[007:368][115203] (connection.cc:269): Conn[15893000:0:Net[en0:172.20.10.x/28:Wifi:id=1]:C5zB2fHK:1:0:relay:udp:14.238.152.x:38737->PDsTqYKn:1:58670336:relay:udp:103.63.112.x:34260|C--W|-|0|0|-|251705695210994176|-][0 us][0 us]: Connection created
[007:368][115203] (turn_port.cc:2047): TurnPort(Port[50cbf200:0:1:0:relay:Net[en0:172.20.10.x/28:Wifi:id=1]]-Remote[14.238.152.70:3478/udp]: TURN create permission request sent, id=7368797644444b5032743847 with address: 103.63.112.54:34260
[007:368][115203] (p2p_transport_channel.cc:1567): Channel[0|1|__: Created connection with origin: 2, total: 3
[007:368][115203] (turn_port.cc:798): TurnPort(Port[50cbe300:0:1:0:relay:Net[en0:172.20.10.x/28:Wifi:id=1]]-Remote[203.171.26.154:3478/udp]: CreateConnection with candidate: Cand[:1774879396:1:udp:58670336:103.63.112.54:34260:relay:117.3.122.253:10829:YIOU:7H2tw9lKhNNOSUvVRcXuxt1u:3:900:0], state: 2, local_candidate_size: 1
[007:368][115203] (connection.cc:269): Conn[3a2b8000:0:Net[en0:172.20.10.x/28:Wifi:id=1]:ywu6Nt7g:1:0:relay:udp:203.171.26.x:34993->PDsTqYKn:1:58670336:relay:udp:103.63.112.x:34260|C--W|-|0|0|-|251705695210994176|-][0 us][0 us]: Connection created
[007:368][115203] (turn_port.cc:2047): TurnPort(Port[50cbe300:0:1:0:relay:Net[en0:172.20.10.x/28:Wifi:id=1]]-Remote[203.171.26.154:3478/udp]: TURN create permission request sent, id=4c4b6f6b7978716c4b64726a with address: 103.63.112.54:34260
[007:368][115203] (p2p_transport_channel.cc:1567): Channel[0|1|__: Created connection with origin: 2, total: 4
[007:368][115203] (p2p_transport_channel.cc:1531): Channel[0|1|__: skip creating connection host to relay, port: UDPPort(Port[52f26680:0:1:0:host:Net[en0:2402:9d80:43b:x:x:x:x:x/64:Wifi:id=2]]), remote: Cand[:1774879396:1:udp:58670336:103.63.112.54:34260:relay:117.3.122.253:10829:YIOU:7H2tw9lKhNNOSUvVRcXuxt1u:3:900:0]
[007:368][115203] (p2p_transport_channel.cc:1495): CreateConnections: candidate: Cand[:1774879396:1:udp:58670336:103.63.112.54:34260:relay:117.3.122.253:10829:YIOU:7H2tw9lKhNNOSUvVRcXuxt1u:3:900:0], port_size: 5, created = 0 with no origin_port
[007:368][115203] (wrapping_active_ice_controller.cc:223): Not switching selected connection due to: new candidate pairs created from a new remote candidate
[007:368][115203] (p2p_transport_channel.cc:2027): Channel[0|1|__: Transport channel state changed from 0 to 1 with writable=0, receiving=0, iceCurrent=0, ice=1, conns=4, selected=0
[007:368][115203] (jsep_transport_controller.cc:1284): 0 Transport 1 state changed. Check if state is complete.
[007:368][115203] (p2p_transport_channel.cc:1818): Channel[0|1|__: Have a pingable connection for the first time; starting to ping.
[007:368][102659] (peer_connection.cc:2054): Changing standardized IceConnectionState new => checking
[007:368][115203] (turn_port.cc:798): TurnPort(Port[50cbed00:0:1:0:relay:Net[en0:172.20.10.x/28:Wifi:id=1]]-Remote[116.103.111.245:3478/udp]: CreateConnection with candidate: Cand[:3594800202:1:udp:58669824:160.250.77.139:35278:relay:117.3.122.253:18289:YIOU:7H2tw9lKhNNOSUvVRcXuxt1u:3:900:0], state: 2, local_candidate_size: 1
[007:368][115203] (connection.cc:269): Conn[15a7a400:0:Net[en0:172.20.10.x/28:Wifi:id=1]:3v0/QhEt:1:0:relay:udp:116.103.111.x:31829->3122ZCAz:1:58669824:relay:udp:160.250.77.x:35278|C--W|-|0|0|-|251700197652854272|-][0 us][0 us]: Connection created
[007:368][115203] (turn_port.cc:2047): TurnPort(Port[50cbed00:0:1:0:relay:Net[en0:172.20.10.x/28:Wifi:id=1]]-Remote[116.103.111.245:3478/udp]: TURN create permission request sent, id=3857524b73306749394e554d with address: 160.250.77.139:35278
[007:368][115203] (p2p_transport_channel.cc:1567): Channel[0|1|__: Created connection with origin: 2, total: 5
[007:368][115203] (turn_port.cc:798): TurnPort(Port[50cbd900:0:1:0:relay:Net[en0:172.20.10.x/28:Wifi:id=1]]-Remote[171.226.10.227:3478/udp]: CreateConnection with candidate: Cand[:3594800202:1:udp:58669824:160.250.77.139:35278:relay:117.3.122.253:18289:YIOU:7H2tw9lKhNNOSUvVRcXuxt1u:3:900:0], state: 2, local_candidate_size: 1
[007:368][115203] (connection.cc:269): Conn[15a78000:0:Net[en0:172.20.10.x/28:Wifi:id=1]:IjYGeXxl:1:0:relay:udp:171.226.10.x:29931->3122ZCAz:1:58669824:relay:udp:160.250.77.x:35278|C--W|-|0|0|-|251701297164482048|-][0 us][0 us]: Connection created
[007:368][115203] (turn_port.cc:2047): TurnPort(Port[50cbd900:0:1:0:relay:Net[en0:172.20.10.x/28:Wifi:id=1]]-Remote[171.226.10.227:3478/udp]: TURN create permission request sent, id=68726c505254637862526641 with address: 160.250.77.139:35278
[007:368][115203] (p2p_transport_channel.cc:1567): Channel[0|1|__: Created connection with origin: 2, total: 6
[007:368][115203] (turn_port.cc:798): TurnPort(Port[50cbf200:0:1:0:relay:Net[en0:172.20.10.x/28:Wifi:id=1]]-Remote[14.238.152.70:3478/udp]: CreateConnection with candidate: Cand[:3594800202:1:udp:58669824:160.250.77.139:35278:relay:117.3.122.253:18289:YIOU:7H2tw9lKhNNOSUvVRcXuxt1u:3:900:0], state: 2, local_candidate_size: 1
[007:368][115203] (connection.cc:269): Conn[520f4000:0:Net[en0:172.20.10.x/28:Wifi:id=1]:C5zB2fHK:1:0:relay:udp:14.238.152.x:38737->3122ZCAz:1:58669824:relay:udp:160.250.77.x:35278|C--W|-|0|0|-|251705695210993152|-][0 us][0 us]: Connection created
[007:368][115203] (turn_port.cc:2047): TurnPort(Port[50cbf200:0:1:0:relay:Net[en0:172.20.10.x/28:Wifi:id=1]]-Remote[14.238.152.70:3478/udp]: TURN create permission request sent, id=44483865704d624e67735731 with address: 160.250.77.139:35278
[007:368][115203] (p2p_transport_channel.cc:1567): Channel[0|1|__: Created connection with origin: 2, total: 7
[007:368][115203] (turn_port.cc:798): TurnPort(Port[50cbe300:0:1:0:relay:Net[en0:172.20.10.x/28:Wifi:id=1]]-Remote[203.171.26.154:3478/udp]: CreateConnection with candidate: Cand[:3594800202:1:udp:58669824:160.250.77.139:35278:relay:117.3.122.253:18289:YIOU:7H2tw9lKhNNOSUvVRcXuxt1u:3:900:0], state: 2, local_candidate_size: 1
[007:368][115203] (connection.cc:269): Conn[51f81800:0:Net[en0:172.20.10.x/28:Wifi:id=1]:ywu6Nt7g:1:0:relay:udp:203.171.26.x:34993->3122ZCAz:1:58669824:relay:udp:160.250.77.x:35278|C--W|-|0|0|-|251705695210993152|-][0 us][0 us]: Connection created
[007:368][115203] (turn_port.cc:2047): TurnPort(Port[50cbe300:0:1:0:relay:Net[en0:172.20.10.x/28:Wifi:id=1]]-Remote[203.171.26.154:3478/udp]: TURN create permission request sent, id=714a436c3532437939473062 with address: 160.250.77.139:35278
[007:368][115203] (p2p_transport_channel.cc:1567): Channel[0|1|__: Created connection with origin: 2, total: 8
[007:368][115203] (p2p_transport_channel.cc:1531): Channel[0|1|__: skip creating connection host to relay, port: UDPPort(Port[52f26680:0:1:0:host:Net[en0:2402:9d80:43b:x:x:x:x:x/64:Wifi:id=2]]), remote: Cand[:3594800202:1:udp:58669824:160.250.77.139:35278:relay:117.3.122.253:18289:YIOU:7H2tw9lKhNNOSUvVRcXuxt1u:3:900:0]
[007:368][115203] (p2p_transport_channel.cc:1495): CreateConnections: candidate: Cand[:3594800202:1:udp:58669824:160.250.77.139:35278:relay:117.3.122.253:18289:YIOU:7H2tw9lKhNNOSUvVRcXuxt1u:3:900:0], port_size: 5, created = 0 with no origin_port
[007:368][115203] (wrapping_active_ice_controller.cc:223): Not switching selected connection due to: new candidate pairs created from a new remote candidate
[007:369][115203] (connection.cc:1824): Conn[3a2b8000C--W|-|0|0|-|-]: Sent STUN BINDING request, id=76414e4e5a6c336945374a56, use_candidate=0, nomination=0
[007:369][115203] (connection.cc:1824): Conn[15893000C--W|-|0|0|-|-]: Sent STUN BINDING request, id=626562786c2b753132304d53, use_candidate=0, nomination=0
[007:369][115203] (connection.cc:1824): Conn[51f81800C--W|-|0|0|-|-]: Sent STUN BINDING request, id=2b686e58664b4374704a654f, use_candidate=0, nomination=0
[007:369][115203] (connection.cc:1824): Conn[520f4000C--W|-|0|0|-|-]: Sent STUN BINDING request, id=6932534e5a43344a35326566, use_candidate=0, nomination=0
[007:369][115203] (connection.cc:1824): Conn[452aa400C--W|-|0|0|-|-]: Sent STUN BINDING request, id=424a413161686e4741654c44, use_candidate=0, nomination=0
[007:369][115203] (connection.cc:1824): Conn[15a78000C--W|-|0|0|-|-]: Sent STUN BINDING request, id=6743364543536d4b76663565, use_candidate=0, nomination=0
[007:369][115203] (connection.cc:1824): Conn[452ab000C--W|-|0|0|-|-]: Sent STUN BINDING request, id=68503879692b785034597745, use_candidate=0, nomination=0
[007:369][115203] (connection.cc:1824): Conn[15a7a400C--W|-|0|0|-|-]: Sent STUN BINDING request, id=386f52646546366732716665, use_candidate=0, nomination=0
[007:418][115203] (connection.cc:1824): Conn[3a2b8000C--I|-|0|0|-|-]: Sent STUN BINDING request, id=366a634a6c4238536c466131, use_candidate=0, nomination=0
[007:428][115203] (turn_port.cc:2055): TurnPort(Port[50cbf200:0:1:0:relay:Net[en0:172.20.10.x/28:Wifi:id=1]]-Remote[14.238.152.70:3478/udp]: TURN permission requested successfully, id=7368797644444b5032743847, code=0, rtt=59682 us
[007:428][115203] (turn_port.cc:2271): TurnEntry(51c90d20:0:TurnPort(Port[50cbf200:0:1:0:relay:Net[en0:172.20.10.x/28:Wifi:id=1]]-Remote[14.238.152.70:3478/udp][Ext:103.63.112.x:34260][Conn(1)[15893000]]): Create permission for 103.63.112.x:34260 succeeded
[007:428][115203] (connection.cc:439): Conn[15893000:0:Net[en0:172.20.10.x/28:Wifi:id=1]:C5zB2fHK:1:0:relay:udp:14.238.152.x:38737->PDsTqYKn:1:58670336:relay:udp:103.63.112.x:34260|C--I|-|0|0|p|251705695210994176|-][55975526010 us][0 us]: SetTurnPermissioned
[007:428][115203] (connection.cc:1824): Conn[15893000C--I|-|0|0|p|-]: Sent STUN BINDING request, id=6d4b2f334a4f495952624853, use_candidate=0, nomination=0
[007:430][115203] (turn_port.cc:2055): TurnPort(Port[50cbf200:0:1:0:relay:Net[en0:172.20.10.x/28:Wifi:id=1]]-Remote[14.238.152.70:3478/udp]: TURN permission requested successfully, id=44483865704d624e67735731, code=0, rtt=62167 us
[007:430][115203] (turn_port.cc:2271): TurnEntry(51c93e80:0:TurnPort(Port[50cbf200:0:1:0:relay:Net[en0:172.20.10.x/28:Wifi:id=1]]-Remote[14.238.152.70:3478/udp][Ext:160.250.77.x:35278][Conn(1)[520f4000]]): Create permission for 160.250.77.x:35278 succeeded
[007:430][115203] (connection.cc:439): Conn[520f4000:0:Net[en0:172.20.10.x/28:Wifi:id=1]:C5zB2fHK:1:0:relay:udp:14.238.152.x:38737->3122ZCAz:1:58669824:relay:udp:160.250.77.x:35278|C--I|-|0|0|p|251705695210993152|-][55975526063 us][0 us]: SetTurnPermissioned
[007:430][115203] (connection.cc:1824): Conn[520f4000C--I|-|0|0|p|-]: Sent STUN BINDING request, id=664b5a4362776c6244374175, use_candidate=0, nomination=0
[007:432][115203] (turn_port.cc:2055): TurnPort(Port[50cbe300:0:1:0:relay:Net[en0:172.20.10.x/28:Wifi:id=1]]-Remote[203.171.26.154:3478/udp]: TURN permission requested successfully, id=4c4b6f6b7978716c4b64726a, code=0, rtt=63635 us
[007:432][115203] (turn_port.cc:2271): TurnEntry(51c93520:0:TurnPort(Port[50cbe300:0:1:0:relay:Net[en0:172.20.10.x/28:Wifi:id=1]]-Remote[203.171.26.154:3478/udp][Ext:103.63.112.x:34260][Conn(1)[3a2b8000]]): Create permission for 103.63.112.x:34260 succeeded
[007:432][115203] (connection.cc:439): Conn[3a2b8000:0:Net[en0:172.20.10.x/28:Wifi:id=1]:ywu6Nt7g:1:0:relay:udp:203.171.26.x:34993->PDsTqYKn:1:58670336:relay:udp:103.63.112.x:34260|C--I|-|0|0|p|251705695210994176|-][55975575242 us][0 us]: SetTurnPermissioned
[007:432][115203] (connection.cc:1824): Conn[3a2b8000C--I|-|0|0|p|-]: Sent STUN BINDING request, id=6435504c4932727257617363, use_candidate=0, nomination=0
[007:432][115203] (turn_port.cc:2055): TurnPort(Port[50cbe300:0:1:0:relay:Net[en0:172.20.10.x/28:Wifi:id=1]]-Remote[203.171.26.154:3478/udp]: TURN permission requested successfully, id=714a436c3532437939473062, code=0, rtt=63265 us
[007:432][115203] (turn_port.cc:2271): TurnEntry(51c93de0:0:TurnPort(Port[50cbe300:0:1:0:relay:Net[en0:172.20.10.x/28:Wifi:id=1]]-Remote[203.171.26.154:3478/udp][Ext:160.250.77.x:35278][Conn(1)[51f81800]]): Create permission for 160.250.77.x:35278 succeeded
[007:432][115203] (connection.cc:439): Conn[51f81800:0:Net[en0:172.20.10.x/28:Wifi:id=1]:ywu6Nt7g:1:0:relay:udp:203.171.26.x:34993->3122ZCAz:1:58669824:relay:udp:160.250.77.x:35278|C--I|-|0|0|p|251705695210993152|-][55975526040 us][0 us]: SetTurnPermissioned
[007:432][115203] (connection.cc:1824): Conn[51f81800C--I|-|0|0|p|-]: Sent STUN BINDING request, id=76784f2f35754632766e5834, use_candidate=0, nomination=0
[007:440][115203] (turn_port.cc:2055): TurnPort(Port[50cbd900:0:1:0:relay:Net[en0:172.20.10.x/28:Wifi:id=1]]-Remote[171.226.10.227:3478/udp]: TURN permission requested successfully, id=7559624e584e5641486f4170, code=0, rtt=71932 us
[007:440][115203] (turn_port.cc:2271): TurnEntry(51c93c00:0:TurnPort(Port[50cbd900:0:1:0:relay:Net[en0:172.20.10.x/28:Wifi:id=1]]-Remote[171.226.10.227:3478/udp][Ext:103.63.112.x:34260][Conn(1)[452aa400]]): Create permission for 103.63.112.x:34260 succeeded
[007:440][115203] (connection.cc:439): Conn[452aa400:0:Net[en0:172.20.10.x/28:Wifi:id=1]:IjYGeXxl:1:0:relay:udp:171.226.10.x:29931->PDsTqYKn:1:58670336:relay:udp:103.63.112.x:34260|C--I|-|0|0|p|251701297164483072|-][55975526089 us][0 us]: SetTurnPermissioned
[007:440][115203] (connection.cc:1824): Conn[452aa400C--I|-|0|0|p|-]: Sent STUN BINDING request, id=7066345a5a7355736c6e356e, use_candidate=0, nomination=0
[007:446][115203] (turn_port.cc:2055): TurnPort(Port[50cbd900:0:1:0:relay:Net[en0:172.20.10.x/28:Wifi:id=1]]-Remote[171.226.10.227:3478/udp]: TURN permission requested successfully, id=68726c505254637862526641, code=0, rtt=78257 us
[007:446][115203] (turn_port.cc:2271): TurnEntry(51c937a0:0:TurnPort(Port[50cbd900:0:1:0:relay:Net[en0:172.20.10.x/28:Wifi:id=1]]-Remote[171.226.10.227:3478/udp][Ext:160.250.77.x:35278][Conn(1)[15a78000]]): Create permission for 160.250.77.x:35278 succeeded
[007:446][115203] (connection.cc:439): Conn[15a78000:0:Net[en0:172.20.10.x/28:Wifi:id=1]:IjYGeXxl:1:0:relay:udp:171.226.10.x:29931->3122ZCAz:1:58669824:relay:udp:160.250.77.x:35278|C--I|-|0|0|p|251701297164482048|-][55975526111 us][0 us]: SetTurnPermissioned
[007:446][115203] (connection.cc:1824): Conn[15a78000C--I|-|0|0|p|-]: Sent STUN BINDING request, id=3634526f484b2b3331774551, use_candidate=0, nomination=0
[007:447][115203] (turn_port.cc:2055): TurnPort(Port[50cbed00:0:1:0:relay:Net[en0:172.20.10.x/28:Wifi:id=1]]-Remote[116.103.111.245:3478/udp]: TURN permission requested successfully, id=66564a627a6f6563362b4f61, code=0, rtt=78922 us
[007:447][115203] (turn_port.cc:2271): TurnEntry(51c92f80:0:TurnPort(Port[50cbed00:0:1:0:relay:Net[en0:172.20.10.x/28:Wifi:id=1]]-Remote[116.103.111.245:3478/udp][Ext:103.63.112.x:34260][Conn(1)[452ab000]]): Create permission for 103.63.112.x:34260 succeeded
[007:447][115203] (connection.cc:439): Conn[452ab000:0:Net[en0:172.20.10.x/28:Wifi:id=1]:3v0/QhEt:1:0:relay:udp:116.103.111.x:31829->PDsTqYKn:1:58670336:relay:udp:103.63.112.x:34260|C--I|-|0|0|p|251700197652855296|-][55975526133 us][0 us]: SetTurnPermissioned
[007:447][115203] (connection.cc:1824): Conn[452ab000C--I|-|0|0|p|-]: Sent STUN BINDING request, id=77305837307a592f49617a48, use_candidate=0, nomination=0
[007:447][115203] (turn_port.cc:2055): TurnPort(Port[50cbed00:0:1:0:relay:Net[en0:172.20.10.x/28:Wifi:id=1]]-Remote[116.103.111.245:3478/udp]: TURN permission requested successfully, id=3857524b73306749394e554d, code=0, rtt=78472 us
[007:447][115203] (turn_port.cc:2271): TurnEntry(51c90f00:0:TurnPort(Port[50cbed00:0:1:0:relay:Net[en0:172.20.10.x/28:Wifi:id=1]]-Remote[116.103.111.245:3478/udp][Ext:160.250.77.x:35278][Conn(1)[15a7a400]]): Create permission for 160.250.77.x:35278 succeeded
[007:447][115203] (connection.cc:439): Conn[15a7a400:0:Net[en0:172.20.10.x/28:Wifi:id=1]:3v0/QhEt:1:0:relay:udp:116.103.111.x:31829->3122ZCAz:1:58669824:relay:udp:160.250.77.x:35278|C--I|-|0|0|p|251700197652854272|-][55975526155 us][0 us]: SetTurnPermissioned
[007:447][115203] (connection.cc:1824): Conn[15a7a400C--I|-|0|0|p|-]: Sent STUN BINDING request, id=786c545136354d654a66526b, use_candidate=0, nomination=0
[007:453][115203] (connection.cc:634): Conn[520f4000C--I|-|0|0|p|-]: Received STUN BINDING request, id=707951562f3430764a51306f
[007:453][115203] (connection.cc:407): Conn[520f4000C--I|-|0|0|p|-]: set_receiving to 1
[007:453][115203] (connection.cc:957): Conn[520f4000CR-I|-|0|0|p|-]: Sent STUN BINDING response, to=160.250.77.x:35278, writable=0, id=707951562f3430764a51306f
[007:453][115203] (wrapping_active_ice_controller.cc:223): Not switching selected connection due to: first candidate pair selected
[007:494][115203] (connection.cc:1702): Conn[520f4000CR-I|-|0|0|p|-]: Received STUN BINDING response, id=6932534e5a43344a35326566, code=0, rtt=125845 us, pings_since_last_response=6932534e5a43344a35326566 664b5a4362776c6244374175 
[007:494][115203] (connection.cc:380): Conn[520f4000CRWI|-|0|0|p|-]: set_write_state from: 2 to 0
[007:495][115203] (connection.cc:957): Conn[520f4000CRWS|-|0|0|p|126]: Sent STUN BINDING response, to=160.250.77.x:35278, writable=1, id=46375a6643762b674148644c
[007:495][115203] (wrapping_active_ice_controller.cc:216): Switching selected connection due to: first candidate pair selected with connect:Conn[520f4000:0:Net[en0:172.20.10.x/28:Wifi:id=1]:C5zB2fHK:1:0:relay:udp:14.238.152.x:38737->3122ZCAz:1:58669824:relay:udp:160.250.77.x:35278|CRWS|-|0|0|p|251705695210993152|126][55975587942 us][55975651946 us]
[007:495][115203] (p2p_transport_channel.cc:1942): Channel[0|1|R_: New selected connection: Conn[520f4000:0:Net[en0:172.20.10.x/28:Wifi:id=1]:C5zB2fHK:1:0:relay:udp:14.238.152.x:38737->3122ZCAz:1:58669824:relay:udp:160.250.77.x:35278|CRWS|S|0|0|p|251705695210993152|126][55975587942 us][55975651946 us]
[007:495][115203] (channel.cc:392): Network route changed for {mid: 0, media_type: audio}
[007:495][115203] (dtls_transport.cc:814): DtlsTransport[0|1|__]: ice_transport writable state changed to 1 dtls_state: kNew
[007:495][115203] (dtls_transport.cc:1217): DtlsTransport[0|1|__]: configuring DTLS handshake timeout 252ms based on ICE RTT 126
[007:495][115203] (dtls_transport.cc:1067): DtlsTransport[0|1|__]: DtlsTransportInternalImpl: Start DTLS handshake active=1 role=server
[007:495][115203] (openssl_adapter.cc:811): TLS server start_accept
[007:495][115203] (openssl_adapter.cc:811): TLS server read_client_hello
[007:495][115203] (openssl_adapter.cc:811): TLS server read_client_hello
[007:495][115203] (srtp_transport.cc:255): The params in SRTP transport are reset.
[007:495][115203] (jsep_transport_controller.cc:1284): 0 Transport 1 state changed. Check if state is complete.
[007:495][102403] (rtp_transport_controller_send.cc:370): Network route changed on transport 0: new_route = [ connected: 1 local: [ 2/1 Wifi turn: 1 ] remote: [ 4/3 Cellular turn: 1 ] packet_overhead_bytes: 28 ]
[007:495][102659] (peer_connection.cc:2054): Changing standardized IceConnectionState checking => connected
[007:498][115203] (connection.cc:1702): Conn[452ab000C--I|-|0|0|p|-]: Received STUN BINDING response, id=68503879692b785034597745, code=0, rtt=129469 us, pings_since_last_response=68503879692b785034597745 77305837307a592f49617a48 
[007:498][115203] (connection.cc:407): Conn[452ab000C--I|-|0|0|p|-]: set_receiving to 1
[007:498][115203] (connection.cc:380): Conn[452ab000CRWI|-|0|0|p|-]: set_write_state from: 2 to 0
[007:498][115203] (wrapping_active_ice_controller.cc:223): Not switching selected connection due to: candidate pair state changed
[007:503][115203] (connection.cc:1702): Conn[15a78000C--I|-|0|0|p|-]: Received STUN BINDING response, id=6743364543536d4b76663565, code=0, rtt=134162 us, pings_since_last_response=6743364543536d4b76663565 3634526f484b2b3331774551 
[007:503][115203] (connection.cc:407): Conn[15a78000C--I|-|0|0|p|-]: set_receiving to 1
[007:503][115203] (connection.cc:380): Conn[15a78000CRWI|-|0|0|p|-]: set_write_state from: 2 to 0
[007:503][115203] (wrapping_active_ice_controller.cc:223): Not switching selected connection due to: candidate pair state changed
[007:509][115203] (connection.cc:1702): Conn[3a2b8000C--I|-|0|0|p|-]: Received STUN BINDING response, id=76414e4e5a6c336945374a56, code=0, rtt=140172 us, pings_since_last_response=76414e4e5a6c336945374a56 366a634a6c4238536c466131 6435504c4932727257617363 
[007:509][115203] (connection.cc:407): Conn[3a2b8000C--I|-|0|0|p|-]: set_receiving to 1
[007:509][115203] (connection.cc:380): Conn[3a2b8000CRWI|-|0|0|p|-]: set_write_state from: 2 to 0
[007:509][115203] (wrapping_active_ice_controller.cc:216): Switching selected connection due to: candidate pair state changed with connect:Conn[3a2b8000:0:Net[en0:172.20.10.x/28:Wifi:id=1]:ywu6Nt7g:1:0:relay:udp:203.171.26.x:34993->PDsTqYKn:1:58670336:relay:udp:103.63.112.x:34260|CRWS|-|0|0|p|251705695210994176|140][55975589040 us][0 us]
[007:509][115203] (p2p_transport_channel.cc:1939): Channel[0|1|RW: Previous selected connection: Conn[520f4000:0:Net[en0:172.20.10.x/28:Wifi:id=1]:C5zB2fHK:1:0:relay:udp:14.238.152.x:38737->3122ZCAz:1:58669824:relay:udp:160.250.77.x:35278|CRWS|-|0|0|p|251705695210993152|126][55975587942 us][55975651946 us]
[007:509][115203] (p2p_transport_channel.cc:1942): Channel[0|1|RW: New selected connection: Conn[3a2b8000:0:Net[en0:172.20.10.x/28:Wifi:id=1]:ywu6Nt7g:1:0:relay:udp:203.171.26.x:34993->PDsTqYKn:1:58670336:relay:udp:103.63.112.x:34260|CRWS|S|0|0|p|251705695210994176|140][55975589040 us][0 us]
[007:509][115203] (channel.cc:392): Network route changed for {mid: 0, media_type: audio}
[007:513][115203] (connection.cc:1702): Conn[15893000C--I|-|0|0|p|-]: Received STUN BINDING response, id=626562786c2b753132304d53, code=0, rtt=144244 us, pings_since_last_response=626562786c2b753132304d53 6d4b2f334a4f495952624853 
[007:513][115203] (connection.cc:407): Conn[15893000C--I|-|0|0|p|-]: set_receiving to 1
[007:513][115203] (connection.cc:380): Conn[15893000CRWI|-|0|0|p|-]: set_write_state from: 2 to 0
[007:513][115203] (wrapping_active_ice_controller.cc:223): Not switching selected connection due to: candidate pair state changed
[007:515][115203] (connection.cc:1824): Conn[15893000CRWS|-|0|0|p|144]: Sent STUN BINDING request, id=65795372416231337a56694e, use_candidate=0, nomination=0
[007:517][115203] (connection.cc:1702): Conn[51f81800C--I|-|0|0|p|-]: Received STUN BINDING response, id=2b686e58664b4374704a654f, code=0, rtt=148325 us, pings_since_last_response=2b686e58664b4374704a654f 76784f2f35754632766e5834 
[007:517][115203] (connection.cc:407): Conn[51f81800C--I|-|0|0|p|-]: set_receiving to 1
[007:517][115203] (connection.cc:380): Conn[51f81800CRWI|-|0|0|p|-]: set_write_state from: 2 to 0
[007:517][115203] (wrapping_active_ice_controller.cc:223): Not switching selected connection due to: candidate pair state changed
[007:520][115203] (connection.cc:1702): Conn[452aa400C--I|-|0|0|p|-]: Received STUN BINDING response, id=424a413161686e4741654c44, code=0, rtt=151019 us, pings_since_last_response=424a413161686e4741654c44 7066345a5a7355736c6e356e 
[007:520][115203] (connection.cc:407): Conn[452aa400C--I|-|0|0|p|-]: set_receiving to 1
[007:520][115203] (connection.cc:380): Conn[452aa400CRWI|-|0|0|p|-]: set_write_state from: 2 to 0
[007:520][115203] (connection.cc:1702): Conn[15a7a400C--I|-|0|0|p|-]: Received STUN BINDING response, id=386f52646546366732716665, code=0, rtt=150977 us, pings_since_last_response=386f52646546366732716665 786c545136354d654a66526b 
[007:520][115203] (connection.cc:407): Conn[15a7a400C--I|-|0|0|p|-]: set_receiving to 1
[007:520][115203] (connection.cc:380): Conn[15a7a400CRWI|-|0|0|p|-]: set_write_state from: 2 to 0
[007:520][115203] (wrapping_active_ice_controller.cc:223): Not switching selected connection due to: candidate pair state changed
[007:543][115203] (connection.cc:1702): Conn[520f4000CRWS|-|0|0|p|126]: Received STUN BINDING response, id=664b5a4362776c6244374175, code=0, rtt=112413 us, pings_since_last_response=
[007:548][115203] (connection.cc:957): Conn[3a2b8000CRWS|S|0|0|p|140]: Sent STUN BINDING response, to=103.63.112.x:34260, writable=1, id=416b667a5947514d7244654e
[007:564][115203] (connection.cc:1824): Conn[520f4000CRWS|-|0|0|p|122]: Sent STUN BINDING request, id=61376f556f6536434c464433, use_candidate=0, nomination=0
[007:610][115203] (connection.cc:1702): Conn[3a2b8000CRWS|S|0|0|p|140]: Received STUN BINDING response, id=366a634a6c4238536c466131, code=0, rtt=191825 us, pings_since_last_response=
[007:610][115203] (connection.cc:1702): Conn[3a2b8000CRWS|S|0|0|p|153]: Received STUN BINDING response, id=6435504c4932727257617363, code=0, rtt=178090 us, pings_since_last_response=
[007:610][115203] (openssl_adapter.cc:811): TLS server read_client_hello_after_ech
[007:610][115203] (openssl_adapter.cc:811): TLS server cert_callback
[007:610][115203] (openssl_adapter.cc:811): TLS server select_parameters
[007:610][115203] (openssl_adapter.cc:811): TLS server send_server_hello
[007:610][115203] (openssl_adapter.cc:811): TLS server send_server_certificate
[007:610][115203] (openssl_adapter.cc:811): TLS server send_server_key_exchange
[007:610][115203] (openssl_adapter.cc:811): TLS server send_server_hello_done
[007:610][115203] (openssl_adapter.cc:811): TLS server read_client_certificate
[007:610][115203] (turn_port.cc:2123): TurnPort(Port[50cbe300:0:1:0:relay:Net[en0:172.20.10.x/28:Wifi:id=1]]-Remote[203.171.26.154:3478/udp]: TURN channel bind request sent, id=7979657146612f324d587359 with address: 103.63.112.54:34260
[007:611][115203] (openssl_adapter.cc:811): TLS server read_client_certificate
[007:611][115203] (connection.cc:1702): Conn[15893000CRWI|-|0|0|p|144]: Received STUN BINDING response, id=6d4b2f334a4f495952624853, code=0, rtt=183057 us, pings_since_last_response=65795372416231337a56694e 
[007:612][115203] (connection.cc:1702): Conn[51f81800CRWS|-|0|0|p|148]: Received STUN BINDING response, id=76784f2f35754632766e5834, code=0, rtt=179988 us, pings_since_last_response=
[007:612][115203] (connection.cc:1702): Conn[15a78000CRWS|-|0|0|p|134]: Received STUN BINDING response, id=3634526f484b2b3331774551, code=0, rtt=165146 us, pings_since_last_response=
[007:612][115203] (connection.cc:1702): Conn[452aa400CRWS|-|0|0|p|151]: Received STUN BINDING response, id=7066345a5a7355736c6e356e, code=0, rtt=171901 us, pings_since_last_response=
[007:612][115203] (connection.cc:1702): Conn[452ab000CRWS|-|0|0|p|129]: Received STUN BINDING response, id=77305837307a592f49617a48, code=0, rtt=165126 us, pings_since_last_response=
[007:612][115203] (connection.cc:1702): Conn[15a7a400CRWS|-|0|0|p|151]: Received STUN BINDING response, id=786c545136354d654a66526b, code=0, rtt=165097 us, pings_since_last_response=
[007:658][115203] (connection.cc:1702): Conn[15893000CRWS|-|0|0|p|154]: Received STUN BINDING response, id=65795372416231337a56694e, code=0, rtt=142972 us, pings_since_last_response=
[007:661][115203] (connection.cc:1824): Conn[51f81800CRWS|-|0|0|p|156]: Sent STUN BINDING request, id=475254754762414941623162, use_candidate=0, nomination=0
[007:685][115203] (turn_port.cc:2131): TurnPort(Port[50cbe300:0:1:0:relay:Net[en0:172.20.10.x/28:Wifi:id=1]]-Remote[203.171.26.154:3478/udp]: TURN channel bind requested successfully, id=7979657146612f324d587359, code=0, rtt=75017 us
[007:685][115203] (turn_port.cc:2319): TurnEntry(51c93520:1:TurnPort(Port[50cbe300:0:1:0:relay:Net[en0:172.20.10.x/28:Wifi:id=1]]-Remote[203.171.26.154:3478/udp][Ext:103.63.112.x:34260][Conn(1)[3a2b8000]]): Successful channel bind for 103.63.112.x:34260
[007:685][115203] (turn_port.cc:2146): TurnPort(Port[50cbe300:0:1:0:relay:Net[en0:172.20.10.x/28:Wifi:id=1]]-Remote[203.171.26.154:3478/udp]: Scheduled channel bind in 240000ms.
[007:711][115203] (connection.cc:1824): Conn[452aa400CRWS|-|0|0|p|156]: Sent STUN BINDING request, id=57666735434d5734726d3436, use_candidate=0, nomination=0
[007:714][115203] (connection.cc:1702): Conn[520f4000CRWI|-|0|0|p|122]: Received STUN BINDING response, id=61376f556f6536434c464433, code=0, rtt=149889 us, pings_since_last_response=61376f556f6536434c464433 
[007:754][115203] (openssl_adapter.cc:811): TLS server verify_client_certificate
[007:754][115203] (openssl_adapter.cc:811): TLS server read_client_key_exchange
[007:754][115203] (openssl_adapter.cc:811): TLS server read_client_certificate_verify
[007:754][115203] (openssl_adapter.cc:811): TLS server read_change_cipher_spec
[007:754][115203] (openssl_adapter.cc:811): TLS server process_change_cipher_spec
[007:754][115203] (openssl_adapter.cc:811): TLS server read_next_proto
[007:754][115203] (openssl_adapter.cc:811): TLS server read_channel_id
[007:754][115203] (openssl_adapter.cc:811): TLS server read_client_finished
[007:754][115203] (openssl_adapter.cc:811): TLS server send_server_finished
[007:754][115203] (openssl_adapter.cc:811): TLS server finish_server_handshake
[007:755][115203] (openssl_adapter.cc:811): TLS server done
[007:755][115203] (openssl_adapter.cc:811): TLS server done
[007:755][115203] (openssl_adapter.cc:811): TLS server done
[007:755][115203] (dtls_transport.cc:993): DtlsTransport[0|1|__]: DTLS handshake complete.
[007:755][115203] (jsep_transport_controller.cc:1222):  Transport 0 writability changed to 1.
[007:755][115203] (dtls_srtp_transport.cc:253): Extracting keys from transport: 0
[007:755][102403] (call.cc:1215): UpdateAggregateNetworkState: aggregate_state change to up
[007:755][102403] (pacing_controller.cc:121): PacedSender resumed.
[007:755][102403] (rtp_transport_controller_send.cc:868): Creating Goog CC Factory.
[007:755][102659] (peer_connection.cc:2613): Changing to ICE connected state because all transports are writable.
[007:755][102659] (peer_connection.cc:2032): Changing IceConnectionState checking => connected
[007:755][102403] (alr_experiment.cc:69): Using ALR experiment settings: pacing factor: 1, max pacer queue length: 2875, ALR bandwidth usage percent: 80, ALR start budget level percent: 40, ALR end budget level percent: -60, ALR experiment group ID: 3
[007:755][102403] (trendline_estimator.cc:200): Using Trendline filter for delay change estimation with settings sort:false,cap:false,beginning_packets:7,end_packets:7,cap_uncertainty:0,window_size:40 and no network state predictor
[007:755][102403] (trendline_estimator.cc:200): Using Trendline filter for delay change estimation with settings sort:false,cap:false,beginning_packets:7,end_packets:7,cap_uncertainty:0,window_size:40 and no network state predictor
[007:755][102403] (aimd_rate_control.cc:114): Using aimd rate control with back off factor 0.9
[007:755][102403] (delay_based_bwe.cc:105): Initialized DelayBasedBwe with separate audio overuse detectionenabled:false,packet_threshold:10,time_threshold:1 s
[007:755][102403] (delay_based_bwe.cc:443): BWE Setting start bitrate to: 100 kbps
[007:755][102403] (bitrate_allocator.cc:500): Current BWE 100000
[007:755][102403] (bitrate_prober.cc:130): Probe cluster (bitrate_bps:min bytes:min packets): (200 kbps:375:5, Inactive)
[007:755][102403] (bitrate_prober.cc:130): Probe cluster (bitrate_bps:min bytes:min packets): (400 kbps:750:5, Inactive)
[007:755][102403] (pacing_controller.cc:327): Elapsed time (7546549 us) longer than expected, limiting to 2 s
[007:767][115203] (srtp_transport.cc:200): SRTP activated with negotiated parameters: send crypto_suite 1 recv crypto_suite 1
[007:767][115203] (channel.cc:667): Channel writable ({mid: 0, media_type: audio}) for the first time
[007:771][102403] (webrtc_voice_engine.cc:606): WebRtcVoiceEngine::ApplyOptions: AudioOptions {aec: 1, ns: 1, audio_jitter_buffer_max_packets: 200, audio_jitter_buffer_fast_accelerate: 0, audio_jitter_buffer_min_delay_ms: 0, }
[007:771][102403] (webrtc_voice_engine.cc:621): Always disable AEC on iOS. Use built-in instead.
[007:771][102403] (webrtc_voice_engine.cc:629): Always disable AGC on iOS. Use built-in instead.
[007:771][102403] (audio_processing_impl.cc:680): AudioProcessing::ApplyConfig: AudioProcessing::Config{ pipeline: { maximum_internal_processing_rate: 32000, multi_channel_render: 1, multi_channel_capture: 1 }, pre_amplifier: { enabled: 0, fixed_gain_factor: 1 },capture_level_adjustment: { enabled: 0, pre_gain_factor: 1, post_gain_factor: 1, analog_mic_gain_emulation: { enabled: 0, initial_level: 255 }}, high_pass_filter: { enabled: 1 }, echo_canceller: { enabled: 0, enforce_high_pass_filtering: 1 }, noise_suppression: { enabled: 1, level: High }, transient_suppression: { enabled: 0 }, gain_controller1: { enabled: 0, mode: FixedDigital, target_level_dbfs: 3, compression_gain_db: 9, enable_limiter: 1, analog_gain_controller { enabled: 1, startup_min_volume: 0, clipped_level_min: 70, enable_digital_adaptive: 1, clipped_level_step: 15, clipped_ratio_threshold: 0.1, clipped_wait_frames: 300, clipping_predictor:  { enabled: 0, mode: 0, window_length: 5, reference_window_length: 5, reference_window_delay: 5, clipping_threshold: -1, crest_factor_margin: 3, use_predicted_step: 1 }}}, gain_controller2: { enabled: 0, fixed_digital: { gain_db: 0 }, adaptive_digital: { enabled: 0, headroom_db: 5, max_gain_db: 50, initial_gain_db: 15, max_gain_change_db_per_second: 6, max_output_noise_level_dbfs: -50 }, input_volume_control : { enabled 0}}
[007:775][102403] (audio_send_stream.cc:365): AudioSendStream::Start: 4137428890
[007:775][102403] (bitrate_allocator.cc:727): UpdateAllocationLimits : total_requested_min_bitrate: 60800 bps, total_requested_padding_bitrate: 0 bps, total_requested_max_bitrate: 60800 bps
[007:775][102403] (audio_device_ios.mm:301): AudioDeviceIOS::StartRecording
[007:775][102403] (channel.cc:916): Changing voice state, recv=1 send=1 for {mid: 0, media_type: audio}
[007:777][115203] (connection.cc:1824): Conn[15a78000CRWS|-|0|0|p|142]: Sent STUN BINDING request, id=6c6e7767494641554c785634, use_candidate=0, nomination=0
[007:781][169731] (audio_device_buffer.cc:272): Size of recording buffer: 480
[007:792][102403] (rtp_sender_audio.cc:270): First audio RTP packet sent to pacer
[007:816][115203] (connection.cc:1702): Conn[51f81800CRWI|-|0|0|p|156]: Received STUN BINDING response, id=475254754762414941623162, code=0, rtt=155200 us, pings_since_last_response=475254754762414941623162 
[007:826][115203] (connection.cc:1824): Conn[452ab000CRWS|-|0|0|p|138]: Sent STUN BINDING request, id=51505a54494b484238434765, use_candidate=0, nomination=0
[007:851][115203] (connection.cc:1702): Conn[452aa400CRWI|-|0|0|p|156]: Received STUN BINDING response, id=57666735434d5734726d3436, code=0, rtt=140427 us, pings_since_last_response=57666735434d5734726d3436 
[007:875][115203] (connection.cc:1824): Conn[15a7a400CRWS|-|0|0|p|155]: Sent STUN BINDING request, id=34713577396e48344f796933, use_candidate=0, nomination=0
[007:921][115203] (connection.cc:1702): Conn[15a78000CRWI|-|0|0|p|142]: Received STUN BINDING response, id=6c6e7767494641554c785634, code=0, rtt=153798 us, pings_since_last_response=6c6e7767494641554c785634 
[007:964][115203] (connection.cc:1702): Conn[452ab000CRWI|-|0|0|p|138]: Received STUN BINDING response, id=51505a54494b484238434765, code=0, rtt=139001 us, pings_since_last_response=51505a54494b484238434765 
[008:051][115203] (data_channel_controller.cc:483): AllocateSctpSids: Id assigned, ready to send.
[008:055][115203] (connection.cc:1702): Conn[15a7a400CRWI|-|0|0|p|155]: Received STUN BINDING response, id=34713577396e48344f796933, code=0, rtt=179739 us, pings_since_last_response=34713577396e48344f796933 
[008:097][115203] (connection.cc:957): Conn[15893000CRWS|-|0|0|p|151]: Sent STUN BINDING response, to=103.63.112.x:34260, writable=1, id=4e64556b644d582b77636b33
[008:219][115203] (sctp_data_channel.cc:714): DataChannel received OPEN_ACK message, sid = 1
[008:219][102403] (probe_bitrate_estimator.cc:191): Probing successful [cluster id: 1] [send: 332 bytes / 22 ms = 120727 bps ] [receive: 318 bytes / 19 ms = 133894 bps]
[008:219][102403] (probe_bitrate_estimator.cc:191): Probing successful [cluster id: 1] [send: 438 bytes / 22 ms = 159272 bps ] [receive: 424 bytes / 19 ms = 178526 bps]
[008:219][102403] (probe_bitrate_estimator.cc:191): Probing successful [cluster id: 2] [send: 630 bytes / 10 ms = 504 kbps ] [receive: 648 bytes / 7 ms = 740571 bps]
[008:219][102403] (probe_bitrate_estimator.cc:191): Probing successful [cluster id: 2] [send: 754 bytes / 12 ms = 502666 bps ] [receive: 770 bytes / 7 ms = 880 kbps]
[008:220][102403] (probe_bitrate_estimator.cc:191): Probing successful [cluster id: 2] [send: 860 bytes / 12 ms = 573333 bps ] [receive: 876 bytes / 7 ms = 1001142 bps]
[008:220][102403] (trendline_estimator.cc:200): Using Trendline filter for delay change estimation with settings sort:false,cap:false,beginning_packets:7,end_packets:7,cap_uncertainty:0,window_size:40 and no network state predictor
[008:220][102403] (trendline_estimator.cc:200): Using Trendline filter for delay change estimation with settings sort:false,cap:false,beginning_packets:7,end_packets:7,cap_uncertainty:0,window_size:40 and no network state predictor
[008:220][102403] (probe_controller.cc:356): Measured bitrate: 573333 bps Minimum to probe further: 280 kbps upper limit: +inf bps
[008:220][102403] (bitrate_prober.cc:130): Probe cluster (bitrate_bps:min bytes:min packets): (121600 bps:228:5, Inactive)
[008:406][102403] (probe_bitrate_estimator.cc:115): Probing unsuccessful, invalid send/receive interval [cluster id: 3] [send interval: 16 ms] [receive interval: 0 us]
[008:406][102403] (probe_bitrate_estimator.cc:115): Probing unsuccessful, invalid send/receive interval [cluster id: 3] [send interval: 21 ms] [receive interval: 0 us]
[008:424][115203] (connection.cc:1824): Conn[3a2b8000CRWS|S|0|2|p|159]: Sent STUN BINDING request, id=497458736f44637933342f69, use_candidate=0, nomination=2
[008:565][115203] (connection.cc:1702): Conn[3a2b8000CRWI|S|0|2|p|159]: Received STUN BINDING response, id=497458736f44637933342f69, code=0, rtt=141602 us, pings_since_last_response=497458736f44637933342f69 
[008:606][115203] (connection.cc:957): Conn[3a2b8000CRWS|S|0|2|p|155]: Sent STUN BINDING response, to=103.63.112.x:34260, writable=1, id=68706d386d7277794947454f
[008:648][259] (RTCLogging.mm:34): (RTCAudioSession.mm:631 -[RTCAudioSession handleApplicationDidBecomeActive:]): Application became active after an interruption. Treating as interruption end. isInterrupted changed from 0 to 0.
[008:649][259] (audio_device_ios.mm:376): AudioDeviceIOS::OnInterruptionEnd
[008:650][102403] (RTCLogging.mm:34): (audio_device_ios.mm:578 HandleInterruptionEnd): Interruption ended. IsInterrupted changed from 0 to 0. Updating audio unit state.
[008:650][102403] (RTCLogging.mm:34): (audio_device_ios.mm:837 UpdateAudioUnit): Updating audio unit state. CanPlayOrRecord=1 IsInterrupted=0
[008:650][102403] (RTCLogging.mm:34): (audio_device_ios.mm:874 UpdateAudioUnit): VPAU state: Started
[008:847][102403] (bitrate_allocator.cc:727): UpdateAllocationLimits : total_requested_min_bitrate: 54400 bps, total_requested_padding_bitrate: 0 bps, total_requested_max_bitrate: 54400 bps
[008:928][115203] (connection.cc:1824): Conn[15893000CRWS|-|0|0|p|151]: Sent STUN BINDING request, id=523945767330387652784839, use_candidate=0, nomination=0
[009:082][115203] (connection.cc:1702): Conn[15893000CRWI|-|0|0|p|151]: Received STUN BINDING response, id=523945767330387652784839, code=0, rtt=153952 us, pings_since_last_response=523945767330387652784839 
[009:124][115203] (connection.cc:957): Conn[51f81800CRWS|-|0|0|p|156]: Sent STUN BINDING response, to=160.250.77.x:35278, writable=1, id=664e486c3949426a43393130
[009:429][115203] (connection.cc:1824): Conn[3a2b8000CRWS|S|0|2|p|155]: Sent STUN BINDING request, id=576a427749756a716f746f4c, use_candidate=0, nomination=2
[009:573][115203] (connection.cc:1702): Conn[3a2b8000CRWI|S|0|2|p|155]: Received STUN BINDING response, id=576a427749756a716f746f4c, code=0, rtt=144042 us, pings_since_last_response=576a427749756a716f746f4c 
[009:614][115203] (connection.cc:957): Conn[3a2b8000CRWS|S|0|2|p|152]: Sent STUN BINDING response, to=103.63.112.x:34260, writable=1, id=785a4b687a7a474a6c444b75
[009:933][115203] (connection.cc:1824): Conn[520f4000CRWS|-|0|0|p|129]: Sent STUN BINDING request, id=582b71362b636c4159595941, use_candidate=0, nomination=0
[010:074][115203] (connection.cc:1702): Conn[520f4000CRWI|-|0|0|p|129]: Received STUN BINDING response, id=582b71362b636c4159595941, code=0, rtt=140988 us, pings_since_last_response=582b71362b636c4159595941 
[010:132][115203] (connection.cc:957): Conn[452aa400CRWS|-|0|0|p|152]: Sent STUN BINDING response, to=103.63.112.x:34260, writable=1, id=2f537238646c3436482f6374
[010:435][115203] (connection.cc:1824): Conn[51f81800CRWS|-|0|0|p|156]: Sent STUN BINDING request, id=37484e4c51744e6532374475, use_candidate=0, nomination=0
[010:590][115203] (connection.cc:1702): Conn[51f81800CRWI|-|0|0|p|156]: Received STUN BINDING response, id=37484e4c51744e6532374475, code=0, rtt=154862 us, pings_since_last_response=37484e4c51744e6532374475 
[010:608][115203] (connection.cc:957): Conn[3a2b8000CRWS|S|0|2|p|152]: Sent STUN BINDING response, to=103.63.112.x:34260, writable=1, id=2b5941767957554536357748
[010:935][115203] (connection.cc:1824): Conn[452aa400CRWS|-|0|0|p|152]: Sent STUN BINDING request, id=672f495a6a4177616f44634f, use_candidate=0, nomination=0
[011:080][115203] (connection.cc:1702): Conn[452aa400CRWI|-|0|0|p|152]: Received STUN BINDING response, id=672f495a6a4177616f44634f, code=0, rtt=144921 us, pings_since_last_response=672f495a6a4177616f44634f 
[011:120][115203] (connection.cc:957): Conn[15a78000CRWS|-|0|0|p|145]: Sent STUN BINDING response, to=160.250.77.x:35278, writable=1, id=46386545556374506d576d71
[011:436][115203] (connection.cc:1824): Conn[15a78000CRWS|-|0|0|p|145]: Sent STUN BINDING request, id=416366444444475051513761, use_candidate=0, nomination=0
[011:544][115203] (connection.cc:1702): Conn[15a78000CRWI|-|0|0|p|145]: Received STUN BINDING response, id=416366444444475051513761, code=0, rtt=107894 us, pings_since_last_response=416366444444475051513761 
[011:607][115203] (connection.cc:957): Conn[3a2b8000CRWS|S|0|2|p|152]: Sent STUN BINDING response, to=103.63.112.x:34260, writable=1, id=3078446161766e6c5962674e
[011:936][115203] (connection.cc:1824): Conn[3a2b8000CRWS|S|0|2|p|152]: Sent STUN BINDING request, id=4934674237716a4f6c384a64, use_candidate=0, nomination=2
[012:074][115203] (connection.cc:1702): Conn[3a2b8000CRWI|S|0|2|p|152]: Received STUN BINDING response, id=4934674237716a4f6c384a64, code=0, rtt=137698 us, pings_since_last_response=4934674237716a4f6c384a64 
[012:119][115203] (connection.cc:957): Conn[452ab000CRWS|-|0|0|p|139]: Sent STUN BINDING response, to=103.63.112.x:34260, writable=1, id=6770585847686c76696c4a57
[012:437][115203] (connection.cc:1824): Conn[452ab000CRWS|-|0|0|p|139]: Sent STUN BINDING request, id=79574c2f4965334c50517537, use_candidate=0, nomination=0
[012:573][115203] (connection.cc:1702): Conn[452ab000CRWI|-|0|0|p|139]: Received STUN BINDING response, id=79574c2f4965334c50517537, code=0, rtt=136453 us, pings_since_last_response=79574c2f4965334c50517537 
[012:615][115203] (connection.cc:957): Conn[15a7a400CRWS|-|0|0|p|161]: Sent STUN BINDING response, to=160.250.77.x:35278, writable=1, id=58756877433338554e757a53
[012:938][115203] (connection.cc:1824): Conn[15a7a400CRWS|-|0|0|p|161]: Sent STUN BINDING request, id=7279484b4c712f3838724c39, use_candidate=0, nomination=0
[013:079][115203] (connection.cc:1702): Conn[15a7a400CRWI|-|0|0|p|161]: Received STUN BINDING response, id=7279484b4c712f3838724c39, code=0, rtt=141063 us, pings_since_last_response=7279484b4c712f3838724c39 
[013:116][115203] (connection.cc:957): Conn[520f4000CRWS|-|0|0|p|132]: Sent STUN BINDING response, to=160.250.77.x:35278, writable=1, id=2f303259464c437065754876
[013:434][102403] (bitrate_prober.cc:130): Probe cluster (bitrate_bps:min bytes:min packets): (108800 bps:204:5, Inactive)
[013:438][115203] (connection.cc:1824): Conn[15893000CRWS|-|0|0|p|152]: Sent STUN BINDING request, id=3765394478534f6373436734, use_candidate=0, nomination=0
[013:576][115203] (connection.cc:1702): Conn[15893000CRWI|-|0|0|p|152]: Received STUN BINDING response, id=3765394478534f6373436734, code=0, rtt=137454 us, pings_since_last_response=3765394478534f6373436734 
[013:613][115203] (connection.cc:957): Conn[15893000CRWS|-|0|0|p|148]: Sent STUN BINDING response, to=103.63.112.x:34260, writable=1, id=4b48657531312f6f38426c31
[013:676][102403] (probe_bitrate_estimator.cc:191): Probing successful [cluster id: 4] [send: 361 bytes / 20 ms = 144400 bps ] [receive: 401 bytes / 38 ms = 84421 bps]
[013:676][102403] (probe_bitrate_estimator.cc:191): Probing successful [cluster id: 4] [send: 503 bytes / 29 ms = 138758 bps ] [receive: 503 bytes / 39 ms = 103179 bps]
[013:676][102403] (bitrate_allocator.cc:500): Current BWE 98020
[013:902][169731] (remote_ntp_time_estimator.cc:94): RTP timestamp: 3062792766 in NTP clock: 3999052197074 estimated time in receiver NTP clock: 3999052197758
[013:940][115203] (connection.cc:1824): Conn[520f4000CRWS|-|0|0|p|132]: Sent STUN BINDING request, id=355a396861616e726b324d78, use_candidate=0, nomination=0
[014:046][115203] (connection.cc:1702): Conn[520f4000CRWI|-|0|0|p|132]: Received STUN BINDING response, id=355a396861616e726b324d78, code=0, rtt=106798 us, pings_since_last_response=355a396861616e726b324d78 
[014:114][115203] (connection.cc:957): Conn[3a2b8000CRWS|S|0|2|p|149]: Sent STUN BINDING response, to=103.63.112.x:34260, writable=1, id=6f796e6677424e3778734a61
[014:443][115203] (connection.cc:1824): Conn[3a2b8000CRWS|S|0|2|p|149]: Sent STUN BINDING request, id=6d72486f5135546a5753586f, use_candidate=0, nomination=2
[014:573][115203] (connection.cc:1702): Conn[3a2b8000CRWI|S|0|2|p|149]: Received STUN BINDING response, id=6d72486f5135546a5753586f, code=0, rtt=130899 us, pings_since_last_response=6d72486f5135546a5753586f 
[014:634][115203] (connection.cc:957): Conn[51f81800CRWS|-|0|0|p|156]: Sent STUN BINDING response, to=160.250.77.x:35278, writable=1, id=556761517758634261654b32
[014:944][115203] (connection.cc:1824): Conn[51f81800CRWS|-|0|0|p|156]: Sent STUN BINDING request, id=387846692f63324250496674, use_candidate=0, nomination=0
[015:085][115203] (connection.cc:1702): Conn[51f81800CRWI|-|0|0|p|156]: Received STUN BINDING response, id=387846692f63324250496674, code=0, rtt=142022 us, pings_since_last_response=387846692f63324250496674 
[015:122][115203] (connection.cc:957): Conn[452aa400CRWS|-|0|0|p|150]: Sent STUN BINDING response, to=103.63.112.x:34260, writable=1, id=7769376a544c6379302b5832
[015:445][115203] (connection.cc:1824): Conn[452aa400CRWS|-|0|0|p|150]: Sent STUN BINDING request, id=4e75746a4d434a6a4e2f354d, use_candidate=0, nomination=0
[015:600][115203] (connection.cc:1702): Conn[452aa400CRWI|-|0|0|p|150]: Received STUN BINDING response, id=4e75746a4d434a6a4e2f354d, code=0, rtt=154853 us, pings_since_last_response=4e75746a4d434a6a4e2f354d 
[015:620][115203] (connection.cc:957): Conn[15a78000CRWS|-|0|0|p|136]: Sent STUN BINDING response, to=160.250.77.x:35278, writable=1, id=465562455a5969522b6b6e32
[015:946][115203] (connection.cc:1824): Conn[15a78000CRWS|-|0|0|p|136]: Sent STUN BINDING request, id=7463706d614c675859327230, use_candidate=0, nomination=0
[016:099][115203] (connection.cc:1702): Conn[15a78000CRWI|-|0|0|p|136]: Received STUN BINDING response, id=7463706d614c675859327230, code=0, rtt=152851 us, pings_since_last_response=7463706d614c675859327230 
[016:110][115203] (connection.cc:957): Conn[452ab000CRWS|-|0|0|p|138]: Sent STUN BINDING response, to=103.63.112.x:34260, writable=1, id=4b4753363475736669754231
[016:449][115203] (connection.cc:1824): Conn[452ab000CRWS|-|0|0|p|138]: Sent STUN BINDING request, id=657a5879496c4d5853546146, use_candidate=0, nomination=0
[016:574][115203] (connection.cc:1702): Conn[452ab000CRWI|-|0|0|p|138]: Received STUN BINDING response, id=657a5879496c4d5853546146, code=0, rtt=124708 us, pings_since_last_response=657a5879496c4d5853546146 
[016:624][115203] (connection.cc:957): Conn[3a2b8000CRWS|S|0|2|p|144]: Sent STUN BINDING response, to=103.63.112.x:34260, writable=1, id=57444868614e33703238792b
[016:950][115203] (connection.cc:1824): Conn[3a2b8000CRWS|S|0|2|p|144]: Sent STUN BINDING request, id=58776e644954495864526834, use_candidate=0, nomination=2
[017:090][115203] (connection.cc:1702): Conn[3a2b8000CRWI|S|0|2|p|144]: Received STUN BINDING response, id=58776e644954495864526834, code=0, rtt=139303 us, pings_since_last_response=58776e644954495864526834 
[017:130][115203] (connection.cc:957): Conn[15a7a400CRWS|-|0|0|p|156]: Sent STUN BINDING response, to=160.250.77.x:35278, writable=1, id=55564b56504f6e6441397344
[017:452][115203] (connection.cc:1824): Conn[15a7a400CRWS|-|0|0|p|156]: Sent STUN BINDING request, id=32586d7a554f6e304a384b41, use_candidate=0, nomination=0
[017:627][115203] (connection.cc:957): Conn[520f4000CRWS|-|0|0|p|126]: Sent STUN BINDING response, to=160.250.77.x:35278, writable=1, id=6c596570304b624d484f6b48
[017:638][115203] (connection.cc:1702): Conn[15a7a400CRWI|-|0|0|p|156]: Received STUN BINDING response, id=32586d7a554f6e304a384b41, code=0, rtt=186305 us, pings_since_last_response=32586d7a554f6e304a384b41 
[017:952][115203] (connection.cc:1824): Conn[15893000CRWS|-|0|0|p|148]: Sent STUN BINDING request, id=5333506c5a54695a45482b39, use_candidate=0, nomination=0
[018:124][115203] (connection.cc:1702): Conn[15893000CRWI|-|0|0|p|148]: Received STUN BINDING response, id=5333506c5a54695a45482b39, code=0, rtt=172311 us, pings_since_last_response=5333506c5a54695a45482b39 
[018:130][115203] (connection.cc:957): Conn[15893000CRWS|-|0|0|p|154]: Sent STUN BINDING response, to=103.63.112.x:34260, writable=1, id=636e555051416870786d2f4f
[018:454][115203] (connection.cc:1824): Conn[520f4000CRWS|-|0|0|p|126]: Sent STUN BINDING request, id=5a4459304777456135474677, use_candidate=0, nomination=0
[018:457][102403] (bitrate_prober.cc:130): Probe cluster (bitrate_bps:min bytes:min packets): (108800 bps:204:5, Inactive)
[018:591][115203] (connection.cc:1702): Conn[520f4000CRWI|-|0|0|p|126]: Received STUN BINDING response, id=5a4459304777456135474677, code=0, rtt=137094 us, pings_since_last_response=5a4459304777456135474677 
[018:604][102403] (probe_bitrate_estimator.cc:115): Probing unsuccessful, invalid send/receive interval [cluster id: 5] [send interval: 19 ms] [receive interval: 0 us]
[018:604][102403] (probe_bitrate_estimator.cc:115): Probing unsuccessful, invalid send/receive interval [cluster id: 5] [send interval: 23 ms] [receive interval: 0 us]
[018:674][115203] (connection.cc:957): Conn[51f81800CRWS|-|0|0|p|152]: Sent STUN BINDING response, to=160.250.77.x:35278, writable=1, id=39506b316b626756392b4336
[018:956][115203] (connection.cc:1824): Conn[51f81800CRWS|-|0|0|p|152]: Sent STUN BINDING request, id=6357504f427558727a6f6848, use_candidate=0, nomination=0
[019:112][115203] (connection.cc:1702): Conn[51f81800CRWI|-|0|0|p|152]: Received STUN BINDING response, id=6357504f427558727a6f6848, code=0, rtt=156356 us, pings_since_last_response=6357504f427558727a6f6848 
[019:130][115203] (connection.cc:957): Conn[3a2b8000CRWS|S|0|2|p|143]: Sent STUN BINDING response, to=103.63.112.x:34260, writable=1, id=2b7177782f484c6432767874
[019:457][115203] (connection.cc:1824): Conn[3a2b8000CRWS|S|0|2|p|143]: Sent STUN BINDING request, id=6a5a587961492b744559482f, use_candidate=0, nomination=2
[019:588][115203] (connection.cc:1702): Conn[3a2b8000CRWI|S|0|2|p|143]: Received STUN BINDING response, id=6a5a587961492b744559482f, code=0, rtt=130443 us, pings_since_last_response=6a5a587961492b744559482f 
[019:628][115203] (connection.cc:957): Conn[452aa400CRWS|-|0|0|p|152]: Sent STUN BINDING response, to=103.63.112.x:34260, writable=1, id=6e644f432f58324d65684a31
[019:958][115203] (connection.cc:1824): Conn[452aa400CRWS|-|0|0|p|152]: Sent STUN BINDING request, id=41326962556e7a494b6f5157, use_candidate=0, nomination=0
[020:109][115203] (connection.cc:1702): Conn[452aa400CRWI|-|0|0|p|152]: Received STUN BINDING response, id=41326962556e7a494b6f5157, code=0, rtt=151232 us, pings_since_last_response=41326962556e7a494b6f5157 
[020:120][115203] (connection.cc:957): Conn[15a78000CRWS|-|0|0|p|140]: Sent STUN BINDING response, to=160.250.77.x:35278, writable=1, id=4e4a44584a4975614a485072
[020:459][115203] (connection.cc:1824): Conn[15a78000CRWS|-|0|0|p|140]: Sent STUN BINDING request, id=672b4446465a4c5656426241, use_candidate=0, nomination=0
[020:600][115203] (connection.cc:1702): Conn[15a78000CRWI|-|0|0|p|140]: Received STUN BINDING response, id=672b4446465a4c5656426241, code=0, rtt=141243 us, pings_since_last_response=672b4446465a4c5656426241 
[020:623][115203] (connection.cc:957): Conn[452ab000CRWS|-|0|0|p|135]: Sent STUN BINDING response, to=103.63.112.x:34260, writable=1, id=67325954474c67315a684156
[020:961][115203] (connection.cc:1824): Conn[452ab000CRWS|-|0|0|p|135]: Sent STUN BINDING request, id=45576a6c5a54464a5a345233, use_candidate=0, nomination=0
[021:108][115203] (connection.cc:1702): Conn[452ab000CRWI|-|0|0|p|135]: Received STUN BINDING response, id=45576a6c5a54464a5a345233, code=0, rtt=147729 us, pings_since_last_response=45576a6c5a54464a5a345233 
[021:130][115203] (connection.cc:957): Conn[15a7a400CRWS|-|0|0|p|163]: Sent STUN BINDING response, to=160.250.77.x:35278, writable=1, id=42485a74304b374553376532
[021:463][115203] (connection.cc:1824): Conn[15a7a400CRWS|-|0|0|p|163]: Sent STUN BINDING request, id=7979523661775679494d374f, use_candidate=0, nomination=0
[021:628][115203] (connection.cc:1702): Conn[15a7a400CRWI|-|0|0|p|163]: Received STUN BINDING response, id=7979523661775679494d374f, code=0, rtt=165254 us, pings_since_last_response=7979523661775679494d374f 
[021:638][115203] (connection.cc:957): Conn[3a2b8000CRWS|S|0|2|p|140]: Sent STUN BINDING response, to=103.63.112.x:34260, writable=1, id=4e36594734636530782f7869
[021:964][115203] (connection.cc:1824): Conn[3a2b8000CRWS|S|0|2|p|140]: Sent STUN BINDING request, id=2f5453516f456f4c314c4862, use_candidate=0, nomination=2
[022:114][115203] (connection.cc:1702): Conn[3a2b8000CRWI|S|0|2|p|140]: Received STUN BINDING response, id=2f5453516f456f4c314c4862, code=0, rtt=150955 us, pings_since_last_response=2f5453516f456f4c314c4862 
[022:126][115203] (connection.cc:957): Conn[520f4000CRWS|-|0|0|p|129]: Sent STUN BINDING response, to=160.250.77.x:35278, writable=1, id=47574646584f756976775330
[022:466][115203] (connection.cc:1824): Conn[15893000CRWS|-|0|0|p|154]: Sent STUN BINDING request, id=4c4b66754d34644b3576566f, use_candidate=0, nomination=0
[022:610][115203] (connection.cc:1702): Conn[15893000CRWI|-|0|0|p|154]: Received STUN BINDING response, id=4c4b66754d34644b3576566f, code=0, rtt=144544 us, pings_since_last_response=4c4b66754d34644b3576566f 
[022:633][115203] (connection.cc:957): Conn[15893000CRWS|-|0|0|p|152]: Sent STUN BINDING response, to=103.63.112.x:34260, writable=1, id=6e584773455452704837412f
[022:968][115203] (connection.cc:1824): Conn[520f4000CRWS|-|0|0|p|129]: Sent STUN BINDING request, id=34354276356b31624f50514a, use_candidate=0, nomination=0
[023:089][115203] (connection.cc:1702): Conn[520f4000CRWI|-|0|0|p|129]: Received STUN BINDING response, id=34354276356b31624f50514a, code=0, rtt=121048 us, pings_since_last_response=34354276356b31624f50514a 
[023:174][115203] (connection.cc:957): Conn[51f81800CRWS|-|0|0|p|153]: Sent STUN BINDING response, to=160.250.77.x:35278, writable=1, id=364e6d6a576266496a694857
[023:458][102403] (bitrate_prober.cc:130): Probe cluster (bitrate_bps:min bytes:min packets): (108800 bps:204:5, Inactive)
[023:469][115203] (connection.cc:1824): Conn[51f81800CRWS|-|0|0|p|153]: Sent STUN BINDING request, id=7970554a3256334d72395932, use_candidate=0, nomination=0
[023:616][115203] (connection.cc:1702): Conn[51f81800CRWI|-|0|0|p|153]: Received STUN BINDING response, id=7970554a3256334d72395932, code=0, rtt=147366 us, pings_since_last_response=7970554a3256334d72395932 
[023:651][102403] (probe_bitrate_estimator.cc:191): Probing successful [cluster id: 6] [send: 336 bytes / 19 ms = 141473 bps ] [receive: 336 bytes / 22 ms = 122181 bps]
[023:651][102403] (probe_bitrate_estimator.cc:191): Probing successful [cluster id: 6] [send: 438 bytes / 23 ms = 152347 bps ] [receive: 472 bytes / 22 ms = 171636 bps]
[023:651][102403] (bitrate_allocator.cc:500): Current BWE 152347
[023:652][115203] (connection.cc:957): Conn[452aa400CRWS|-|0|0|p|151]: Sent STUN BINDING response, to=103.63.112.x:34260, writable=1, id=394e4b47617376442b4c5852
[023:922][169731] (remote_ntp_time_estimator.cc:94): RTP timestamp: 3063285391 in NTP clock: 3999052207393 estimated time in receiver NTP clock: 3999052208026
[023:971][115203] (connection.cc:1824): Conn[452aa400CRWS|-|0|0|p|151]: Sent STUN BINDING request, id=567270597261757439703349, use_candidate=0, nomination=0
[024:120][115203] (connection.cc:1702): Conn[452aa400CRWI|-|0|0|p|151]: Received STUN BINDING response, id=567270597261757439703349, code=0, rtt=149039 us, pings_since_last_response=567270597261757439703349 
[024:132][115203] (connection.cc:957): Conn[3a2b8000CRWS|S|0|2|p|143]: Sent STUN BINDING response, to=103.63.112.x:34260, writable=1, id=2f495562326a657033547a30
[024:473][115203] (connection.cc:1824): Conn[3a2b8000CRWS|S|0|2|p|143]: Sent STUN BINDING request, id=3277756655426178736f7679, use_candidate=0, nomination=2
[024:598][115203] (connection.cc:1702): Conn[3a2b8000CRWI|S|0|2|p|143]: Received STUN BINDING response, id=3277756655426178736f7679, code=0, rtt=125002 us, pings_since_last_response=3277756655426178736f7679 
[024:632][115203] (connection.cc:957): Conn[15a78000CRWS|-|0|0|p|140]: Sent STUN BINDING response, to=160.250.77.x:35278, writable=1, id=5477666879627669326c3838
[024:974][115203] (connection.cc:1824): Conn[15a78000CRWS|-|0|0|p|140]: Sent STUN BINDING request, id=384a582b66372b61372b5068, use_candidate=0, nomination=0
[025:120][115203] (connection.cc:1702): Conn[15a78000CRWI|-|0|0|p|140]: Received STUN BINDING response, id=384a582b66372b61372b5068, code=0, rtt=146145 us, pings_since_last_response=384a582b66372b61372b5068 
[025:126][115203] (connection.cc:957): Conn[452ab000CRWS|-|0|0|p|138]: Sent STUN BINDING response, to=103.63.112.x:34260, writable=1, id=3969596b4c386b692f596437
[025:475][115203] (connection.cc:1824): Conn[452ab000CRWS|-|0|0|p|138]: Sent STUN BINDING request, id=366a6a7a59747038577a6942, use_candidate=0, nomination=0
[025:615][115203] (connection.cc:1702): Conn[452ab000CRWI|-|0|0|p|138]: Received STUN BINDING response, id=366a6a7a59747038577a6942, code=0, rtt=139852 us, pings_since_last_response=366a6a7a59747038577a6942 
[025:648][115203] (connection.cc:957): Conn[15a7a400CRWS|-|0|0|p|164]: Sent STUN BINDING response, to=160.250.77.x:35278, writable=1, id=70482f776743424446773242
[025:976][115203] (connection.cc:1824): Conn[15a7a400CRWS|-|0|0|p|164]: Sent STUN BINDING request, id=396e624d43354f792f4e4139, use_candidate=0, nomination=0
[026:112][115203] (connection.cc:1702): Conn[15a7a400CRWI|-|0|0|p|164]: Received STUN BINDING response, id=396e624d43354f792f4e4139, code=0, rtt=135524 us, pings_since_last_response=396e624d43354f792f4e4139 
[026:138][115203] (connection.cc:957): Conn[520f4000CRWS|-|0|0|p|127]: Sent STUN BINDING response, to=160.250.77.x:35278, writable=1, id=64386a4e7a7975554c637174
[026:477][115203] (connection.cc:1824): Conn[15893000CRWS|-|0|0|p|152]: Sent STUN BINDING request, id=58737466626845725262354c, use_candidate=0, nomination=0
[026:629][115203] (connection.cc:1702): Conn[15893000CRWI|-|0|0|p|152]: Received STUN BINDING response, id=58737466626845725262354c, code=0, rtt=152169 us, pings_since_last_response=58737466626845725262354c 
[026:674][115203] (connection.cc:957): Conn[3a2b8000CRWS|S|0|2|p|138]: Sent STUN BINDING response, to=103.63.112.x:34260, writable=1, id=65392b58617a36445762654c
[026:979][115203] (connection.cc:1824): Conn[3a2b8000CRWS|S|0|2|p|138]: Sent STUN BINDING request, id=313975346b5267754f785262, use_candidate=0, nomination=2
[027:114][115203] (connection.cc:1702): Conn[3a2b8000CRWI|S|0|2|p|138]: Received STUN BINDING response, id=313975346b5267754f785262, code=0, rtt=135810 us, pings_since_last_response=313975346b5267754f785262 
[027:150][115203] (connection.cc:957): Conn[15893000CRWS|-|0|0|p|152]: Sent STUN BINDING response, to=103.63.112.x:34260, writable=1, id=6b6f6c6a614334395a786a6e
[027:481][115203] (connection.cc:1824): Conn[520f4000CRWS|-|0|0|p|127]: Sent STUN BINDING request, id=6d455141722f7a77502b6f59, use_candidate=0, nomination=0
[027:599][115203] (connection.cc:1702): Conn[520f4000CRWI|-|0|0|p|127]: Received STUN BINDING response, id=6d455141722f7a77502b6f59, code=0, rtt=118423 us, pings_since_last_response=6d455141722f7a77502b6f59 
[027:674][115203] (connection.cc:957): Conn[51f81800CRWS|-|0|0|p|152]: Sent STUN BINDING response, to=160.250.77.x:35278, writable=1, id=75594c68334573576c574d34
[027:773][83555] (audio_device_buffer.cc:471): [REC : 10185msec, 48kHz] callbacks: 1018, samples: 488640, rate: 47976, rate diff: 0%, level: 30215
[027:773][83555] (audio_device_buffer.cc:497): [PLAY: 10185msec, 48kHz] callbacks: 1018, samples: 488640, rate: 47976, rate diff: 0%, level: 16235
[027:982][115203] (connection.cc:1824): Conn[51f81800CRWS|-|0|0|p|152]: Sent STUN BINDING request, id=55566a6144467950357a496d, use_candidate=0, nomination=0
[028:126][115203] (connection.cc:1702): Conn[51f81800CRWI|-|0|0|p|152]: Received STUN BINDING response, id=55566a6144467950357a496d, code=0, rtt=144410 us, pings_since_last_response=55566a6144467950357a496d 
[028:174][115203] (connection.cc:957): Conn[452aa400CRWS|-|0|0|p|151]: Sent STUN BINDING response, to=103.63.112.x:34260, writable=1, id=6269666e376b516236496131
[028:459][102403] (bitrate_prober.cc:130): Probe cluster (bitrate_bps:min bytes:min packets): (108800 bps:204:5, Inactive)
[028:483][115203] (connection.cc:1824): Conn[452aa400CRWS|-|0|0|p|151]: Sent STUN BINDING request, id=6f756b54474150356e62554c, use_candidate=0, nomination=0
[028:642][102403] (probe_bitrate_estimator.cc:191): Probing successful [cluster id: 7] [send: 350 bytes / 20 ms = 140 kbps ] [receive: 350 bytes / 19 ms = 147368 bps]
[028:642][102403] (probe_bitrate_estimator.cc:191): Probing successful [cluster id: 7] [send: 452 bytes / 26 ms = 139076 bps ] [receive: 493 bytes / 26 ms = 151692 bps]
[028:649][115203] (connection.cc:1702): Conn[452aa400CRWI|-|0|0|p|151]: Received STUN BINDING response, id=6f756b54474150356e62554c, code=0, rtt=166023 us, pings_since_last_response=6f756b54474150356e62554c 
[028:650][115203] (connection.cc:957): Conn[15a78000CRWS|-|0|0|p|142]: Sent STUN BINDING response, to=160.250.77.x:35278, writable=1, id=683270544749366f34587148
[028:984][115203] (connection.cc:1824): Conn[15a78000CRWS|-|0|0|p|142]: Sent STUN BINDING request, id=6b30622f7979715364452b31, use_candidate=0, nomination=0
[029:108][115203] (connection.cc:1702): Conn[15a78000CRWI|-|0|0|p|142]: Received STUN BINDING response, id=6b30622f7979715364452b31, code=0, rtt=124431 us, pings_since_last_response=6b30622f7979715364452b31 
[029:176][115203] (connection.cc:957): Conn[3a2b8000CRWS|S|0|2|p|138]: Sent STUN BINDING response, to=103.63.112.x:34260, writable=1, id=6d453741784542374e434f42
[029:485][115203] (connection.cc:1824): Conn[3a2b8000CRWS|S|0|2|p|138]: Sent STUN BINDING request, id=6776514f706145756c433279, use_candidate=0, nomination=2
[029:619][115203] (connection.cc:1702): Conn[3a2b8000CRWI|S|0|2|p|138]: Received STUN BINDING response, id=6776514f706145756c433279, code=0, rtt=134575 us, pings_since_last_response=6776514f706145756c433279 
[029:646][115203] (connection.cc:957): Conn[452ab000CRWS|-|0|0|p|138]: Sent STUN BINDING response, to=103.63.112.x:34260, writable=1, id=564a564a5a72646d67616d4d
[029:986][115203] (connection.cc:1824): Conn[452ab000CRWS|-|0|0|p|138]: Sent STUN BINDING request, id=756a434b346a624433446e4f, use_candidate=0, nomination=0
[030:102][115203] (connection.cc:1702): Conn[452ab000CRWI|-|0|0|p|138]: Received STUN BINDING response, id=756a434b346a624433446e4f, code=0, rtt=115748 us, pings_since_last_response=756a434b346a624433446e4f 
[030:174][115203] (connection.cc:957): Conn[15a7a400CRWS|-|0|0|p|157]: Sent STUN BINDING response, to=160.250.77.x:35278, writable=1, id=4d48574c3837467779576567
[030:202][102403] (bitrate_allocator.cc:500): Current BWE 139076
[030:491][115203] (connection.cc:1824): Conn[15a7a400CRWS|-|0|0|p|157]: Sent STUN BINDING request, id=796d347838584f4d594b4330, use_candidate=0, nomination=0
[030:648][115203] (connection.cc:957): Conn[520f4000CRWS|-|0|0|p|125]: Sent STUN BINDING response, to=160.250.77.x:35278, writable=1, id=7a6d412f6f7639335363785a
[030:648][115203] (connection.cc:1702): Conn[15a7a400CRWI|-|0|0|p|157]: Received STUN BINDING response, id=796d347838584f4d594b4330, code=0, rtt=157502 us, pings_since_last_response=796d347838584f4d594b4330 
[030:993][115203] (connection.cc:1824): Conn[15893000CRWS|-|0|0|p|152]: Sent STUN BINDING request, id=2b4731443267325179306956, use_candidate=0, nomination=0
[031:144][115203] (connection.cc:1702): Conn[15893000CRWI|-|0|0|p|152]: Received STUN BINDING response, id=2b4731443267325179306956, code=0, rtt=150812 us, pings_since_last_response=2b4731443267325179306956 
[031:174][115203] (connection.cc:957): Conn[15893000CRWS|-|0|0|p|152]: Sent STUN BINDING response, to=103.63.112.x:34260, writable=1, id=62494d666543554457387a6c
[031:494][115203] (connection.cc:1824): Conn[520f4000CRWS|-|0|0|p|125]: Sent STUN BINDING request, id=536a4a50356531345573396a, use_candidate=0, nomination=0
[031:607][115203] (connection.cc:1702): Conn[520f4000CRWI|-|0|0|p|125]: Received STUN BINDING response, id=536a4a50356531345573396a, code=0, rtt=113234 us, pings_since_last_response=536a4a50356531345573396a 
[031:674][115203] (connection.cc:957): Conn[3a2b8000CRWS|S|0|2|p|137]: Sent STUN BINDING response, to=103.63.112.x:34260, writable=1, id=725074786755426779384e4d
[031:995][115203] (connection.cc:1824): Conn[3a2b8000CRWS|S|0|2|p|137]: Sent STUN BINDING request, id=79332b624e35484d665a5546, use_candidate=0, nomination=2
[032:116][115203] (connection.cc:1702): Conn[3a2b8000CRWI|S|0|2|p|137]: Received STUN BINDING response, id=79332b624e35484d665a5546, code=0, rtt=121294 us, pings_since_last_response=79332b624e35484d665a5546 
[032:178][115203] (connection.cc:957): Conn[51f81800CRWS|-|0|0|p|150]: Sent STUN BINDING response, to=160.250.77.x:35278, writable=1, id=726e43515a474943794f4830
[032:496][115203] (connection.cc:1824): Conn[51f81800CRWS|-|0|0|p|150]: Sent STUN BINDING request, id=796c4c52356538375661397a, use_candidate=0, nomination=0
[032:630][115203] (connection.cc:1702): Conn[51f81800CRWI|-|0|0|p|150]: Received STUN BINDING response, id=796c4c52356538375661397a, code=0, rtt=133310 us, pings_since_last_response=796c4c52356538375661397a 
[032:650][115203] (connection.cc:957): Conn[452aa400CRWS|-|0|0|p|155]: Sent STUN BINDING response, to=103.63.112.x:34260, writable=1, id=794955656175364370385659
[032:997][115203] (connection.cc:1824): Conn[452aa400CRWS|-|0|0|p|155]: Sent STUN BINDING request, id=4563462b4a7a7a7949546b70, use_candidate=0, nomination=0
[033:132][115203] (connection.cc:1702): Conn[452aa400CRWI|-|0|0|p|155]: Received STUN BINDING response, id=4563462b4a7a7a7949546b70, code=0, rtt=134714 us, pings_since_last_response=4563462b4a7a7a7949546b70 
[033:174][115203] (connection.cc:957): Conn[15a78000CRWS|-|0|0|p|137]: Sent STUN BINDING response, to=160.250.77.x:35278, writable=1, id=5942355a476c4f456d336f39
[033:481][102403] (bitrate_prober.cc:130): Probe cluster (bitrate_bps:min bytes:min packets): (108800 bps:204:5, Inactive)
[033:497][115203] (connection.cc:1824): Conn[15a78000CRWS|-|0|0|p|137]: Sent STUN BINDING request, id=4842597a6b516b2f2f527174, use_candidate=0, nomination=0
[033:626][115203] (connection.cc:1702): Conn[15a78000CRWI|-|0|0|p|137]: Received STUN BINDING response, id=4842597a6b516b2f2f527174, code=0, rtt=129189 us, pings_since_last_response=4842597a6b516b2f2f527174 
[033:645][115203] (connection.cc:957): Conn[452ab000CRWS|-|0|0|p|133]: Sent STUN BINDING response, to=103.63.112.x:34260, writable=1, id=31566f6270724331574a7466
[033:687][102403] (probe_bitrate_estimator.cc:156): Probing unsuccessful, receive/send ratio too high [cluster id: 8] [send: 322 bytes / 18 ms = 143111 bps] [receive: 322 bytes / 1 ms = 2576 kbps ] [ratio: 2576 kbps / 143111 bps = 18 > kMaxValidRatio (2)]
[033:687][102403] (probe_bitrate_estimator.cc:156): Probing unsuccessful, receive/send ratio too high [cluster id: 8] [send: 424 bytes / 23 ms = 147478 bps] [receive: 445 bytes / 1 ms = 3560 kbps ] [ratio: 3560 kbps / 147478 bps = 24.1392 > kMaxValidRatio (2)]
[033:941][169731] (remote_ntp_time_estimator.cc:94): RTP timestamp: 3063769594 in NTP clock: 3999052217478 estimated time in receiver NTP clock: 3999052218110
[033:999][115203] (connection.cc:1824): Conn[452ab000CRWS|-|0|0|p|133]: Sent STUN BINDING request, id=2f715150755a345675477167, use_candidate=0, nomination=0
[034:116][115203] (connection.cc:1702): Conn[452ab000CRWI|-|0|0|p|133]: Received STUN BINDING response, id=2f715150755a345675477167, code=0, rtt=116737 us, pings_since_last_response=2f715150755a345675477167 
[034:152][115203] (connection.cc:957): Conn[3a2b8000CRWS|S|0|2|p|133]: Sent STUN BINDING response, to=103.63.112.x:34260, writable=1, id=54705878617646664c54714f
[034:501][115203] (connection.cc:1824): Conn[3a2b8000CRWS|S|0|2|p|133]: Sent STUN BINDING request, id=67696862736841775379334d, use_candidate=0, nomination=2
[034:626][115203] (connection.cc:1702): Conn[3a2b8000CRWI|S|0|2|p|133]: Received STUN BINDING response, id=67696862736841775379334d, code=0, rtt=124974 us, pings_since_last_response=67696862736841775379334d 
[034:674][115203] (connection.cc:957): Conn[15a7a400CRWS|-|0|0|p|157]: Sent STUN BINDING response, to=160.250.77.x:35278, writable=1, id=306856396438615947527944
[035:002][115203] (connection.cc:1824): Conn[15a7a400CRWS|-|0|0|p|157]: Sent STUN BINDING request, id=624b78744f54355570786737, use_candidate=0, nomination=0
[035:176][115203] (connection.cc:1702): Conn[15a7a400CRWI|-|0|0|p|157]: Received STUN BINDING response, id=624b78744f54355570786737, code=0, rtt=174483 us, pings_since_last_response=624b78744f54355570786737 
[035:177][115203] (connection.cc:957): Conn[520f4000CRWS|-|0|0|p|122]: Sent STUN BINDING response, to=160.250.77.x:35278, writable=1, id=446c454630504344726b624a
[035:504][115203] (connection.cc:1824): Conn[15893000CRWS|-|0|0|p|152]: Sent STUN BINDING request, id=536e4f6b54365044417a4232, use_candidate=0, nomination=0
[035:638][115203] (connection.cc:1702): Conn[15893000CRWI|-|0|0|p|152]: Received STUN BINDING response, id=536e4f6b54365044417a4232, code=0, rtt=134229 us, pings_since_last_response=536e4f6b54365044417a4232 
[035:674][115203] (connection.cc:957): Conn[15893000CRWS|-|0|0|p|147]: Sent STUN BINDING response, to=103.63.112.x:34260, writable=1, id=53643672455a43444451536d
[036:005][115203] (connection.cc:1824): Conn[520f4000CRWS|-|0|0|p|122]: Sent STUN BINDING request, id=534473744d47773650496e45, use_candidate=0, nomination=0
[036:024][102403] (bitrate_allocator.cc:500): Current BWE 139076
[036:112][115203] (connection.cc:1702): Conn[520f4000CRWI|-|0|0|p|122]: Received STUN BINDING response, id=534473744d47773650496e45, code=0, rtt=107221 us, pings_since_last_response=534473744d47773650496e45 
[036:186][115203] (connection.cc:957): Conn[51f81800CRWS|-|0|0|p|146]: Sent STUN BINDING response, to=160.250.77.x:35278, writable=1, id=3042556b30695a354a46337a
[036:507][115203] (connection.cc:1824): Conn[51f81800CRWS|-|0|0|p|146]: Sent STUN BINDING request, id=5873397945383947736c5376, use_candidate=0, nomination=0
[036:641][115203] (connection.cc:1702): Conn[51f81800CRWI|-|0|0|p|146]: Received STUN BINDING response, id=5873397945383947736c5376, code=0, rtt=134918 us, pings_since_last_response=5873397945383947736c5376 
[036:674][115203] (connection.cc:957): Conn[3a2b8000CRWS|S|0|2|p|131]: Sent STUN BINDING response, to=103.63.112.x:34260, writable=1, id=6844722b644370744c413178
[037:009][115203] (connection.cc:1824): Conn[3a2b8000CRWS|S|0|2|p|131]: Sent STUN BINDING request, id=4c326d44667a473033565954, use_candidate=0, nomination=2
[037:126][115203] (connection.cc:1702): Conn[3a2b8000CRWI|S|0|2|p|131]: Received STUN BINDING response, id=4c326d44667a473033565954, code=0, rtt=116726 us, pings_since_last_response=4c326d44667a473033565954 
[037:174][115203] (connection.cc:957): Conn[452aa400CRWS|-|0|0|p|150]: Sent STUN BINDING response, to=103.63.112.x:34260, writable=1, id=3358596d5a754a6248716c33
[037:510][115203] (connection.cc:1824): Conn[452aa400CRWS|-|0|0|p|150]: Sent STUN BINDING request, id=51562b4d76394f5657526456, use_candidate=0, nomination=0
[037:651][115203] (connection.cc:1702): Conn[452aa400CRWI|-|0|0|p|150]: Received STUN BINDING response, id=51562b4d76394f5657526456, code=0, rtt=140893 us, pings_since_last_response=51562b4d76394f5657526456 
[037:675][115203] (connection.cc:957): Conn[15a78000CRWS|-|0|0|p|135]: Sent STUN BINDING response, to=160.250.77.x:35278, writable=1, id=724573673858554b616f4e58
[038:012][115203] (connection.cc:1824): Conn[15a78000CRWS|-|0|0|p|135]: Sent STUN BINDING request, id=3658694c726b756a52704b6b, use_candidate=0, nomination=0
[038:024][136455] (audio_device_buffer.cc:471): [REC : 10251msec, 48kHz] callbacks: 1026, samples: 492480, rate: 48042, rate diff: 0%, level: 27677
[038:024][136455] (audio_device_buffer.cc:497): [PLAY: 10251msec, 48kHz] callbacks: 1026, samples: 492480, rate: 48042, rate diff: 0%, level: 9279
[038:132][115203] (connection.cc:1702): Conn[15a78000CRWI|-|0|0|p|135]: Received STUN BINDING response, id=3658694c726b756a52704b6b, code=0, rtt=119628 us, pings_since_last_response=3658694c726b756a52704b6b 
[038:174][115203] (connection.cc:957): Conn[452ab000CRWS|-|0|0|p|129]: Sent STUN BINDING response, to=103.63.112.x:34260, writable=1, id=677464325248347836795877
[038:507][102403] (bitrate_prober.cc:130): Probe cluster (bitrate_bps:min bytes:min packets): (108800 bps:204:5, Inactive)
[038:513][115203] (connection.cc:1824): Conn[452ab000CRWS|-|0|0|p|129]: Sent STUN BINDING request, id=6c4e6c693869716b36523732, use_candidate=0, nomination=0
[038:640][115203] (connection.cc:1702): Conn[452ab000CRWI|-|0|0|p|129]: Received STUN BINDING response, id=6c4e6c693869716b36523732, code=0, rtt=126772 us, pings_since_last_response=6c4e6c693869716b36523732 
[038:674][115203] (connection.cc:957): Conn[15a7a400CRWS|-|0|0|p|161]: Sent STUN BINDING response, to=160.250.77.x:35278, writable=1, id=3353544b4578335648656a46
[038:777][102403] (probe_bitrate_estimator.cc:191): Probing successful [cluster id: 9] [send: 353 bytes / 19 ms = 148631 bps ] [receive: 353 bytes / 21 ms = 134476 bps]
[038:777][102403] (probe_bitrate_estimator.cc:191): Probing successful [cluster id: 9] [send: 455 bytes / 24 ms = 151666 bps ] [receive: 506 bytes / 21 ms = 192761 bps]
[039:014][115203] (connection.cc:1824): Conn[15a7a400CRWS|-|0|0|p|161]: Sent STUN BINDING request, id=733756554b30497174376a59, use_candidate=0, nomination=0
[039:174][115203] (connection.cc:1702): Conn[15a7a400CRWI|-|0|0|p|161]: Received STUN BINDING response, id=733756554b30497174376a59, code=0, rtt=160320 us, pings_since_last_response=733756554b30497174376a59 
[039:177][115203] (connection.cc:957): Conn[3a2b8000CRWS|S|0|2|p|127]: Sent STUN BINDING response, to=103.63.112.x:34260, writable=1, id=3646384657326b62684a796e
[039:514][115203] (connection.cc:1824): Conn[3a2b8000CRWS|S|0|2|p|127]: Sent STUN BINDING request, id=414238367a4f737769686666, use_candidate=0, nomination=2
[039:640][115203] (connection.cc:1702): Conn[3a2b8000CRWI|S|0|2|p|127]: Received STUN BINDING response, id=414238367a4f737769686666, code=0, rtt=125289 us, pings_since_last_response=414238367a4f737769686666 
[039:674][115203] (connection.cc:957): Conn[520f4000CRWS|-|0|0|p|118]: Sent STUN BINDING response, to=160.250.77.x:35278, writable=1, id=4d47765546764730487a664f
[040:018][115203] (connection.cc:1824): Conn[15893000CRWS|-|0|0|p|147]: Sent STUN BINDING request, id=2f337a707375484d32652f6e, use_candidate=0, nomination=0
[040:174][115203] (connection.cc:1702): Conn[15893000CRWI|-|0|0|p|147]: Received STUN BINDING response, id=2f337a707375484d32652f6e, code=0, rtt=156753 us, pings_since_last_response=2f337a707375484d32652f6e 
[040:176][115203] (connection.cc:957): Conn[15893000CRWS|-|0|0|p|150]: Sent STUN BINDING response, to=103.63.112.x:34260, writable=1, id=79543276367738787455626e
[040:520][115203] (connection.cc:1824): Conn[520f4000CRWS|-|0|0|p|118]: Sent STUN BINDING request, id=75764858524666596b6a6163, use_candidate=0, nomination=0
[040:631][115203] (connection.cc:1702): Conn[520f4000CRWI|-|0|0|p|118]: Received STUN BINDING response, id=75764858524666596b6a6163, code=0, rtt=111873 us, pings_since_last_response=75764858524666596b6a6163 
[040:715][115203] (connection.cc:957): Conn[51f81800CRWS|-|0|0|p|143]: Sent STUN BINDING response, to=160.250.77.x:35278, writable=1, id=6b515a712b7a794556656657
[041:022][115203] (connection.cc:1824): Conn[51f81800CRWS|-|0|0|p|143]: Sent STUN BINDING request, id=524d532f4473473872765539, use_candidate=0, nomination=0
[041:174][115203] (connection.cc:1702): Conn[51f81800CRWI|-|0|0|p|143]: Received STUN BINDING response, id=524d532f4473473872765539, code=0, rtt=152368 us, pings_since_last_response=524d532f4473473872765539 
[041:174][115203] (connection.cc:957): Conn[452aa400CRWS|-|0|0|p|147]: Sent STUN BINDING response, to=103.63.112.x:34260, writable=1, id=33786b6d7374415975635875
[041:523][115203] (connection.cc:1824): Conn[452aa400CRWS|-|0|0|p|147]: Sent STUN BINDING request, id=7a775a796a7a47672b776a55, use_candidate=0, nomination=0
[041:675][115203] (connection.cc:1702): Conn[452aa400CRWI|-|0|0|p|147]: Received STUN BINDING response, id=7a775a796a7a47672b776a55, code=0, rtt=151535 us, pings_since_last_response=7a775a796a7a47672b776a55 
[041:678][115203] (connection.cc:957): Conn[3a2b8000CRWS|S|0|2|p|127]: Sent STUN BINDING response, to=103.63.112.x:34260, writable=1, id=41773573344b3337762b6c38
[042:025][115203] (connection.cc:1824): Conn[3a2b8000CRWS|S|0|2|p|127]: Sent STUN BINDING request, id=4d377849326271764153484d, use_candidate=0, nomination=2
[042:077][102659] (peer_connection.cc:1945): PeerConnection close: 6845270572449701895
[042:078][102659] (sdp_offer_answer.cc:3264): Session: 6845270572449701895 Old state: stable New state: closed
[042:078][102403] (webrtc_voice_engine.cc:2532): WRVMC::SetOutputVolume({ssrc=1492506366}, {volume=0.00})
[042:078][102403] (webrtc_voice_engine.cc:2542): WRVMC::SetOutputVolume => (stream with SSRC 1492506366 now uses volume 0.00)
[042:078][115203] (peer_connection.cc:2785): Tearing down data channel transport for mid=1
[042:078][115203] (openssl_adapter.cc:811): SSL negotiation finished successfully
[042:078][115203] (connection.cc:1027): Conn[452ab000CRWS|-|0|0|p|128]: Connection destroy
[042:078][115203] (connection.cc:1027): Conn[452aa400CRWS|-|0|0|p|148]: Connection destroy
[042:078][115203] (connection.cc:1027): Conn[15893000CRWS|-|0|0|p|150]: Connection destroy
[042:078][115203] (connection.cc:1027): Conn[3a2b8000CRWI|S|0|2|p|127]: Connection destroy
[042:078][115203] (connection.cc:1027): Conn[15a7a400CRWS|-|0|0|p|161]: Connection destroy
[042:078][115203] (connection.cc:1027): Conn[15a78000CRWS|-|0|0|p|131]: Connection destroy
[042:078][115203] (connection.cc:1027): Conn[520f4000CRWS|-|0|0|p|117]: Connection destroy
[042:078][115203] (connection.cc:1027): Conn[51f81800CRWS|-|0|0|p|145]: Connection destroy
[042:078][115203] (basic_port_allocator.cc:1460): [52f0f1e0]Net[en0:172.20.10.x/28:Wifi:id=1] Clear
[042:078][115203] (basic_port_allocator.cc:1460): [52f0e220]Net[en0:2402:9d80:43b:x:x:x:x:x/64:Wifi:id=2] Clear
[042:079][115203] (turn_port.cc:1947): TurnPort(Port[50cbd900:0:1:0:relay:Net[en0:172.20.10.x/28:Wifi:id=1]]-Remote[171.226.10.227:3478/udp]: TURN refresh request sent, id=5961594138424a78786b654d with lifetime = 0
[042:079][115203] (turn_port.cc:1262): TurnPort(Port[50cbd900:0:1:0:relay:Net[en0:172.20.10.x/28:Wifi:id=1]]-Remote[171.226.10.227:3478/udp]: TurnPort::Release
[042:079][115203] (turn_port.cc:1947): TurnPort(Port[50cbe300:0:1:0:relay:Net[en0:172.20.10.x/28:Wifi:id=1]]-Remote[203.171.26.154:3478/udp]: TURN refresh request sent, id=44396b6c447849344f352f46 with lifetime = 0
[042:079][115203] (turn_port.cc:1262): TurnPort(Port[50cbe300:0:1:0:relay:Net[en0:172.20.10.x/28:Wifi:id=1]]-Remote[203.171.26.154:3478/udp]: TurnPort::Release
[042:079][115203] (turn_port.cc:1947): TurnPort(Port[50cbed00:0:1:0:relay:Net[en0:172.20.10.x/28:Wifi:id=1]]-Remote[116.103.111.245:3478/udp]: TURN refresh request sent, id=57516e2f432f527a5673786c with lifetime = 0
[042:079][115203] (turn_port.cc:1262): TurnPort(Port[50cbed00:0:1:0:relay:Net[en0:172.20.10.x/28:Wifi:id=1]]-Remote[116.103.111.245:3478/udp]: TurnPort::Release
[042:079][115203] (turn_port.cc:1947): TurnPort(Port[50cbf200:0:1:0:relay:Net[en0:172.20.10.x/28:Wifi:id=1]]-Remote[14.238.152.70:3478/udp]: TURN refresh request sent, id=443567537a496e70312f4143 with lifetime = 0
[042:079][115203] (turn_port.cc:1262): TurnPort(Port[50cbf200:0:1:0:relay:Net[en0:172.20.10.x/28:Wifi:id=1]]-Remote[14.238.152.70:3478/udp]: TurnPort::Release
[042:079][102403] (channel.cc:646): Channel disabled: {mid: 0, media_type: audio}
[042:079][102403] (audio_receive_stream.cc:205): AudioReceiveStreamImpl::Stop: 1492506366
[042:079][102403] (audio_device_ios.mm:268): AudioDeviceIOS::StopPlayout
[042:079][102403] (RTCLogging.mm:34): (audio_device_ios.mm:292 StopPlayout): Average number of playout callbacks between glitches: 100000
[042:079][102403] (audio_device_buffer.cc:170): total playout time: 34949
[042:079][102403] (audio_send_stream.cc:388): AudioSendStream::Stop: 4137428890
[042:079][102403] (bitrate_allocator.cc:727): UpdateAllocationLimits : total_requested_min_bitrate: 0 bps, total_requested_padding_bitrate: 0 bps, total_requested_max_bitrate: 0 bps
[042:079][102403] (audio_device_ios.mm:330): AudioDeviceIOS::StopRecording
[042:079][102403] (audio_device_ios.mm:1027): AudioDeviceIOS::ShutdownPlayOrRecord
[042:079][102403] (RTCLogging.mm:34): (voice_processing_audio_unit.mm:400 Stop): Stopping audio unit.
[042:128][102403] (RTCLogging.mm:34): (voice_processing_audio_unit.mm:407 Stop): Stopped audio unit
[042:128][102403] (RTCLogging.mm:34): (voice_processing_audio_unit.mm:416 Uninitialize): Unintializing audio unit.
[042:153][102403] (RTCLogging.mm:34): (voice_processing_audio_unit.mm:423 Uninitialize): Uninitialized audio unit.
[042:153][102403] (RTCLogging.mm:34): (voice_processing_audio_unit.mm:561 DisposeAudioUnit): Disposing audio unit.
[042:321][102403] (RTCLogging.mm:34): (RTCAudioSession.mm:242 -[RTCAudioSession removeDelegate:]): Removing delegate: (0x13146ac60)
[042:321][102403] (RTCLogging.mm:34): (audio_device_ios.mm:964 UnconfigureAudioSession): Unconfiguring audio session.
[042:321][102403] (RTCLogging.mm:34): (RTCAudioSession.mm:804 -[RTCAudioSession unconfigureWebRTCSession:]): Unconfiguring audio session for WebRTC.
[042:321][102403] (RTCLogging.mm:34): (RTCAudioSession.mm:685 -[RTCAudioSession decrementActivationCount]): Decrementing activation count.
[042:321][102403] (RTCLogging.mm:34): (RTCAudioSession.mm:419 -[RTCAudioSession setActive:error:]): Number of current activations: 2
[042:321][102403] (RTCLogging.mm:34): (audio_device_ios.mm:976 UnconfigureAudioSession): Unconfigured audio session.
[042:321][102403] (audio_device_buffer.cc:200): HISTOGRAM(WebRTC.Audio.RecordedOnlyZeros): 0
[042:321][102403] (audio_device_buffer.cc:203): total recording time: 34547
[042:321][102403] (channel.cc:916): Changing voice state, recv=0 send=0 for {mid: 0, media_type: audio}
[042:321][102403] (webrtc_voice_engine.cc:2480): RemoveRecvStream: 1492506366
[042:321][102403] (audio_receive_stream.cc:146): ~AudioReceiveStreamImpl: 1492506366
[042:321][102403] (webrtc_voice_engine.cc:1651): RemoveSendStream: 4137428890
[042:321][102403] (call.cc:1215): UpdateAggregateNetworkState: aggregate_state change to down
[042:321][102403] (pacing_controller.cc:114): PacedSender paused.
[042:321][102403] (control_handler.cc:65): Bitrate estimate state changed, BWE: 151666 bps.
[042:321][102403] (audio_send_stream.cc:185): ~AudioSendStream: 4137428890
[042:322][259] (RTCLogging.mm:34): (RTCAudioSession.mm:557 -[RTCAudioSession handleRouteChangeNotification:]): Audio route changed:
[042:322][259] (RTCLogging.mm:34): (RTCAudioSession.mm:573 -[RTCAudioSession handleRouteChangeNotification:]): Audio route changed: Override
[042:322][259] (RTCLogging.mm:34): (RTCAudioSession.mm:590 -[RTCAudioSession handleRouteChangeNotification:]): Previous route: <AVAudioSessionRouteDescription: 0x1505260b0, 
inputs = (
    "<AVAudioSessionPortDescription: 0x150527430, type = MicrophoneBuiltIn; name = Micr\U00f4 c\U1ee7a iPhone; UID = Built-In Microphone; selectedDataSource = (null)>"
); 
outputs = (
    "<AVAudioSessionPortDescription: 0x150526fc0, type = Speaker; name = Loa ngo\U00e0i; UID = Speaker; selectedDataSource = (null)>"
)>
Current route:<AVAudioSessionRouteDescription: 0x1505243d0, 
inputs = (
    "<AVAudioSessionPortDescription: 0x150525e80, type = MicrophoneBuiltIn; name = Micr\U00f4 c\U1ee7a iPhone; UID = Built-In Microphone; selectedDataSource = D\U01b0\U1edbi c\U00f9ng>"
); 
outputs = (
    "<AVAudioSessionPortDescription: 0x150525e50, type = Speaker; name = Loa ngo\U00e0i; UID = Speaker; selectedDataSource = (null)>"
)>
[042:324][102403] (call.cc:586): WebRTC.Call.AudioBitrateReceivedInBps, periodic_samples:16, {min:25992, avg:30960, max:38544}
[042:324][102403] (call.cc:594): WebRTC.Call.RtcpBitrateReceivedInBps, periodic_samples:16, {min:2576, avg:3368, max:4432}
[042:324][102403] (call.cc:602): WebRTC.Call.BitrateReceivedInBps, periodic_samples:16, {min:29864, avg:34328, max:41456}
